"Table 3: Provisional1 figures on deaths registered2 in Scotland by location and area of usual residence, 2020 up to 2nd August (week 31)",,,,,,,,,,,,,
,,,,,,,,,,,,,
,Deaths where COVID-19 was mentioned on the death certificate,,,,,,Deaths from all causes,,,,,,
,"Care
Home",Home / Non-institution,Hospital,"Other
institution3",All locations,,"Care
Home",Home / Non-institution,Hospital,"Other
institution3",All locations,,
,,,,,,,,,,,,,
,,,,,,,,,,,,,
,,,,,,,,,,,,,
All areas,"1,954",294,"1,953",7,"4,208",,"10,305","12,453","16,500",148,"39,406",,
,,,,,,,,,,,,,
Deaths by NHS Board of usual residence 4,,,,,,,,,,,,,
,,,,,,,,,,,,,
Ayrshire and Arran,133,20,141,0,294,,762,946,"1,439",4,"3,151",,
Borders,13,7,54,0,74,,157,248,419,69,893,,
Dumfries and Galloway,9,1,37,0,47,,236,418,591,0,"1,245",,
Fife,75,18,110,0,203,,603,827,"1,135",1,"2,566",,
Forth Valley,122,24,95,0,241,,630,717,870,7,"2,224",,
Grampian,121,28,111,0,260,,909,"1,175","1,585",3,"3,672",,
Greater Glasgow and Clyde,617,65,649,5,"1,336",,"2,549","2,778","3,603",19,"8,949",,
Highland,39,15,61,0,115,,569,863,933,0,"2,365",,
Lanarkshire,238,51,295,2,586,,"1,213","1,679","2,114",21,"5,027",,
Lothian,425,38,265,0,728,,"1,645","1,608","2,268",1,"5,522",,
Orkney,0,0,2,0,2,,20,86,36,0,142,,
Shetland,5,0,2,0,7,,54,38,40,0,132,,
Tayside,157,27,131,0,315,,878,"1,005","1,394",23,"3,300",,
Western Isles,0,0,0,0,0,,80,65,73,0,218,,
,,,,,,,,,,,,,
Deaths by Council Area of usual residence4,,,,,,,,,,,,,
,,,,,,,,,,,,,
Aberdeen City,61,7,55,0,123,,336,398,655,1,"1,390",,
Aberdeenshire,58,15,44,0,117,,444,518,671,2,"1,635",,
Angus,51,5,20,0,76,,250,296,362,0,908,,
Argyll and Bute,23,8,33,0,64,,144,293,288,0,725,,
City of Edinburgh,251,18,159,0,428,,997,844,"1,187",0,"3,028",,
Clackmannanshire,35,1,12,0,48,,133,108,146,3,390,,
Dumfries and Galloway,9,1,37,0,47,,236,418,591,0,"1,245",,
Dundee City,85,16,68,0,169,,292,390,558,1,"1,241",,
East Ayrshire,34,5,36,0,75,,198,330,440,3,971,,
East Dunbartonshire,93,4,41,0,138,,284,224,302,0,810,,
East Lothian,54,4,24,0,82,,213,210,306,0,729,,
East Renfrewshire,48,5,48,0,101,,201,177,261,1,640,,
Falkirk,68,15,55,0,138,,329,403,503,1,"1,236",,
Fife,75,18,110,0,203,,603,827,"1,135",1,"2,566",,
Glasgow City,279,29,335,5,648,,"1,202","1,432","1,812",13,"4,459",,
Highland,16,7,28,0,51,,425,570,645,0,"1,640",,
Inverclyde,39,13,67,0,119,,227,249,351,0,827,,
Midlothian,75,5,38,0,118,,192,169,267,0,628,,
Moray,2,6,12,0,20,,129,259,259,0,647,,
Na h-Eileanan Siar,0,0,0,0,0,,80,65,73,0,218,,
North Ayrshire,48,10,49,0,107,,266,354,535,1,"1,156",,
North Lanarkshire,95,22,152,1,270,,517,881,"1,105",12,"2,515",,
Orkney Islands,0,0,2,0,2,,20,86,36,0,142,,
Perth and Kinross,21,6,43,0,70,,336,319,474,22,"1,151",,
Renfrewshire,99,9,98,0,206,,445,412,583,5,"1,445",,
Scottish Borders,13,7,54,0,74,,157,248,419,69,893,,
Shetland Islands,5,0,2,0,7,,54,38,40,0,132,,
South Ayrshire,51,5,56,0,112,,298,262,464,0,"1,024",,
South Lanarkshire,143,29,143,1,316,,696,798,"1,009",9,"2,512",,
Stirling,19,8,28,0,55,,168,206,221,3,598,,
West Dunbartonshire,59,5,60,0,124,,190,284,294,0,768,,
West Lothian,45,11,44,0,100,,243,385,508,1,1137,,
,,,,,,,,,,,,,
,,,,,,,,,,,,,
Footnotes,,,,,,,,,,,,,
1) Figures are provisional and subject to change.,,,,,,,,,,,,,
"2) Figures are based on date of registration.  In Scotland deaths must be registered within 8 days although in practice, the average time between death and registration is around 3 days. More information on days between occurrence and registration can be found on the NRS website.",,,,,,,,,,,,,
,,,,,,,,,,,,,
"3) Other institutions include clinics, medical centres, prisons and schools.",,,,,,,,,,,,,
"4) Figures include non-residents.  Deaths are allocated to area based on the usual residence of the deceased.  If the deceased was not a Scottish resident, the death is allocated to the area where the death occurred.",,,,,,,,,,,,,
,,,,,,,,,,,,,
Source: National Records of Scotland.,,,,,,,,,,,,,
,,,,,,,,,,,,,
� Crown Copyright 2020,,,,,,,,,,,,,
