"Figure 6: Excess Deaths  by underlying cause of death1 and location, week 12 to 31, 2020",,,,,,,,,,,,
,,,,,,,,,,,,
Location of death,Hospital,Care Home,Home/ Non-institution,Other institution,,,,,,,,
,,,,,,,,,,,,
Registered deaths: five year average,,,,,,,,,,,,
,,,,,,,,,,,,
Cancer,"2,804","1,327","1,870",39,,,,,,,,
Dementia / Alzheimer's,456,"1,450",187,16,,,,,,,,
Circulatory,"2,859",938,"1,709",13,,,,,,,,
Respiratory,"1,535",393,462,3,,,,,,,,
Other,"2,704",676,"1,488",16,,,,,,,,
All,"10,356","4,784","5,717",87,,,,,,,,
Registered deaths: 2020,,,,,,,,,,,,
,,,,,,,,,,,,
Cancer,"2,091","1,121","2,920",19,,,,,,,,
Dementia / Alzheimer's,293,"1,805",377,18,,,,,,,,
Circulatory,"2,325","1,037","2,357",18,,,,,,,,
Respiratory,997,376,561,5,,,,,,,,
COVID-19,"1,782","1,875",241,7,,,,,,,,
Other,"2,471",919,"2,186",24,,,,,,,,
All,"9,959","7,133","8,642",91,,,,,,,,
Difference,,,,,,,,,,,,
,,,,,,,,,,,,
Cancer,-713,-206,"1,050",-20,,,,,,,,
Dementia / Alzheimer's,-163,355,190,2,,,,,,,,
Circulatory,-534,99,648,5,,,,,,,,
Respiratory,-538,-17,99,2,,,,,,,,
COVID-19,"1,782","1,875",241,7,,,,,,,,
Other,-233,243,698,8,,,,,,,,
All,-397,"2,349","2,925",4,,,,,,,,
,,,,,,,,,,,,
Footnote,,,,,,,,,,,,
1) The ICD 10 codes for disease categories are as follows:,,,,,,,,,,,,
Cancer: C00-C97,,,,,,,,,,,,
"Dementia and Alzheimer's: F01, F03 and G30",,,,,,,,,,,,
Circulatory: I00:I99,,,,,,,,,,,,
Respiratory: J00-J99,,,,,,,,,,,,
COVID-19: U07,,,,,,,,,,,,
,,,,,,,,,,,,
� Crown Copyright 2020,,,,,,,,,,,,
