"Figure 3a: COVID-19 deaths registered between weeks 1 and 17, 2020 by age group, Scotland",,,,,,,,,,,,,
"Figure 3b: All deaths registered between weeks 1 and 17, 2020 by age group, Scotland",,,,,,,,,,,,,
,Total deaths to date,,Covid deaths to date,,,,,,,,,,
,,Proportions,,Proportions,,,,,,,,,
Under 1 year,55,0%,0,0%,,,,,,,,,
01-14,28,0%,0,0%,,,,,,,,,
15-44,743,3%,17,1%,,,,,,,,,
45-64,"3,144",14%,206,9%,,,,,,,,,
65-74,"4,189",18%,361,16%,,,,,,,,,
75-84,"7,013",30%,810,36%,,,,,,,,,
85+,"8,109",35%,878,39%,,,,,,,,,
,,,,,,,,,,,,,
� Crown Copyright 2020,,,,,,,,,,,,,
