"Figure 3a: COVID-19 deaths registered between weeks 1 and 20, 2020 by age group, Scotland",,,,,,,,,,,,,
"Figure 3b: All deaths registered between weeks 1 and 20, 2020 by age group, Scotland",,,,,,,,,,,,,
,,,,,,,,,,,,,
,Total deaths to date,Proportions,Covid deaths to date,Proportions,,,,,,,,,
Under 1 year,62,0%,0,0%,,,,,,,,,
01-14,33,0%,0,0%,,,,,,,,,
15-44,891,3%,23,1%,,,,,,,,,
45-64,"3,743",13%,304,9%,,,,,,,,,
65-74,"4,933",18%,533,15%,,,,,,,,,
75-84,"8,367",30%,"1,191",34%,,,,,,,,,
85+,"9,801",35%,"1,495",42%,,,,,,,,,
,,,,,,,,,,,,,
� Crown Copyright 2020,,,,,,,,,,,,,
