Figure S2: Leading causes of death in March to May 2020,,,,,,,,,,
,,,,,,,,,,
Month,Rank,Cause,ICD codes,Deaths1,Percentage of all deaths,,,,,
,,,,,,,,,,
March,1,Dementia and Alzheimer's Disease,"F01, F03, G30                                                                        ",656,11.6%,,,,,
,,,,,,,,,,
,2,Ischaemic heart diseases,I20-I25                                                                              ,595,10.5%,,,,,
,3,Cerebrovascular disease,I60-I69                                                                              ,379,6.7%,,,,,
,4,"Malignant neoplasm of trachea, bronchus and lung",C33-C34                                                                              ,365,6.5%,,,,,
,,,,,,,,,,
,5,Chronic lower respiratory diseases,J40-J47                                                                              ,274,4.9%,,,,,
,,,,,,,,,,
April,1,COVID-19,U07                                                                                  ,2408,31.3%,,,,,
,2,Dementia and Alzheimer's Disease,"F01, F03, G30                                                                        ",785,10.2%,,,,,
,,,,,,,,,,
,3,Ischaemic heart diseases,I20-I25                                                                              ,577,7.5%,,,,,
,4,Cerebrovascular disease,I60-I69                                                                              ,374,4.9%,,,,,
,5,"Malignant neoplasm of trachea, bronchus and lung",C33-C34                                                                              ,327,4.3%,,,,,
,,,,,,,,,,
May,1,COVID-19,U07,1060,18.5%,,,,,
,2,Ischaemic heart diseases,I20-I25,542,9.5%,,,,,
,,Dementia and Alzheimer's Disease,"F01, F03, G30",498,8.7%,,,,,
,3,,,,,,,,,
,4,Cerebrovascular disease,I60-I69,318,5.6%,,,,,
,5,"Malignant neoplasm of trachea, bronchus and lung",C33-C34,284,5.0%,,,,,
,,,,,,,,,,
,,,,,,,,,,
Footnote:,,,,,,,,,,
1) Numbers are provisional and subject to future revisions,,,,,,,,,,
,,,,,,,,,,
� Crown Copyright 2020,,,,,,,,,,
,,,,,,,,,,
,,,,,,,,,,
,,,,,,,,,,
5,"Malignant neoplasm of trachea, bronchus and lung",284,,,,,,,,
4,Cerebrovascular disease,318,,,,,,,,
3,0,0,,,,,,,,
2,Ischaemic heart diseases,542,,,,,,,,
1,COVID-19,1060,,,,,,,,
,,,,,,,,,,
5,"Malignant neoplasm of trachea, bronchus and lung",327,,,,,,,,
4,Cerebrovascular disease,374,,,,,,,,
3,Ischaemic heart diseases,577,,,,,,,,
2,Dementia and Alzheimer's Disease,785,,,,,,,,
1,COVID-19,2408,,,,,,,,
,,,,,,,,,,
5,Chronic lower respiratory diseases,274,,,,,,,,
4,"Malignant neoplasm of trachea, bronchus and lung",365,,,,,,,,
3,Cerebrovascular disease,379,,,,,,,,
2,Ischaemic heart diseases,595,,,,,,,,
1,#N/A,#N/A,,,,,,,,
