Figure S3: Pre-existing medical conditions in deaths involving COVID-19,,,,,,,
,,,,,,,
Month,Pre-existing condition,Number of COVID-19 deaths,Proportion of all COVID-19 deaths,,,,
,,,,,,,
March,none,25,8%,,,,
,Diabetes,20,7%,,,,
,Influenza and pneumonia,21,7%,,,,
,Dementia and Alzheimer's Disease,30,10%,,,,
,Ischaemic heart diseases,50,17%,,,,
,Chronic lower respiratory diseases,53,18%,,,,
,Total Deaths,296,,,,,
April,none,215,9%,,,,
,Diseases of the urinary system,108,4%,,,,
,Cerebrovascular disease,152,6%,,,,
,Chronic lower respiratory diseases,279,11%,,,,
,Ischaemic heart diseases,315,13%,,,,
,Dementia and Alzheimer's Disease,782,31%,,,,
,Total Deaths," 2,502 ",,,,,
May,none,90,8%,,,,
,"Symptoms, signs and ill-defined conditions",55,5%,,,,
,Cerebrovascular disease,66,6%,,,,
,Chronic lower respiratory diseases,89,8%,,,,
,Ischaemic heart diseases,131,11%,,,,
,Dementia and Alzheimer's Disease,440,38%,,,,
,Total Deaths," 1,172 ",,,,,
,,,,,,,
Note:,,,,,,,
Further information on pre-existing conditions can be found on page 17 of the publication.,,,,,,,
,,,,,,,
� Crown Copyright 2020,,,,,,,
,,,,,,,
,,,,,,,
,,,,,,,
,,,,,,,
,,,,,,,
,,,,,,,
,,,,,,,
,,,,,,,
,,,,,,,
