"Table 3: Provisional1 figures on deaths registered2 in Scotland by location and area of usual residence, 2020 up to 7th June (week 23)",,,,,,,,,,,,,
,,,,,,,,,,,,,
,Deaths where COVID-19 was mentioned on the death certificate,,,,,,Deaths from all causes,,,,,,
,"Care
Home",Home / Non-institution,Hospital,"Other
institution3",All locations,,"Care
Home",Home / Non-institution,Hospital,"Other
institution3",All locations,,
,,,,,,,,,,,,,
,,,,,,,,,,,,,
,,,,,,,,,,,,,
All areas,"1,861",278,"1,854",7,"4,000",,"8,588","9,392","13,224",108,"31,312",,
,,,,,,,,,,,,,
Deaths by NHS Board of usual residence 4,,,,,,,,,,,,,
,,,,,,,,,,,,,
Ayrshire and Arran,126,20,136,0,282,,624,723,"1,133",3,"2,483",,
Borders,9,7,52,0,68,,115,183,337,49,684,,
Dumfries and Galloway,9,1,37,0,47,,190,301,464,0,955,,
Fife,72,16,104,0,192,,491,611,906,0,"2,008",,
Forth Valley,113,24,86,0,223,,517,537,705,4,"1,763",,
Grampian,114,26,105,0,245,,756,858,"1,273",2,"2,889",,
Greater Glasgow and Clyde,595,59,624,5,"1,283",,"2,162","2,096","2,924",18,"7,200",,
Highland,37,15,61,0,113,,460,657,744,0,"1,861",,
Lanarkshire,225,49,276,2,552,,"1,015","1,293","1,685",13,"4,006",,
Lothian,409,35,244,0,688,,"1,431","1,204","1,827",0,"4,462",,
Orkney,0,0,2,0,2,,15,74,25,0,114,,
Shetland,5,0,2,0,7,,47,27,29,0,103,,
Tayside,147,26,125,0,298,,708,780,"1,111",19,"2,618",,
Western Isles,0,0,0,0,0,,57,48,61,0,166,,
,,,,,,,,,,,,,
Deaths by Council Area of usual residence4,,,,,,,,,,,,,
,,,,,,,,,,,,,
Aberdeen City,56,6,53,0,115,,286,294,522,0,"1,102",,
Aberdeenshire,56,14,41,0,111,,373,384,536,2,"1,295",,
Angus,47,6,19,0,72,,200,236,277,0,713,,
Argyll and Bute,23,8,33,0,64,,122,230,231,0,583,,
City of Edinburgh,244,16,147,0,407,,876,648,965,0,"2,489",,
Clackmannanshire,33,1,9,0,43,,114,87,117,2,320,,
Dumfries and Galloway,9,1,37,0,47,,190,301,464,0,955,,
Dundee City,80,15,65,0,160,,244,295,448,0,987,,
East Ayrshire,31,5,36,0,72,,161,255,350,2,768,,
East Dunbartonshire,92,4,38,0,134,,252,170,242,0,664,,
East Lothian,53,4,21,0,78,,180,150,249,0,579,,
East Renfrewshire,47,4,47,0,98,,168,133,205,1,507,,
Falkirk,61,15,50,0,126,,273,301,407,0,981,,
Fife,72,16,104,0,192,,491,611,906,0,"2,008",,
Glasgow City,264,25,326,5,620,,"1,012","1,061","1,493",12,"3,578",,
Highland,14,7,28,0,49,,338,427,513,0,"1,278",,
Inverclyde,38,12,62,0,112,,192,194,283,0,669,,
Midlothian,75,5,36,0,116,,173,121,211,0,505,,
Moray,2,6,11,0,19,,97,180,215,0,492,,
Na h-Eileanan Siar,0,0,0,0,0,,57,48,61,0,166,,
North Ayrshire,46,10,48,0,104,,224,267,421,1,913,,
North Lanarkshire,91,20,145,1,257,,442,675,873,9,"1,999",,
Orkney Islands,0,0,2,0,2,,15,74,25,0,114,,
Perth and Kinross,20,5,41,0,66,,264,249,386,19,918,,
Renfrewshire,96,9,93,0,198,,379,322,463,5,"1,169",,
Scottish Borders,9,7,52,0,68,,115,183,337,49,684,,
Shetland Islands,5,0,2,0,7,,47,27,29,0,103,,
South Ayrshire,49,5,52,0,106,,239,201,362,0,802,,
South Lanarkshire,134,29,131,1,295,,573,618,812,4,"2,007",,
Stirling,19,8,27,0,54,,130,149,181,2,462,,
West Dunbartonshire,58,5,58,0,121,,159,216,238,0,613,,
West Lothian,37,10,40,0,87,,202,285,402,0,889,,
,,,,,,,,,,,,,
,,,,,,,,,,,,,
Footnotes,,,,,,,,,,,,,
1) Figures are provisional and subject to change.,,,,,,,,,,,,,
"2) Figures are based on date of registration.  In Scotland deaths must be registered within 8 days although in practice, the average time between death and registration is around 3 days. More information on days between occurrence and registration can be found on the NRS website.",,,,,,,,,,,,,
,,,,,,,,,,,,,
"3) Other institutions include clinics, medical centres, prisons and schools.",,,,,,,,,,,,,
"4) Figures include non-residents.  Deaths are allocated to area based on the usual residence of the deceased.  If the deceased was not a Scottish resident, the death is allocated to the area where the death occurred.",,,,,,,,,,,,,
,,,,,,,,,,,,,
Source: National Records of Scotland.,,,,,,,,,,,,,
,,,,,,,,,,,,,
� Crown Copyright 2020,,,,,,,,,,,,,
