"Figure 3a: COVID-19 deaths registered between weeks 1 and 23, 2020 by age group, Scotland",,,,,,,,,,,,,
"Figure 3b: All deaths registered between weeks 1 and 23, 2020 by age group, Scotland",,,,,,,,,,,,,
,,,,,,,,,,,,,
,Total deaths to date,Proportions,Covid deaths to date,Proportions,,,,,,,,,
Under 1 year,72,0%,0,0%,,,,,,,,,
01-14,38,0%,0,0%,,,,,,,,,
15-44,"1,035",3%,26,1%,,,,,,,,,
45-64,"4,245",14%,334,8%,,,,,,,,,
65-74,"5,557",18%,583,15%,,,,,,,,,
75-84,"9,379",30%,"1,332",33%,,,,,,,,,
85+,"10,986",35%,"1,725",43%,,,,,,,,,
,,,,,,,,,,,,,
� Crown Copyright 2020,,,,,,,,,,,,,
