"Figure 4: COVID-19 deaths registered between weeks 1 and 23 of 2020,  by health board of residence, Scotland",,,,,,,,,,,,,
,,,,,,,,,,,,,
,Total deaths to date,COVID-19 deaths to date,Population (2019),"COVID-19 death rate per 10,000 popualtion",,,,,,,,,
,,,,,,,,,,,,,
Ayrshire and Arran," 2,483 ",282,"369,360",7.6,,,,,,,,,
Borders, 684 ,68,"115,510",5.9,,,,,,,,,
Dumfries and Galloway, 955 ,47,"148,860",3.2,,,,,,,,,
Fife," 2,008 ",192,"373,550",5.1,,,,,,,,,
Forth Valley," 1,763 ",223,"306,640",7.3,,,,,,,,,
Grampian," 2,889 ",245,"585,700",4.2,,,,,,,,,
Greater Glasgow and Clyde," 7,200 ","1,283","1,183,120",10.8,,,,,,,,,
Highland," 1,861 ",113,"321,700",3.5,,,,,,,,,
Lanarkshire," 4,006 ",552,"661,900",8.3,,,,,,,,,
Lothian," 4,462 ",688,"907,580",7.6,,,,,,,,,
Orkney, 114 ,2,"22,270",0.9,,,,,,,,,
Shetland, 103 ,7,"22,920",3.1,,,,,,,,,
Tayside," 2,618 ",298,"417,470",7.1,,,,,,,,,
Western Isles, 166 ,0,"26,720",0.0,,,,,,,,,
,,,,,,,,,,,,,
� Crown Copyright 2020,,,,,,,,,,,,,
