"Figure 4: Excess Deaths  by underlying cause of death1 and location, week 12 to most recent, 2020",,,,,,,,,,,,,
,,,,,,,,,,,,,
Location of death,Hospital,Care Home,Home/ Non-institution,Other institution,,,,,,,,,
,,,,,,,,,,,,,
Registered deaths: five year average,,,,,,,,,,,,,
,,,,,,,,,,,,,
Cancer,"4,277","2,011","2,795",59,,,,,,,,,
Dementia / Alzheimer's,677,"2,152",281,24,,,,,,,,,
Circulatory,"4,209","1,379","2,517",19,,,,,,,,,
Respiratory,"2,196",566,666,5,,,,,,,,,
Other,"3,995","1,008","2,218",25,,,,,,,,,
All,"15,359","7,124","8,478",132,,,,,,,,,
Registered deaths: 2020,,,,,,,,,,,,,
,,,,,,,,,,,,,
Cancer,"3,293","1,711","4,182",43,,,,,,,,,
Dementia / Alzheimer's,487,"2,449",521,27,,,,,,,,,
Circulatory,"3,547","1,452","3,370",27,,,,,,,,,
Respiratory,"1,488",509,777,10,,,,,,,,,
COVID-19,"1,827","1,898",243,8,,,,,,,,,
Other,"3,758","1,289","3,153",36,,,,,,,,,
All,"14,400","9,308","12,246",151,,,,,,,,,
Difference,,,,,,,,,,,,,
,,,,,,,,,,,,,
Cancer,-984,-300,"1,387",-16,,,,,,,,,
Dementia / Alzheimer's,-190,297,240,3,,,,,,,,,
Circulatory,-662,73,853,8,,,,,,,,,
Respiratory,-708,-57,111,5,,,,,,,,,
COVID-19,"1,827","1,898",243,8,,,,,,,,,
Other,-237,281,935,11,,,,,,,,,
All,-959,"2,184","3,768",19,,,,,,,,,
,,,,,,,,,,,,,
Footnote,,,,,,,,,,,,,
1) The ICD 10 codes for disease categories are as follows:,,,,,,,,,,,,,
Cancer: C00-C97,,,,,,,,,,,,,
"Dementia and Alzheimer's: F01, F03 and G30",,,,,,,,,,,,,
Circulatory: I00:I99,,,,,,,,,,,,,
Respiratory: J00-J99,,,,,,,,,,,,,
COVID-19: U07,,,,,,,,,,,,,
,,,,,,,,,,,,,
� Crown Copyright 2020,,,,,,,,,,,,,
