"Table 4: Age standardised rates of deaths involving COVID-19 between 1st March 2020 and 30th September 20201,2,3,4,5",,,,,,,,,,,,,,,,,,,,,,,,,,,,,,,,,
,,,,,,,,,,,,,,,,,,,,,,,,,,,,,,,,,
,,March 2020,,,,April 2020,,,,May 2020,,,,June 2020,,,,July 2020,,,,August 2020,,,,September 2020,,,,Combined March-Sept 2020,,,
,,,,,,,,,,,,,,,,,,,,,,,,,,,,,,,,,
,,age standardised rate,lower confidence interval,upper confidence interval,Number of deaths,age standardised rate,lower confidence interval,upper confidence interval,Number of deaths,age standardised rate,lower confidence interval,upper confidence interval,Number of deaths,age standardised rate,lower confidence interval,upper confidence interval,Number of deaths,age standardised rate,lower confidence interval,upper confidence interval,Number of deaths,age standardised rate,lower confidence interval,upper confidence interval,Number of deaths,age standardised rate,lower confidence interval,upper confidence interval,Number of deaths,age standardised rate,lower confidence interval,upper confidence interval,Number of deaths
,,,,,,,,,,,,,,,,,,,,,,,,,,,,,,,,,
,,,,,,,,,,,,,,,,,,,,,,,,,,,,,,,,,
All deaths involving COVID-196,Persons,65,58,73,297,583,561,605,"2,504",268,253,283,"1,175",47,40,53,197,8,6,11,37,5,3,7,20,10,7,13,44,140,135,144,"4,274"
,Females,47,39,56,124,479,453,505,"1,226",239,221,257,633,44,36,53,113,9,5,13,24,5,2,8,13,6,3,9,16,118,113,123,"2,149"
,Males,88,74,101,173,719,680,758,"1,278",306,280,332,542,50,39,61,84,7,3,11,13,4,1,6,7,15,9,21,28,168,161,175,"2,125"
Deaths where COVID-19 was the underlying cause,Persons,58,51,66,265,561,540,583,"2,410",243,228,257,"1,063",36,30,42,151,4,2,5,16,2,1,4,10,8,5,11,35,129,125,133,"3,950"
,Females,42,34,50,111,461,435,486,"1,179",216,198,233,572,35,28,43,90,4,2,7,11,3,1,5,8,5,2,7,12,108,104,113,"1,983"
,Males,79,66,92,154,695,656,733,"1,231",278,253,303,491,37,27,46,61,3,0,6,5,1,0,2,2,13,7,18,23,156,149,163,"1,967"
All deaths,Persons,"1,257","1,226","1,288","5,647","1,783","1,746","1,819","7,692","1,294","1,263","1,326","5,780","1,024",995,"1,053","4,442",998,970,"1,027","4,499",977,949,"1,005","4,419","1,013",984,"1,042","4,420","1,191","1,179","1,202","36,899"
,Females,"1,073","1,034","1,111","2,791","1,515","1,471","1,559","3,837","1,110","1,071","1,148","2,891",887,852,923,"2,227",875,840,910,"2,274",828,794,862,"2,152",886,850,921,"2,236","1,024","1,009","1,038","18,408"
,Males,"1,493","1,440","1,546","2,856","2,117","2,056","2,179","3,855","1,517","1,464","1,570","2,889","1,177","1,129","1,226","2,215","1,149","1,102","1,196","2,225","1,156","1,109","1,203","2,267","1,166","1,118","1,214","2,184","1,394","1,375","1,414","18,491"
,,,,,,,,,,,,,,,,,,,,,,,,,,,,,,,,,
Footnotes:,,,,,,,,,,,,,,,,,,,,,,,,,,,,,,,,,
"1) Age-standardised mortality rates are presented per 100,000 people and standardised to the 2013 European Standard Population. Age-standardised mortality rates allow for differences in the age structure of populations and therefore allow valid comparisons to be made between geographical areas, the sexes and over time. ",,,,,,,,,,,,,,,,,,,,,,,,,,,,,,,,,
,,,,,,,,,,,,,,,,,,,,,,,,,,,,,,,,,
"2) The lower and upper 95% confidence limits have been provided. These form a confidence interval, which is a measure of the statistical precision of an estimate and shows the range of uncertainty around the estimated figure. Calculations based on small numbers of events are often subject to random fluctuations. As a general rule, if the confidence interval around one figure overlaps with the interval around another, we cannot say with certainty that there is more than a chance difference between the two figures.",,,,,,,,,,,,,,,,,,,,,,,,,,,,,,,,,
,,,,,,,,,,,,,,,,,,,,,,,,,,,,,,,,,
,,,,,,,,,,,,,,,,,,,,,,,,,,,,,,,,,
3) Monthly populations have been calculated by interpolating between annual population estimates and  projections. ,,,,,,,,,,,,,,,,,,,,,,,,,,,,,,,,,
4) Numbers are provisional and subject to future revision.,,,,,,,,,,,,,,,,,,,,,,,,,,,,,,,,,
5) Figures are for deaths occurring between 1 March 2020 and 30 September 2020. Figures only include deaths that were registered by 8 October 2020. More information on registration delays can be found on the NRS website:,,,,,,,,,,,,,,,,,,,,,,,,,,,,,,,,,
"6) All deaths where COVID-19 is mentioned on the death certificate, whether as the underlying cause or a contributory cause.",,,,,,,,,,,,,,,,,,,,,,,,,,,,,,,,,
,,,,,,,,,,,,,,,,,,,,,,,,,,,,,,,,,
� Crown Copyright 2020,,,,,,,,,,,,,,,,,,,,,,,,,,,,,,,,,
,,,,,,,,,,,,,,,,,,,,,,,,,,,,,,,,,
,,,,,,,,,,,,,,,,,,,,,,,,,,,,,,,,,
,,,,,,,,,,,,,,,,,,,,,,,,,,,,,,,,,
