"Figure 10: Main pre-existing medical condition in deaths involving COVID-19, by age and sex,  between 1st March 2020 and 30th September 20201",,,,,,,,,,,,,,,,
,,,,,,,,,,,,,,,,
Month,Pre-existing condition,Number of COVID-19 deaths,Proportion of all COVID-19 deaths,,,,,,,,,,,,,
,,,,,,,,,,,,,,,,
Males under 65,none, 49 ,20%,,,,,,,,,,,,,
,Influenza and pneumonia, 9 ,4%,,,,,,,,,,,,,
,Cirrhosis and other disease of liver, 16 ,6%,,,,,,,,,,,,,
,Ischaemic heart diseases, 23 ,9%,,,,,,,,,,,,,
,Chronic lower respiratory diseases, 26 ,11%,,,,,,,,,,,,,
,Diabetes, 32 ,13%,,,,,,,,,,,,,
,Total Deaths, 247 ,,,,,,,,,,,,,,
,,,,,,,,,,,,,,,,
Males 65+,none, 131 ,7%,,,,,,,,,,,,,
,Diabetes, 86 ,5%,,,,,,,,,,,,,
,Cerebrovascular disease, 132 ,7%,,,,,,,,,,,,,
,Chronic lower respiratory diseases, 173 ,9%,,,,,,,,,,,,,
,Ischaemic heart diseases, 363 ,19%,,,,,,,,,,,,,
,Dementia and Alzheimer Disease, 490 ,26%,,,,,,,,,,,,,
,Total Deaths," 1,878 ",,,,,,,,,,,,,,
,,,,,,,,,,,,,,,,
Females under 65,none, 22 ,16%,,,,,,,,,,,,,
,Cirrhosis and other disease of liver, 7 ,5%,,,,,,,,,,,,,
,Influenza and pneumonia, 7 ,5%,,,,,,,,,,,,,
,Diabetes, 11 ,8%,,,,,,,,,,,,,
,Ischaemic heart diseases, 13 ,10%,,,,,,,,,,,,,
,Chronic lower respiratory diseases, 25 ,19%,,,,,,,,,,,,,
,Total Deaths, 135 ,,,,,,,,,,,,,,
,,,,,,,,,,,,,,,,
Females 65+,none, 147 ,7%,,,,,,,,,,,,,
,"Symptoms, signs and ill-defined conditions", 99 ,5%,,,,,,,,,,,,,
,Cerebrovascular disease, 111 ,6%,,,,,,,,,,,,,
,Ischaemic heart diseases, 146 ,7%,,,,,,,,,,,,,
,Chronic lower respiratory diseases, 227 ,11%,,,,,,,,,,,,,
,Dementia and Alzheimer Disease, 843 ,42%,,,,,,,,,,,,,
,Total Deaths," 2,014 ",,,,,,,,,,,,,,
,,,,,,,,,,,,,,,,
Note:,,,,,,,,,,,,,,,,
Further information on pre-existing conditions can be found in the publication.,,,,,,,,,,,,,,,,
1) Figures are for deaths occurring between 1 March 2020 and 30 September 2020. Figures only include deaths that were registered by 8 October. More information on registration delays can be found on the NRS website:,,,,,,,,,,,,,,,,
,,,,,,,,,,,,,,,,
,,,,,,,,,,,,,,,,
� Crown Copyright 2020,,,,,,,,,,,,,,,,
,,,,,,,,,,,,,,,,
,,,,,,,,,,,,,,,,
,,,,,,,,,,,,,,,,
,,,,,,,,,,,,,,,,
,,,,,,,,,,,,,,,,
,,,,,,,,,,,,,,,,
,,,,,,,,,,,,,,,,
,,,,,,,,,,,,,,,,
,,,,,,,,,,,,,,,,
