"Figure 8: Leading causes of death between 1st March 2020 and 30th September 20201,2",,,,,,,,,,,,,,
,,,,,,,,,,,,,,
Month,Rank,Cause,ICD codes,Deaths1,Percentage of all deaths,,,,,,,,,
,,,,,,,,,,,,,,
March,1,Dementia and Alzheimer's Disease,"F01, F03, G30                                                                        ", 656 ,11.6%,,,,,,,,,
,2,Ischaemic heart diseases,I20-I25                                                                              , 595 ,10.5%,,,,,,,,,
,3,Cerebrovascular disease,I60-I69                                                                              , 379 ,6.7%,,,,,,,,,
,4,"Malignant neoplasm of trachea, bronchus and lung",C33-C34                                                                              , 365 ,6.5%,,,,,,,,,
,5,Chronic lower respiratory diseases,J40-J47                                                                              , 274 ,4.9%,,,,,,,,,
April,1,COVID-19,U07                                                                                  ," 2,410 ",31.3%,,,,,,,,,
,2,Dementia and Alzheimer's Disease,"F01, F03, G30                                                                        ", 784 ,10.2%,,,,,,,,,
,3,Ischaemic heart diseases,I20-I25                                                                              , 577 ,7.5%,,,,,,,,,
,4,Cerebrovascular disease,I60-I69                                                                              , 374 ,4.9%,,,,,,,,,
,5,"Malignant neoplasm of trachea, bronchus and lung",C33-C34                                                                              , 327 ,4.3%,,,,,,,,,
May,1,COVID-19,U07," 1,063 ",18.4%,,,,,,,,,
,2,Ischaemic heart diseases,I20-I25, 550 ,9.5%,,,,,,,,,
,3,Dementia and Alzheimer's Disease,"F01, F03, G30", 500 ,8.7%,,,,,,,,,
,4,Cerebrovascular disease,I60-I69, 319 ,5.5%,,,,,,,,,
,5,"Malignant neoplasm of trachea, bronchus and lung",C33-C34, 284 ,4.9%,,,,,,,,,
June,1,Ischaemic heart diseases,I20-I25, 474 ,10.7%,,,,,,,,,
,2,Dementia and Alzheimer' Disease,"F01, F03, G30", 394 ,8.9%,,,,,,,,,
,3,"Malignant neoplasm of trachea, bronchus and lung",C33-C34, 286 ,6.4%,,,,,,,,,
,4,Cerebrovascular disease,I60-I69, 278 ,6.3%,,,,,,,,,
,5,"Symptoms, signs and ill-defined conditions",R00-R99, 238 ,5.4%,,,,,,,,,
July,1,Ischaemic heart diseases,I20-I25, 525 ,11.7%,,,,,,,,,
,2,Dementia and Alzheimer's Disease,"F01, F03, G30", 416 ,9.3%,,,,,,,,,
,3,Cerebrovascular disease,I60-I69, 315 ,7.0%,,,,,,,,,
,4,"Malignant neoplasm of trachea, bronchus and lung",C33-C34, 313 ,7.0%,,,,,,,,,
,5,"Symptoms, signs and ill-defined conditions",R00-R99, 224 ,5.0%,,,,,,,,,
August,1,Ischaemic heart diseases,I20-I25, 497 ,11.2%,,,,,,,,,
,2,Dementia and Alzheimer's Disease,"F01, F03, G30", 414 ,9.4%,,,,,,,,,
,3,"Malignant neoplasm of trachea, bronchus and lung",C33-C34, 325 ,7.4%,,,,,,,,,
,4,Cerebrovascular disease,I60-I69, 272 ,6.2%,,,,,,,,,
,5,"Symptoms, signs and ill-defined conditions",R00-R99, 209 ,4.7%,,,,,,,,,
September,1,Ischaemic heart diseases,I20-I25, 494 ,11.2%,,,,,,,,,
,2,Dementia and Alzheimer's Disease,"F01, F03, G30", 439 ,9.9%,,,,,,,,,
,3,"Malignant neoplasm of trachea, bronchus and lung",C33-C34, 320 ,7.2%,,,,,,,,,
,4,Cerebrovascular disease,I60-I69, 303 ,6.9%,,,,,,,,,
,5,Chronic lower respiratory diseases,J40-J47, 211 ,4.8%,,,,,,,,,
March - Sept combined,1,COVID-19,U07," 3,950 ",10.7%,,,,,,,,,
,2,Ischaemic heart diseases,I20-I25," 3,712 ",10.1%,,,,,,,,,
,3,Dementia and Alzheimer's Disease,"F01, F03, G30"," 3,603 ",9.8%,,,,,,,,,
,4,Cerebrovascular disease,I60-I69," 2,240 ",6.1%,,,,,,,,,
,5,"Malignant neoplasm of trachea, bronchus and lung",C33-C34," 2,220 ",6.0%,,,,,,,,,
,,,,,,,,,,,,,,
Footnote:,,,,,,,,,,,,,,
1) Numbers are provisional and subject to future revisions,,,,,,,,,,,,,,
2) Figures are for deaths occurring between 1 March 2020 and 30 September 2020. Figures only include deaths that were registered by 8 October 2020. More information on registration delays can be found on the NRS website:,,,,,,,,,,,,,,
,,,,,,,,,,,,,,
,,,,,,,,,,,,,,
� Crown Copyright 2020,,,,,,,,,,,,,,
,,,,,,,,,,,,,,
,,,,,,,,,,,,,,
5,"Malignant neoplasm of trachea, bronchus and lung",2220,,,,,,,,,,,,
4,Cerebrovascular disease,2240,,,,,,,,,,,,
3,Dementia and Alzheimer's Disease,3603,,,,,,,,,,,,
2,Ischaemic heart diseases,3712,,,,,,,,,,,,
1,COVID-19,3950,,,,,,,,,,,,
,,,,,,,,,,,,,,
5,Chronic lower respiratory diseases,211,,,,,,,,,,,,
4,Cerebrovascular disease,303,,,,,,,,,,,,
3,"Malignant neoplasm of trachea, bronchus and lung",320,,,,,,,,,,,,
2,Dementia and Alzheimer's Disease,439,,,,,,,,,,,,
1,Ischaemic heart diseases,494,,,,,,,,,,,,
,,,,,,,,,,,,,,
5,"Symptoms, signs and ill-defined conditions",209,,,,,,,,,,,,
4,Cerebrovascular disease,272,,,,,,,,,,,,
3,"Malignant neoplasm of trachea, bronchus and lung",325,,,,,,,,,,,,
2,Dementia and Alzheimer's Disease,414,,,,,,,,,,,,
1,Ischaemic heart diseases,497,,,,,,,,,,,,
,,,,,,,,,,,,,,
5,"Symptoms, signs and ill-defined conditions",224,,,,,,,,,,,,
4,"Malignant neoplasm of trachea, bronchus and lung",313,,,,,,,,,,,,
3,Cerebrovascular disease,315,,,,,,,,,,,,
2,Dementia and Alzheimer's Disease,416,,,,,,,,,,,,
1,Ischaemic heart diseases,525,,,,,,,,,,,,
,,,,,,,,,,,,,,
5,"Symptoms, signs and ill-defined conditions",238,,,,,,,,,,,,
4,Cerebrovascular disease,278,,,,,,,,,,,,
3,"Malignant neoplasm of trachea, bronchus and lung",286,,,,,,,,,,,,
2,Dementia and Alzheimer' Disease,394,,,,,,,,,,,,
1,Ischaemic heart diseases,474,,,,,,,,,,,,
,,,,,,,,,,,,,,
5,"Malignant neoplasm of trachea, bronchus and lung",284,,,,,,,,,,,,
4,Cerebrovascular disease,319,,,,,,,,,,,,
3,Dementia and Alzheimer's Disease,500,,,,,,,,,,,,
2,Ischaemic heart diseases,550,,,,,,,,,,,,
1,COVID-19,1063,,,,,,,,,,,,
,,,,,,,,,,,,,,
5,"Malignant neoplasm of trachea, bronchus and lung",327,,,,,,,,,,,,
4,Cerebrovascular disease,374,,,,,,,,,,,,
3,Ischaemic heart diseases,577,,,,,,,,,,,,
2,Dementia and Alzheimer's Disease,784,,,,,,,,,,,,
1,COVID-19,2410,,,,,,,,,,,,
,,,,,,,,,,,,,,
5,Chronic lower respiratory diseases,274,,,,,,,,,,,,
4,"Malignant neoplasm of trachea, bronchus and lung",365,,,,,,,,,,,,
3,Cerebrovascular disease,379,,,,,,,,,,,,
2,Ischaemic heart diseases,595,,,,,,,,,,,,
1,Dementia and Alzheimer's Disease,656,,,,,,,,,,,,
,,,,,,,,,,,,,,
,,,,,,,,,,,,,,
,,,,,,,,,,,,,,
,,,,,,,,,,,,,,
,,,,,,,,,,,,,,
,,,,,,,,,,,,,,
,,,,,,,,,,,,,,
,,,,,,,,,,,,,,
,,,,,,,,,,,,,,
,,,,,,,,,,,,,,
