Title,Date,Week,Start date,End date,Latest,,,
Deaths involving coronavirus (COVID-19) in Scotland - Week 1,1/13/2021,1,1/4/2021,1/10/2021,04/01/2021 to 10/01/2021 (Week 1),,,
Deaths involving coronavirus (COVID-19) in Scotland - Week 2,1/20/2021,2,1/11/2021,1/17/2021,11/01/2021 to 17/01/2021 (Week 2),,,
Deaths involving coronavirus (COVID-19) in Scotland - Week 3,1/27/2021,3,1/18/2021,1/24/2021,18/01/2021 to 24/01/2021 (Week 3),,,
Deaths involving coronavirus (COVID-19) in Scotland - Week 4,2/3/2021,4,1/25/2021,1/31/2021,25/01/2021 to 31/01/2021 (Week 4),,,
Deaths involving coronavirus (COVID-19) in Scotland - Week 5,2/10/2021,5,2/1/2021,2/7/2021,01/02/2021 to 07/02/2021 (Week 5),,,
Deaths involving coronavirus (COVID-19) in Scotland - Week 6,2/17/2021,6,2/8/2021,2/14/2021,08/02/2021 to 14/02/2021 (Week 6),,,
Deaths involving coronavirus (COVID-19) in Scotland - Week 7,2/24/2021,7,2/15/2021,2/21/2021,15/02/2021 to 21/02/2021 (Week 7),,,
Deaths involving coronavirus (COVID-19) in Scotland - Week 8,3/3/2021,8,2/22/2021,2/28/2021,22/02/2021 to 28/02/2021 (Week 8),,,
Deaths involving coronavirus (COVID-19) in Scotland - Week 9,3/10/2021,9,3/1/2021,3/7/2021,01/03/2021 to 07/03/2021 (Week 9),,,
Deaths involving coronavirus (COVID-19) in Scotland - Week 10,3/17/2021,10,3/8/2021,3/14/2021,08/03/2021 to 14/03/2021 (Week 10),,,
Deaths involving coronavirus (COVID-19) in Scotland - Week 11,3/24/2021,11,3/15/2021,3/21/2021,15/03/2021 to 21/03/2021 (Week 11),,,
Deaths involving coronavirus (COVID-19) in Scotland - Week 12,3/31/2021,12,3/22/2021,3/28/2021,22/03/2021 to 28/03/2021 (Week 12),,,
Deaths involving coronavirus (COVID-19) in Scotland - Week 13,4/7/2021,13,3/29/2021,4/4/2021,29/03/2021 to 04/04/2021 (Week 13),,,
Deaths involving coronavirus (COVID-19) in Scotland - Week 14,4/14/2021,14,4/5/2021,4/11/2021,05/04/2021 to 11/04/2021 (Week 14),,,
Deaths involving coronavirus (COVID-19) in Scotland - Week 15,4/21/2021,15,4/12/2021,4/18/2021,12/04/2021 to 18/04/2021 (Week 15),,,
Deaths involving coronavirus (COVID-19) in Scotland - Week 16,4/28/2021,16,4/19/2021,4/25/2021,19/04/2021 to 25/04/2021 (Week 16),,,
Deaths involving coronavirus (COVID-19) in Scotland - Week 17,5/5/2021,17,4/26/2021,5/2/2021,26/04/2021 to 02/05/2021 (Week 17),,,
Deaths involving coronavirus (COVID-19) in Scotland - Week 18,5/12/2021,18,5/3/2021,5/9/2021,03/05/2021 to 09/05/2021 (Week 18),,,
Deaths involving coronavirus (COVID-19) in Scotland - Week 19,5/19/2021,19,5/10/2021,5/16/2021,10/05/2021 to 16/05/2021 (Week 19),,,
Deaths involving coronavirus (COVID-19) in Scotland - Week 20,5/26/2021,20,5/17/2021,5/23/2021,17/05/2021 to 23/05/2021 (Week 20),,,
Deaths involving coronavirus (COVID-19) in Scotland - Week 21,6/2/2021,21,5/24/2021,5/30/2021,24/05/2021 to 30/05/2021 (Week 21),,,
Deaths involving coronavirus (COVID-19) in Scotland - Week 22,6/9/2021,22,5/31/2021,6/6/2021,31/05/2021 to 06/06/2021 (Week 22),,,
Deaths involving coronavirus (COVID-19) in Scotland - Week 23,6/16/2021,23,6/7/2021,6/13/2021,07/06/2021 to 13/06/2021 (Week 23),,,
Deaths involving coronavirus (COVID-19) in Scotland - Week 24,6/23/2021,24,6/14/2021,6/20/2021,14/06/2021 to 20/06/2021 (Week 24),,,
Deaths involving coronavirus (COVID-19) in Scotland - Week 25,6/30/2021,25,6/21/2021,6/27/2021,21/06/2021 to 27/06/2021 (Week 25),,,
Deaths involving coronavirus (COVID-19) in Scotland - Week 26,7/7/2021,26,6/28/2021,7/4/2021,28/06/2021 to 04/07/2021 (Week 26),,,
Deaths involving coronavirus (COVID-19) in Scotland - Week 27,7/14/2021,27,7/5/2021,7/11/2021,05/07/2021 to 11/07/2021 (Week 27),,,
Deaths involving coronavirus (COVID-19) in Scotland - Week 28,7/21/2021,28,7/12/2021,7/18/2021,12/07/2021 to 18/07/2021 (Week 28),,,
Deaths involving coronavirus (COVID-19) in Scotland - Week 29,7/28/2021,29,7/19/2021,7/25/2021,19/07/2021 to 25/07/2021 (Week 29),,,
Deaths involving coronavirus (COVID-19) in Scotland - Week 30,8/4/2021,30,7/26/2021,8/1/2021,26/07/2021 to 01/08/2021 (Week 30),,,
Deaths involving coronavirus (COVID-19) in Scotland - Week 31,8/11/2021,31,8/2/2021,8/8/2021,02/08/2021 to 08/08/2021 (Week 31),,,
Deaths involving coronavirus (COVID-19) in Scotland - Week 32,8/18/2021,32,8/9/2021,8/15/2021,09/08/2021 to 15/08/2021 (Week 32),,,
Deaths involving coronavirus (COVID-19) in Scotland - Week 33,8/25/2021,33,8/16/2021,8/22/2021,16/08/2021 to 22/08/2021 (Week 33),,,
Deaths involving coronavirus (COVID-19) in Scotland - Week 34,9/1/2021,34,8/23/2021,8/29/2021,23/08/2021 to 29/08/2021 (Week 34),,,
Deaths involving coronavirus (COVID-19) in Scotland - Week 35,9/8/2021,35,8/30/2021,9/5/2021,30/08/2021 to 05/09/2021 (Week 35),,,
Deaths involving coronavirus (COVID-19) in Scotland - Week 36,9/15/2021,36,9/6/2021,9/12/2021,06/09/2021 to 12/09/2021 (Week 36),,,
Deaths involving coronavirus (COVID-19) in Scotland - Week 37,9/22/2021,37,9/13/2021,9/19/2021,13/09/2021 to 19/09/2021 (Week 37),,,
Deaths involving coronavirus (COVID-19) in Scotland - Week 38,9/29/2021,38,9/20/2021,9/26/2021,20/09/2021 to 26/09/2021 (Week 38),,,
Deaths involving coronavirus (COVID-19) in Scotland - Week 39,10/6/2021,39,9/27/2021,10/3/2021,27/09/2021 to 03/10/2021 (Week 39),,,
Deaths involving coronavirus (COVID-19) in Scotland - Week 40,10/13/2021,40,10/4/2021,10/10/2021,04/10/2021 to 10/10/2021 (Week 40),,,
Deaths involving coronavirus (COVID-19) in Scotland - Week 41,10/20/2021,41,10/11/2021,10/17/2021,11/10/2021 to 17/10/2021 (Week 41),,,
Deaths involving coronavirus (COVID-19) in Scotland - Week 42,10/27/2021,42,10/18/2021,10/24/2021,18/10/2021 to 24/10/2021 (Week 42),,,
Deaths involving coronavirus (COVID-19) in Scotland - Week 43,11/3/2021,43,10/25/2021,10/31/2021,25/10/2021 to 31/10/2021 (Week 43),,,
Deaths involving coronavirus (COVID-19) in Scotland - Week 44,11/10/2021,44,11/1/2021,11/7/2021,01/11/2021 to 07/11/2021 (Week 44),,,
Deaths involving coronavirus (COVID-19) in Scotland - Week 45,11/17/2021,45,11/8/2021,11/14/2021,08/11/2021 to 14/11/2021 (Week 45),,,
Deaths involving coronavirus (COVID-19) in Scotland - Week 46,11/24/2021,46,11/15/2021,11/21/2021,15/11/2021 to 21/11/2021 (Week 46),,,
Deaths involving coronavirus (COVID-19) in Scotland - Week 47,12/1/2021,47,11/22/2021,11/28/2021,22/11/2021 to 28/11/2021 (Week 47),,,
Deaths involving coronavirus (COVID-19) in Scotland - Week 48,12/8/2021,48,11/29/2021,12/5/2021,29/11/2021 to 05/12/2021 (Week 48),,,
Deaths involving coronavirus (COVID-19) in Scotland - Week 49,12/15/2021,49,12/6/2021,12/12/2021,06/12/2021 to 12/12/2021 (Week 49),,,
Deaths involving coronavirus (COVID-19) in Scotland - Week 50,12/22/2021,50,12/13/2021,12/19/2021,13/12/2021 to 19/12/2021 (Week 50),,,
Deaths involving coronavirus (COVID-19) in Scotland - Week 51,12/29/2021,51,12/20/2021,12/26/2021,20/12/2021 to 26/12/2021 (Week 51),,,
Deaths involving coronavirus (COVID-19) in Scotland - Week 52,1/5/2022,52,12/27/2021,1/2/2022,27/12/2021 to 02/01/2022 (Week 52),,,
