"Figure 10: Main pre-existing medical condition in deaths involving COVID-19, by age and sex,  between 1st March 2020 and 31st December 20201.2",,,,,,,,,,,,,,
,,,,,,,,,,,,,,
Month,Pre-existing condition,Number of COVID-19 deaths,Proportion of all COVID-19 deaths,,,,,,,,,,,
,,,,,,,,,,,,,,
Males under 65,none, 61 ,14%,,,,,,,,,,,
,Influenza and pneumonia, 29 ,7%,,,,,,,,,,,
,Cirrhosis and other disease of liver, 40 ,9%,,,,,,,,,,,
,Chronic lower respiratory diseases, 44 ,10%,,,,,,,,,,,
,Ischaemic heart diseases, 44 ,10%,,,,,,,,,,,
,Diabetes, 53 ,13%,,,,,,,,,,,
,Total Deaths, 424 ,,,,,,,,,,,,
,,,,,,,,,,,,,,
Males 65+,none, 184 ,6%,,,,,,,,,,,
,Influenza and pneumonia, 173 ,6%,,,,,,,,,,,
,Cerebrovascular disease, 218 ,7%,,,,,,,,,,,
,Chronic lower respiratory diseases, 277 ,9%,,,,,,,,,,,
,Ischaemic heart diseases, 631 ,21%,,,,,,,,,,,
,Dementia and Alzheimer's Disease, 739 ,24%,,,,,,,,,,,
,Total Deaths," 3,072 ",,,,,,,,,,,,
,,,,,,,,,,,,,,
Females under 65,none, 27 ,12%,,,,,,,,,,,
,Influenza and pneumonia, 15 ,6%,,,,,,,,,,,
,Cirrhosis and other disease of liver, 18 ,8%,,,,,,,,,,,
,Ischaemic heart diseases, 22 ,9%,,,,,,,,,,,
,Diabetes, 24 ,10%,,,,,,,,,,,
,Chronic lower respiratory diseases, 44 ,19%,,,,,,,,,,,
,Total Deaths, 234 ,,,,,,,,,,,,
,,,,,,,,,,,,,,
Females 65+,none, 190 ,6%,,,,,,,,,,,
,"Symptoms, signs and ill-defined conditions", 157 ,5%,,,,,,,,,,,
,Cerebrovascular disease, 192 ,6%,,,,,,,,,,,
,Ischaemic heart diseases, 249 ,8%,,,,,,,,,,,
,Chronic lower respiratory diseases, 377 ,12%,,,,,,,,,,,
,Dementia and Alzheimer Disease," 1,177 ",38%,,,,,,,,,,,
,Total Deaths," 3,104 ",,,,,,,,,,,,
,,,,,,,,,,,,,,
Note:,,,,,,,,,,,,,,
Further information on pre-existing conditions can be found in the publication.,,,,,,,,,,,,,,
1) Figures are for deaths occurring between 1 March 2020 and 31 December 2020. Figures only include deaths that were registered by 13 January 2021. More information on registration delays can be found on the NRS website:,,,,,,,,,,,,,,
,,,,,,,,,,,,,,
2) The rows for conditions do not sum to the total number of deaths because only the most common 5 conditions are listed here.,,,,,,,,,,,,,,
,,,,,,,,,,,,,,
� Crown Copyright 2021,,,,,,,,,,,,,,
,,,,,,,,,,,,,,
,,,,,,,,,,,,,,
,,,,,,,,,,,,,,
,,,,,,,,,,,,,,
,,,,,,,,,,,,,,
,,,,,,,,,,,,,,
,,,,,,,,,,,,,,
,,,,,,,,,,,,,,
,,,,,,,,,,,,,,
