"Figure 8: Leading causes of death between 1st March 2020 and 31st December 20201,2",,,,,,,,,,,,
,,,,,,,,,,,,
Month,Rank,Cause,ICD codes,Deaths1,Percentage of all deaths,,,,,,,
,,,,,,,,,,,,
March,1,Dementia and Alzheimer's Disease,"F01, F03, G30                                                                        ", 656 ,11.6%,,,,,,,
,2,Ischaemic heart diseases,I20-I25                                                                              , 593 ,10.5%,,,,,,,
,3,Cerebrovascular disease,I60-I69                                                                              , 379 ,6.7%,,,,,,,
,4,"Malignant neoplasm of trachea, bronchus and lung",C33-C34                                                                              , 365 ,6.5%,,,,,,,
,5,Chronic lower respiratory diseases,J40-J47                                                                              , 276 ,4.9%,,,,,,,
April,1,COVID-19,U07                                                                                  ," 2,411 ",31.3%,,,,,,,
,2,Dementia and Alzheimer's Disease,"F01, F03, G30                                                                        ", 784 ,10.2%,,,,,,,
,3,Ischaemic heart diseases,I20-I25                                                                              , 576 ,7.5%,,,,,,,
,4,Cerebrovascular disease,I60-I69                                                                              , 374 ,4.9%,,,,,,,
,5,"Malignant neoplasm of trachea, bronchus and lung",C33-C34                                                                              , 327 ,4.3%,,,,,,,
May,1,COVID-19,U07," 1,063 ",18.4%,,,,,,,
,2,Ischaemic heart diseases,I20-I25, 553 ,9.6%,,,,,,,
,3,Dementia and Alzheimer's Disease,"F01, F03, G30", 500 ,8.6%,,,,,,,
,4,Cerebrovascular disease,I60-I69, 319 ,5.5%,,,,,,,
,5,"Malignant neoplasm of trachea, bronchus and lung",C33-C34, 285 ,4.9%,,,,,,,
June,1,Ischaemic heart diseases,I20-I25, 475 ,10.7%,,,,,,,
,2,Dementia and Alzheimer's Disease,"F01, F03, G30", 393 ,8.8%,,,,,,,
,3,"Malignant neoplasm of trachea, bronchus and lung",C33-C34, 286 ,6.4%,,,,,,,
,4,Cerebrovascular disease,I60-I69, 279 ,6.3%,,,,,,,
,5,"Symptoms, signs and ill-defined conditions",R00-R99, 231 ,5.2%,,,,,,,
July,1,Ischaemic heart diseases,I20-I25, 527 ,11.7%,,,,,,,
,2,Dementia and Alzheimer's Disease,"F01, F03, G30", 416 ,9.2%,,,,,,,
,3,Cerebrovascular disease,I60-I69, 315 ,7.0%,,,,,,,
,4,"Malignant neoplasm of trachea, bronchus and lung",C33-C34, 313 ,7.0%,,,,,,,
,5,"Symptoms, signs and ill-defined conditions",R00-R99, 216 ,4.8%,,,,,,,
August,1,Ischaemic heart diseases,I20-I25, 499 ,11.3%,,,,,,,
,2,Dementia and Alzheimer's Disease,"F01, F03, G30", 414 ,9.4%,,,,,,,
,3,"Malignant neoplasm of trachea, bronchus and lung",C33-C34, 325 ,7.4%,,,,,,,
,4,Cerebrovascular disease,I60-I69, 272 ,6.2%,,,,,,,
,5,"Symptoms, signs and ill-defined conditions",R00-R99, 205 ,4.6%,,,,,,,
September,1,Ischaemic heart diseases,I20-I25, 501 ,11.2%,,,,,,,
,2,Dementia and Alzheimer's Disease,"F01, F03, G30", 440 ,9.8%,,,,,,,
,3,"Malignant neoplasm of trachea, bronchus and lung",C33-C34, 321 ,7.2%,,,,,,,
,4,Cerebrovascular disease,I60-I69, 303 ,6.8%,,,,,,,
,5,Chronic lower respiratory diseases,J40-J47, 212 ,4.7%,,,,,,,
October,1,Ischaemic heart diseases,I20-I25, 574 ,11.0%,,,,,,,
,2,Dementia and Alzheimer's Disease,"F01, F03, G30", 496 ,9.5%,,,,,,,
,3,COVID-19,U07                                                                                  , 435 ,8.4%,,,,,,,
,4,Cerebrovascular disease,I60-I69, 328 ,6.3%,,,,,,,
,5,"Malignant neoplasm of trachea, bronchus and lung",C33-C34, 315 ,6.1%,,,,,,,
November,1,COVID-19,U07, 932 ,16.5%,,,,,,,
,2,Ischaemic heart diseases,I20-I25, 565 ,10.0%,,,,,,,
,3,Dementia and Alzheimer Disease,"F01, F03, G30", 503 ,8.9%,,,,,,,
,4,Cerebrovascular disease,I60-I69, 308 ,5.4%,,,,,,,
,5,"Malignant neoplasm of trachea, bronchus and lung",C33-C34, 294 ,5.2%,,,,,,,
December,1,COVID-19,U07, 838 ,14.2%,,,,,,,
,2,Ischaemic heart diseases,I20-I25, 610 ,10.3%,,,,,,,
,3,Dementia and Alzheimer Disease,"F01, F03, G30", 518 ,8.7%,,,,,,,
,4,Cerebrovascular disease,I60-I69, 360 ,6.1%,,,,,,,
,5,"Malignant neoplasm of trachea, bronchus and lung",C33-C34, 356 ,6.0%,,,,,,,
March - Dec combined,1,COVID-19,U07," 6,156 ",11.5%,,,,,,,
,2,Ischaemic heart diseases,I20-I25," 5,473 ",10.2%,,,,,,,
,3,Dementia and Alzheimer's Disease,"F01, F03, G30"," 5,120 ",9.5%,,,,,,,
,4,Cerebrovascular disease,I60-I69," 3,237 ",6.0%,,,,,,,
,5,"Malignant neoplasm of trachea, bronchus and lung",C33-C34," 3,187 ",5.9%,,,,,,,
,,,,,,,,,,,,
Footnote:,,,,,,,,,,,,
1) Numbers are provisional and subject to future revisions,,,,,,,,,,,,
2) Figures are for deaths occurring between 1 March 2020 and 31 December 2020. Figures only include deaths that were registered by 13 January 2021. More information on registration delays can be found on the NRS website:,,,,,,,,,,,,
,,,,,,,,,,,,
,,,,,,,,,,,,
� Crown Copyright 2021,,,,,,,,,,,,
,,,,,,,,,,,,
,,,,,,,,,,,,
5,"Malignant neoplasm of trachea, bronchus and lung",3187,,,,,,,,,,
4,Cerebrovascular disease,3237,,,,,,,,,,
3,Dementia and Alzheimer's Disease,5120,,,,,,,,,,
2,Ischaemic heart diseases,5473,,,,,,,,,,
1,COVID-19,6156,,,,,,,,,,
,,,,,,,,,,,,
5,"Malignant neoplasm of trachea, bronchus and lung",294,,,,,,,,,,
4,Cerebrovascular disease,308,,,,,,,,,,
3,Dementia and Alzheimer Disease,503,,,,,,,,,,
2,Ischaemic heart diseases,565,,,,,,,,,,
1,COVID-19,932,,,,,,,,,,
,,,,,,,,,,,,
5,"Malignant neoplasm of trachea, bronchus and lung",315,,,,,,,,,,
4,Cerebrovascular disease,328,,,,,,,,,,
3,COVID-19,435,,,,,,,,,,
2,Dementia and Alzheimer's Disease,496,,,,,,,,,,
1,Ischaemic heart diseases,574,,,,,,,,,,
,,,,,,,,,,,,
5,Chronic lower respiratory diseases,212,,,,,,,,,,
4,Cerebrovascular disease,303,,,,,,,,,,
3,"Malignant neoplasm of trachea, bronchus and lung",321,,,,,,,,,,
2,Dementia and Alzheimer's Disease,440,,,,,,,,,,
1,Ischaemic heart diseases,501,,,,,,,,,,
,,,,,,,,,,,,
5,"Symptoms, signs and ill-defined conditions",205,,,,,,,,,,
4,Cerebrovascular disease,272,,,,,,,,,,
3,"Malignant neoplasm of trachea, bronchus and lung",325,,,,,,,,,,
2,Dementia and Alzheimer's Disease,414,,,,,,,,,,
1,Ischaemic heart diseases,499,,,,,,,,,,
,,,,,,,,,,,,
5,"Symptoms, signs and ill-defined conditions",216,,,,,,,,,,
4,"Malignant neoplasm of trachea, bronchus and lung",313,,,,,,,,,,
3,Cerebrovascular disease,315,,,,,,,,,,
2,Dementia and Alzheimer's Disease,416,,,,,,,,,,
1,Ischaemic heart diseases,527,,,,,,,,,,
,,,,,,,,,,,,
5,"Symptoms, signs and ill-defined conditions",231,,,,,,,,,,
4,Cerebrovascular disease,279,,,,,,,,,,
3,"Malignant neoplasm of trachea, bronchus and lung",286,,,,,,,,,,
2,Dementia and Alzheimer's Disease,393,,,,,,,,,,
1,Ischaemic heart diseases,475,,,,,,,,,,
,,,,,,,,,,,,
5,"Malignant neoplasm of trachea, bronchus and lung",285,,,,,,,,,,
4,Cerebrovascular disease,319,,,,,,,,,,
3,Dementia and Alzheimer's Disease,500,,,,,,,,,,
2,Ischaemic heart diseases,553,,,,,,,,,,
1,COVID-19,1063,,,,,,,,,,
,,,,,,,,,,,,
5,"Malignant neoplasm of trachea, bronchus and lung",327,,,,,,,,,,
4,Cerebrovascular disease,374,,,,,,,,,,
3,Ischaemic heart diseases,576,,,,,,,,,,
2,Dementia and Alzheimer's Disease,784,,,,,,,,,,
1,COVID-19,2411,,,,,,,,,,
,,,,,,,,,,,,
5,Chronic lower respiratory diseases,276,,,,,,,,,,
4,"Malignant neoplasm of trachea, bronchus and lung",365,,,,,,,,,,
3,Cerebrovascular disease,379,,,,,,,,,,
2,Ischaemic heart diseases,593,,,,,,,,,,
1,Dementia and Alzheimer's Disease,656,,,,,,,,,,
,,,,,,,,,,,,
,,,,,,,,,,,,
,,,,,,,,,,,,
,,,,,,,,,,,,
,,,,,,,,,,,,
,,,,,,,,,,,,
,,,,,,,,,,,,
,,,,,,,,,,,,
,,,,,,,,,,,,
,,,,,,,,,,,,
