"Figure 9: Main pre-existing medical condition in deaths involving COVID-19,  between 1st March 2020 and 31st December 20201,2",,,,,,,,,,,,
,,,,,,,,,,,,
Month,Pre-existing condition,Number of COVID-19 deaths,Proportion of all COVID-19 deaths,,,,,,,,,
,,,,,,,,,,,,
March,none, 25 ,8%,,,,,,,,,
,Diabetes, 20 ,7%,,,,,,,,,
,Influenza and pneumonia, 21 ,7%,,,,,,,,,
,Dementia and Alzheimer's Disease, 30 ,10%,,,,,,,,,
,Ischaemic heart diseases, 51 ,17%,,,,,,,,,
,Chronic lower respiratory diseases, 53 ,18%,,,,,,,,,
,Total Deaths, 297 ,,,,,,,,,,
April,none, 216 ,9%,,,,,,,,,
,Diseases of the urinary system, 110 ,4%,,,,,,,,,
,Cerebrovascular disease, 152 ,6%,,,,,,,,,
,Chronic lower respiratory diseases, 279 ,11%,,,,,,,,,
,Ischaemic heart diseases, 316 ,13%,,,,,,,,,
,Dementia and Alzheimer's Disease, 783 ,31%,,,,,,,,,
,Total Deaths," 2,505 ",,,,,,,,,,
May,none, 87 ,7%,,,,,,,,,
,"Symptoms, signs and ill-defined conditions", 55 ,5%,,,,,,,,,
,Cerebrovascular disease, 66 ,6%,,,,,,,,,
,Chronic lower respiratory diseases, 89 ,8%,,,,,,,,,
,Ischaemic heart diseases, 134 ,11%,,,,,,,,,
,Dementia and Alzheimer's Disease, 442 ,38%,,,,,,,,,
,Total Deaths," 1,175 ",,,,,,,,,,
June,none, 14 ,7%,,,,,,,,,
,Influenza and pneumonia, 10 ,5%,,,,,,,,,
,Cerebrovascular disease, 12 ,6%,,,,,,,,,
,Chronic lower respiratory diseases, 19 ,10%,,,,,,,,,
,Ischaemic heart diseases, 25 ,13%,,,,,,,,,
,Dementia and Alzheimer's Disease, 56 ,28%,,,,,,,,,
,Total Deaths, 198 ,,,,,,,,,,
July,none, 1 ,3%,,,,,,,,,
,Diseases of the musculoskeletal system and connective tissue, 2 ,5%,,,,,,,,,
,Cerebrovascular disease, 3 ,8%,,,,,,,,,
,Chronic lower respiratory diseases, 4 ,11%,,,,,,,,,
,Dementia and Alzheimer's Disease, 9 ,24%,,,,,,,,,
,Ischaemic heart diseases, 10 ,27%,,,,,,,,,
,Total Deaths, 37 ,,,,,,,,,,
August,none, 1 ,3%,,,,,,,,,
,Chronic lower respiratory diseases, 2 ,5%,,,,,,,,,
,Influenza and pneumonia, 2 ,5%,,,,,,,,,
,Cerebrovascular disease, 2 ,5%,,,,,,,,,
,Ischaemic heart diseases, 3 ,8%,,,,,,,,,
,Dementia and Alzheimer's Disease, 7 ,19%,,,,,,,,,
,Total Deaths, 19 ,,,,,,,,,,
September,none, 4 ,9%,,,,,,,,,
,"Symptoms, signs and ill-defined conditions", 3 ,7%,,,,,,,,,
,Diabetes, 3 ,7%,,,,,,,,,
,Chronic lower respiratory diseases, 5 ,11%,,,,,,,,,
,Ischaemic heart diseases, 7 ,16%,,,,,,,,,
,Dementia and Alzheimer's Disease, 10 ,23%,,,,,,,,,
,Total Deaths, 44 ,,,,,,,,,,
October,none, 28 ,6%,,,,,,,,,
,Diabetes, 31 ,6%,,,,,,,,,
,Cerebrovascular disease, 38 ,8%,,,,,,,,,
,Ischaemic heart diseases, 67 ,14%,,,,,,,,,
,Chronic lower respiratory diseases, 69 ,14%,,,,,,,,,
,Dementia and Alzheimer's Disease, 92 ,19%,,,,,,,,,
,Total Deaths, 482 ,,,,,,,,,,
November,none, 41 ,4%,,,,,,,,,
,Cerebrovascular disease, 82 ,8%,,,,,,,,,
,Influenza and pneumonia, 92 ,9%,,,,,,,,,
,Chronic lower respiratory diseases, 127 ,12%,,,,,,,,,
,Ischaemic heart diseases, 180 ,17%,,,,,,,,,
,Dementia and Alzheimer's Disease, 225 ,21%,,,,,,,,,
,Total Deaths," 1,073 ",,,,,,,,,,
December,none, 45 ,4%,,,,,,,,,
,Cerebrovascular disease, 63 ,6%,,,,,,,,,
,Chronic lower respiratory diseases, 95 ,9%,,,,,,,,,
,Influenza and pneumonia, 106 ,11%,,,,,,,,,
,Ischaemic heart diseases, 153 ,15%,,,,,,,,,
,Dementia and Alzheimer's Disease, 266 ,26%,,,,,,,,,
,Total Deaths," 1,004 ",,,,,,,,,,
March - Dec combined,none, 462 ,7%,,,,,,,,,
,Influenza and pneumonia, 361 ,5%,,,,,,,,,
,Cerebrovascular disease, 437 ,6%,,,,,,,,,
,Chronic lower respiratory diseases, 742 ,11%,,,,,,,,,
,Ischaemic heart diseases, 946 ,14%,,,,,,,,,
,Dementia and Alzheimer's Disease," 1,920 ",28%,,,,,,,,,
,Total Deaths," 6,834 ",,,,,,,,,,
,,,,,,,,,,,,
Note:,,,,,,,,,,,,
Further information on pre-existing conditions can be found in the publication.,,,,,,,,,,,,
1) Figures are for deaths occurring between 1 March 2020 and 31 December 2020. Figures only include deaths that were registered by 13 January 2021. More information on registration delays can be found on the NRS website:,,,,,,,,,,,,
,,,,,,,,,,,,
2) The rows for conditions do not sum to the total number of deaths because only the most common 5 conditions are listed here.,,,,,,,,,,,,
,,,,,,,,,,,,
� Crown Copyright 2021,,,,,,,,,,,,
,,,,,,,,,,,,
,,,,,,,,,,,,
,,,,,,,,,,,,
,,,,,,,,,,,,
,,,,,,,,,,,,
,,,,,,,,,,,,
,,,,,,,,,,,,
,,,,,,,,,,,,
,,,,,,,,,,,,
