"Table 3: Provisional1 figures on deaths registered2 in Scotland by location and area of usual residence, 2020 up to 21st June (week 25)",,,,,,,,,,,,,
,,,,,,,,,,,,,
,Deaths where COVID-19 was mentioned on the death certificate,,,,,,Deaths from all causes,,,,,,
,"Care
Home",Home / Non-institution,Hospital,"Other
institution3",All locations,,"Care
Home",Home / Non-institution,Hospital,"Other
institution3",All locations,,
,,,,,,,,,,,,,
,,,,,,,,,,,,,
,,,,,,,,,,,,,
All areas,"1,917",286,"1,909",7,"4,119",,"9,060","10,188","14,044",112,"33,404",,
,,,,,,,,,,,,,
Deaths by NHS Board of usual residence 4,,,,,,,,,,,,,
,,,,,,,,,,,,,
Ayrshire and Arran,132,20,140,0,292,,655,788,"1,213",3,"2,659",,
Borders,12,7,53,0,72,,128,195,366,49,738,,
Dumfries and Galloway,9,1,37,0,47,,203,336,495,0,"1,034",,
Fife,73,17,107,0,197,,516,654,952,0,"2,122",,
Forth Valley,118,24,91,0,233,,554,582,738,4,"1,878",,
Grampian,118,27,110,0,255,,801,939,"1,337",2,"3,079",,
Greater Glasgow and Clyde,611,61,639,5,"1,316",,"2,280","2,269","3,083",18,"7,650",,
Highland,37,15,61,0,113,,484,710,800,0,"1,994",,
Lanarkshire,231,51,284,2,568,,"1,068","1,391","1,796",17,"4,272",,
Lothian,417,36,255,0,708,,"1,489","1,319","1,955",0,"4,763",,
Orkney,0,0,2,0,2,,16,76,29,0,121,,
Shetland,5,0,2,0,7,,48,30,32,0,110,,
Tayside,154,27,128,0,309,,753,845,"1,183",19,"2,800",,
Western Isles,0,0,0,0,0,,65,54,65,0,184,,
,,,,,,,,,,,,,
Deaths by Council Area of usual residence4,,,,,,,,,,,,,
,,,,,,,,,,,,,
Aberdeen City,60,6,55,0,121,,301,326,545,0,"1,172",,
Aberdeenshire,56,15,43,0,114,,396,412,566,2,"1,376",,
Angus,51,6,19,0,76,,213,254,303,0,770,,
Argyll and Bute,23,8,33,0,64,,128,248,248,0,624,,
City of Edinburgh,248,17,154,0,419,,908,708,"1,033",0,"2,649",,
Clackmannanshire,35,1,11,0,47,,120,91,125,2,338,,
Dumfries and Galloway,9,1,37,0,47,,203,336,495,0,"1,034",,
Dundee City,83,15,67,0,165,,261,320,478,0,"1,059",,
East Ayrshire,34,5,36,0,75,,170,273,376,2,821,,
East Dunbartonshire,93,4,39,0,136,,262,187,256,0,705,,
East Lothian,54,4,22,0,80,,184,162,265,0,611,,
East Renfrewshire,48,4,48,0,100,,176,142,217,1,536,,
Falkirk,64,15,52,0,131,,292,329,423,0,"1,044",,
Fife,73,17,107,0,197,,516,654,952,0,"2,122",,
Glasgow City,275,27,333,5,640,,"1,067","1,153","1,566",12,"3,798",,
Highland,14,7,28,0,49,,356,462,552,0,"1,370",,
Inverclyde,39,12,63,0,114,,202,211,301,0,714,,
Midlothian,75,5,37,0,117,,179,134,222,0,535,,
Moray,2,6,12,0,20,,104,201,226,0,531,,
Na h-Eileanan Siar,0,0,0,0,0,,65,54,65,0,184,,
North Ayrshire,47,10,48,0,105,,234,292,449,1,976,,
North Lanarkshire,92,22,148,1,263,,458,720,931,11,"2,120",,
Orkney Islands,0,0,2,0,2,,16,76,29,0,121,,
Perth and Kinross,20,6,42,0,68,,279,271,402,19,971,,
Renfrewshire,98,9,97,0,204,,398,344,489,5,"1,236",,
Scottish Borders,12,7,53,0,72,,128,195,366,49,738,,
Shetland Islands,5,0,2,0,7,,48,30,32,0,110,,
South Ayrshire,51,5,56,0,112,,251,223,388,0,862,,
South Lanarkshire,139,29,136,1,305,,610,671,865,6,"2,152",,
Stirling,19,8,28,0,55,,142,162,190,2,496,,
West Dunbartonshire,58,5,59,0,122,,175,232,254,0,661,,
West Lothian,40,10,42,0,92,,218,315,435,0,968,,
,,,,,,,,,,,,,
,,,,,,,,,,,,,
Footnotes,,,,,,,,,,,,,
1) Figures are provisional and subject to change.,,,,,,,,,,,,,
"2) Figures are based on date of registration.  In Scotland deaths must be registered within 8 days although in practice, the average time between death and registration is around 3 days. More information on days between occurrence and registration can be found on the NRS website.",,,,,,,,,,,,,
,,,,,,,,,,,,,
"3) Other institutions include clinics, medical centres, prisons and schools.",,,,,,,,,,,,,
"4) Figures include non-residents.  Deaths are allocated to area based on the usual residence of the deceased.  If the deceased was not a Scottish resident, the death is allocated to the area where the death occurred.",,,,,,,,,,,,,
,,,,,,,,,,,,,
Source: National Records of Scotland.,,,,,,,,,,,,,
,,,,,,,,,,,,,
� Crown Copyright 2020,,,,,,,,,,,,,
