"Figure 6: Excess Deaths  by underlying cause of death1 and location, week 12 to 25, 2020",,,,,,,,,,,,
,,,,,,,,,,,,
Location of death,Hospital,Care Home,Home/ Non-institution,Other institution,,,,,,,,
,,,,,,,,,,,,
Resgistered deaths: five year average,,,,,,,,,,,,
,,,,,,,,,,,,
Cancer,"1,957",920,"1,312",28,,,,,,,,
Dementia / Alzheimers,323,"1,056",136,12,,,,,,,,
Circulatory,"2,057",675,"1,215",7,,,,,,,,
Respiratory,"1,137",296,336,3,,,,,,,,
Other,"1,898",478,"1,050",12,,,,,,,,
All,"7,370","3,425","4,048",63,,,,,,,,
Registered deaths: 2020,,,,,,,,,,,,
,,,,,,,,,,,,
Cancer,"1,457",797,"2,096",10,,,,,,,,
Dementia / Alzheimers,204,"1,444",281,16,,,,,,,,
Circulatory,"1,631",779,"1,732",9,,,,,,,,
Respiratory,722,306,433,3,,,,,,,,
COVID-19,"1,756","1,851",237,7,,,,,,,,
Other,"1,733",711,"1,598",10,,,,,,,,
All,"7,503","5,888","6,377",55,,,,,,,,
Difference,,,,,,,,,,,,
,,,,,,,,,,,,
Cancer,-500,-123,784,-18,,,,,,,,
Dementia / Alzheimers,-119,388,145,4,,,,,,,,
Circulatory,-426,104,517,2,,,,,,,,
Respiratory,-415,10,97,0,,,,,,,,
COVID-19,"1,756","1,851",237,7,,,,,,,,
Other,-165,233,548,-2,,,,,,,,
All,133,"2,463","2,329",-8,,,,,,,,
,,,,,,,,,,,,
Footnote,,,,,,,,,,,,
1) The ICD 10 codes for disease categories are as follows:,,,,,,,,,,,,
Cancer: C00-C97,,,,,,,,,,,,
"Dementia and Alzheimer's: F01, F03 and G30",,,,,,,,,,,,
Circulatory: I00:I99,,,,,,,,,,,,
Respiratory: J00-J99,,,,,,,,,,,,
COVID-19: U07,,,,,,,,,,,,
,,,,,,,,,,,,
� Crown Copyright 2020,,,,,,,,,,,,
