"Figure 3a: COVID-19 deaths registered between weeks 1 and 25, 2020 by age group, Scotland",,,,,,,,,,,,,
"Figure 3b: All deaths registered between weeks 1 and 25, 2020 by age group, Scotland",,,,,,,,,,,,,
,,,,,,,,,,,,,
,Total deaths to date,Proportions,Covid deaths to date,Proportions,,,,,,,,,
Under 1 year,76,0%,0,0%,,,,,,,,,
01-14,39,0%,0,0%,,,,,,,,,
15-44,"1,133",3%,27,1%,,,,,,,,,
45-64,"4,536",14%,339,8%,,,,,,,,,
65-74,"5,933",18%,593,14%,,,,,,,,,
75-84,"10,022",30%,"1,373",33%,,,,,,,,,
85+,"11,665",35%,"1,787",43%,,,,,,,,,
,,,,,,,,,,,,,
� Crown Copyright 2020,,,,,,,,,,,,,
