"Figure S3: Main pre-existing medical condition in deaths involving COVID-19,  between 1st March 2020 and 30th June 20201",,,,,,,,,,,,,,
,,,,,,,,,,,,,,
Month,Pre-existing condition,Number of COVID-19 deaths,Proportion of all COVID-19 deaths,,,,,,,,,,,
,,,,,,,,,,,,,,
March,none, 25 ,8%,,,,,,,,,,,
,Diabetes, 20 ,7%,,,,,,,,,,,
,Influenza and pneumonia, 21 ,7%,,,,,,,,,,,
,Dementia and Alzheimer's Disease, 30 ,10%,,,,,,,,,,,
,Ischaemic heart diseases, 51 ,17%,,,,,,,,,,,
,Chronic lower respiratory diseases, 53 ,18%,,,,,,,,,,,
,Total Deaths, 297 ,,,,,,,,,,,,
April,none, 215 ,9%,,,,,,,,,,,
,Diseases of the urinary system, 108 ,4%,,,,,,,,,,,
,Cerebrovascular disease, 152 ,6%,,,,,,,,,,,
,Chronic lower respiratory diseases, 279 ,11%,,,,,,,,,,,
,Ischaemic heart diseases, 316 ,13%,,,,,,,,,,,
,Dementia and Alzheimer's Disease, 783 ,31%,,,,,,,,,,,
,Total Deaths," 2,504 ",,,,,,,,,,,,
May,none, 89 ,8%,,,,,,,,,,,
,"Symptoms, signs and ill-defined conditions", 55 ,5%,,,,,,,,,,,
,Cerebrovascular disease, 66 ,6%,,,,,,,,,,,
,Chronic lower respiratory diseases, 89 ,8%,,,,,,,,,,,
,Ischaemic heart diseases, 132 ,11%,,,,,,,,,,,
,Dementia and Alzheimer's Disease, 442 ,38%,,,,,,,,,,,
,Total Deaths," 1,175 ",,,,,,,,,,,,
June,disease, 14 ,7%,,,,,,,,,,,
,Influenza and pneumonia, 10 ,5%,,,,,,,,,,,
,Cerebrovascular disease, 12 ,6%,,,,,,,,,,,
,Chronic lower respiratory diseases, 19 ,10%,,,,,,,,,,,
,Ischaemic heart diseases, 25 ,13%,,,,,,,,,,,
,Dementia and Alzheimer's Disease, 55 ,28%,,,,,,,,,,,
,Total Deaths, 197 ,,,,,,,,,,,,
March - June combined,none, 343 ,8%,,,,,,,,,,,
,Diabetes, 167 ,4%,,,,,,,,,,,
,Cerebrovascular disease, 247 ,6%,,,,,,,,,,,
,Chronic lower respiratory diseases, 440 ,11%,,,,,,,,,,,
,Ischaemic heart diseases, 524 ,13%,,,,,,,,,,,
,Dementia and Alzheimer's Disease," 1,310 ",31%,,,,,,,,,,,
,Total Deaths," 4,173 ",,,,,,,,,,,,
,,,,,,,,,,,,,,
Note:,,,,,,,,,,,,,,
Further information on pre-existing conditions can be found on page 17 of the publication.,,,,,,,,,,,,,,
1) Figures are for deaths occurring between 1 March 2020 and 30 June 2020. Figures only include deaths that were registered by 12 July 2020. More information on registration delays can be found on the NRS website:,,,,,,,,,,,,,,
,,,,,,,,,,,,,,
,,,,,,,,,,,,,,
� Crown Copyright 2020,,,,,,,,,,,,,,
,,,,,,,,,,,,,,
,,,,,,,,,,,,,,
,,,,,,,,,,,,,,
,,,,,,,,,,,,,,
,,,,,,,,,,,,,,
,,,,,,,,,,,,,,
,,,,,,,,,,,,,,
,,,,,,,,,,,,,,
,,,,,,,,,,,,,,
