Figure S5: Age standardised death rates by urban rural classification,,,,,,,,,
,,,,,,,,,
,Urban rural classification,Rate,Lower CI,Upper CI,,,,,
All causes,Large Urban Areas,286.6,278.3,294.9,8.3,,,,
,Other Urban Areas,270.4,263.0,277.8,7.4,,,,
,Accessible Small Towns,231.3,217.5,245.0,13.8,,,,
,Remote Small Towns,242.2,222.5,262.0,19.7,,,,
,Accessible Rural Areas,216.3,204.4,228.3,11.9,,,,
,Remote Rural Areas,191.6,177.4,205.8,14.2,,,,
COVID-19,Large Urban Areas,76.8,72.4,81.2,4.4,,,,
,Other Urban Areas,57.8,54.3,61.2,3.5,,,,
,Accessible Small Towns,39.0,33.3,44.7,5.7,,,,
,Remote Small Towns,29.6,22.6,36.5,7.0,,,,
,Accessible Rural Areas,35.7,30.8,40.7,4.9,,,,
,Remote Rural Areas,17.9,13.5,22.2,4.4,,,,
,,,,,,,,,
� Crown copyright 2020,,,,,,,,,
