Figure S2: Leading causes of death in March and April 2020,,,,,,,,,,
,,,,,,,,,,
Month,Rank,Cause,ICD codes,Deaths1,Percentage of all deaths,,,,,
,,,,,,,,,,
March,1,Dementia and Alzheimer's Disease,"F01, F03, G30                                                                        ",650,11.6%,,,,,
,2,Ischaemic heart diseases,I20-I25                                                                              ,587,10.5%,,,,,
,3,Cerebrovascular disease,I60-I69                                                                              ,377,6.7%,,,,,
,4,"Malignant neoplasm of trachea, bronchus and lung",C33-C34                                                                              ,364,6.5%,,,,,
,5,Chronic lower respiratory diseases,J40-J47                                                                              ,272,4.9%,,,,,
,,,,,,,,,,
April,1,COVID-19,U07                                                                                  ,2404,31.6%,,,,,
,2,Dementia and Alzheimer's Disease,"F01, F03, G30                                                                        ",785,10.3%,,,,,
,3,Ischaemic heart diseases,I20-I25                                                                              ,568,7.5%,,,,,
,4,Cerebrovascular disease,I60-I69                                                                              ,370,4.9%,,,,,
,5,"Malignant neoplasm of trachea, bronchus and lung",C33-C34                                                                              ,326,4.3%,,,,,
,,,,,,,,,,
Footnote:,,,,,,,,,,
1) Numbers are provisional and subject to future revisions,,,,,,,,,,
,,,,,,,,,,
� Crown copyright 2020,,,,,,,,,,
,,,,,,,,,,
,,,,,,,,,,
5,"Malignant neoplasm of trachea, bronchus and lung",326,,,,,,,,
4,Cerebrovascular disease,370,,,,,,,,
3,Ischaemic heart diseases,568,,,,,,,,
2,Dementia and Alzheimer's Disease,785,,,,,,,,
1,COVID-19,2404,,,,,,,,
,,,,,,,,,,
5,Chronic lower respiratory diseases,272,,,,,,,,
4,"Malignant neoplasm of trachea, bronchus and lung",364,,,,,,,,
3,Cerebrovascular disease,377,,,,,,,,
2,Ischaemic heart diseases,587,,,,,,,,
1,Dementia and Alzheimer's Disease,650,,,,,,,,
,,,,,,,,,,
