"Table S1: Age standardised rates of deaths involving COVID-191,2,3,4",,,,,,,,,,,,,,,
,,,,,,,,,,,,,,,
,March 2020,,,,,,April 2020,,,,,,,,
,,,,,,,,,,,,,,,
,age standardised rate,lower confidence interval,upper confidence interval,Number of deaths,,,age standardised rate,lower confidence interval,upper confidence interval,Number of deaths,,,,,
,,,,,,,,,,,,,,,
,,,,,,,,,,,,,,,
All deaths involving COVID-195,,,,,,All deaths involving COVID-195,,,,,,,,,
,,,,,,,,,,,,,,,
,,,,,,,,,,,,,,,
Persons,65,58,72,296,,Persons,582,559,604,"2,497",,,,,
Females,47,39,56,124,,Females,479,453,505,"1,226",,,,,
Males,87,74,101,172,,Males,716,677,755,"1,271",,,,,
Deaths where COVID-19 was the underlying cause,,,,,,Deaths where COVID-19 was the underlying cause,,,,,,,,,
,,,,,,,,,,,,,,,
,,,,,,,,,,,,,,,
Persons,58,51,66,265,,Persons,560,538,582,"2,404",,,,,
Females,42,34,50,111,,Females,461,436,487,"1,180",,,,,
Males,79,66,92,154,,Males,691,653,729,"1,224",,,,,
All deaths,,,,,,All deaths,,,,,,,,,
,,,,,,,,,,,,,,,
Persons,"1,248","1,217","1,279","5,605",,Persons,"1,763","1,727","1,800","7,607",,,,,
Females,"1,065","1,027","1,103","2,771",,Females,"1,505","1,461","1,549","3,813",,,,,
Males,"1,482","1,430","1,535","2,834",,Males,"2,088","2,027","2,149","3,794",,,,,
,,,,,,,,,,,,,,,
Footnotes:,,,,,,,,,,,,,,,
"1) Age-standardised mortality rates are presented per 100,000 people and standardised to the 2013 European Standard Population. Age-standardised mortality rates allow for differences in the age structure of populations and therefore allow valid comparisons to be made between geographical areas, the sexes and over time. ",,,,,,,,,,,,,,,
,,,,,,,,,,,,,,,
"2) The lower and upper 95% confidence limits have been provided. These form a confidence interval, which is a measure of the statistical precision of an estimate and shows the range of uncertainty around the estimated figure. Calculations based on small numbers of events are often subject to random fluctuations. As a general rule, if the confidence interval around one figure overlaps with the interval around another, we cannot say with certainty that there is more than a chance difference between the two figures.",,,,,,,,,,,,,,,
,,,,,,,,,,,,,,,
,,,,,,,,,,,,,,,
3) Monthly populations have been calculated by interpolating between annual population estimates and  projections. ,,,,,,,,,,,,,,,
4) Numbers are provisional and subject to future revision.,,,,,,,,,,,,,,,
"5) All deaths where COVID-19 is mentioned on the death cate, whether as the underlying cause or a contributory cause.",,,,,,,,,,,,,,,
,,,,,,,,,,,,,,,
� Crown copyright 2020,,,,,,,,,,,,,,,
,,,,,,,,,,,,,,,
,,,,,,,,,,,,,,,
,,,,,,,,,,,,,,,
,,,,,,,,,,,,,,,
