Figure S3: Pre-existing medical conditions in deaths involving COVID-19,,,,,,,
,,,,,,,
Month,Pre-existing condition,Number of COVID-19 deaths,Proportion of all COVID-19 deaths,,,,
,,,,,,,
March,none,25,8%,,,,
,Diabetes,20,7%,,,,
,Influenza and pneumonia,21,7%,,,,
,Dementia and Alzheimer's Disease,30,10%,,,,
,Ischaemic heart diseases,50,17%,,,,
,Chronic lower respiratory diseases,53,18%,,,,
,Total Deaths,296,,,,,
April,none,216,9%,,,,
,Diseases of the urinary system,107,4%,,,,
,Cerebrovascular disease,151,6%,,,,
,Chronic lower respiratory diseases,277,11%,,,,
,Ischaemic heart diseases,316,13%,,,,
,Dementia and Alzheimer's Disease,781,31%,,,,
,Total Deaths," 2,497 ",,,,,
,,,,,,,
Note:,,,,,,,
Further information on pre-existing conditions can be found on page 17 of the publication,,,,,,,
,,,,,,,
� Crown copyright 2020,,,,,,,
,,,,,,,
,,,,,,,
