"Figure 4: COVID-19 deaths registered between weeks 1 and 14 of 2020,  by health board of residence, Scotland",,,,,,,,,,,,,
,,,,,,,,,,,,,
,,,,,,,,,,,,,
,Total deaths to date,Covid deaths to date,Percentage covid,,,,,,,,,,
Ayrshire and Arran,1451,27,1.9%,,,,,,,,,,
Borders,424,16,3.8%,,,,,,,,,,
Dumfries and Galloway,603,12,2.0%,,,,,,,,,,
Fife,1174,15,1.3%,,,,,,,,,,
Forth Valley,997,27,2.7%,,,,,,,,,,
Grampian,1719,12,0.7%,,,,,,,,,,
Greater Glasgow and Clyde,3774,122,3.2%,,,,,,,,,,
Highland,1095,16,1.5%,,,,,,,,,,
Lanarkshire,2210,48,2.2%,,,,,,,,,,
Lothian,2410,41,1.7%,,,,,,,,,,
Orkney,62,0,0.0%,,,,,,,,,,
Shetland,62,1,1.6%,,,,,,,,,,
Tayside,1460,17,1.2%,,,,,,,,,,
Western Isles,112,0,0.0%,,,,,,,,,,
,,,,,,,,,,,,,
� Crown Copyright 2020,,,,,,,,,,,,,
