"Figure 3a: COVID-19 deaths registered between weeks 1 and 14, 2020 by age group, Scotland",,,,,,,,,,,,,
"Figure 3b: All deaths registered between weeks 1 and 14, 2020 by age group, Scotland",,,,,,,,,,,,,
,Total deaths to date,,Covid deaths to date,,,,,,,,,,
,,Proportions,,Proportions,,,,,,,,,
Under 1 year,41,0.2%,0,0.0%,,,,,,,,,
01-14,25,0.1%,0,0.0%,,,,,,,,,
15-44,587,3.3%,4,1.1%,,,,,,,,,
45-64,2460,14.0%,44,12.4%,,,,,,,,,
65-74,3256,18.5%,82,23.2%,,,,,,,,,
75-84,5189,29.6%,133,37.6%,,,,,,,,,
85+,5995,34.2%,91,25.7%,,,,,,,,,
,,,,,,,,,,,,,
� Crown Copyright 2020,,,,,,,,,,,,,
