"Figure 10: Main pre-existing medical condition in deaths involving COVID-19, by age and sex,  between 1st March 2020 and 31st January 20211.2",,,,,,,,,,,,,,
,,,,,,,,,,,,,,
,Pre-existing condition,Number of COVID-19 deaths,Proportion of all COVID-19 deaths,,,,,,,,,,,
,,,,,,,,,,,,,,
Males under 65,none, 81 ,15%,,,,,,,,,,,
,Influenza and pneumonia, 38 ,7%,,,,,,,,,,,
,Cirrhosis and other disease of liver, 49 ,9%,,,,,,,,,,,
,Chronic lower respiratory diseases, 52 ,10%,,,,,,,,,,,
,Ischaemic heart diseases, 58 ,11%,,,,,,,,,,,
,Diabetes, 74 ,14%,,,,,,,,,,,
,Total Deaths, 543 ,,,,,,,,,,,,
,,,,,,,,,,,,,,
Males 65+,none, 235 ,6%,,,,,,,,,,,
,Influenza and pneumonia, 239 ,6%,,,,,,,,,,,
,Cerebrovascular disease, 285 ,7%,,,,,,,,,,,
,Chronic lower respiratory diseases, 363 ,9%,,,,,,,,,,,
,Ischaemic heart diseases, 764 ,20%,,,,,,,,,,,
,Dementia and Alzheimer's Disease, 880 ,23%,,,,,,,,,,,
,Total Deaths," 3,843 ",,,,,,,,,,,,
,,,,,,,,,,,,,,
Females under 65,none, 36 ,11%,,,,,,,,,,,
,Cirrhosis and other disease of liver, 22 ,7%,,,,,,,,,,,
,Influenza and pneumonia, 23 ,7%,,,,,,,,,,,
,Ischaemic heart diseases, 29 ,9%,,,,,,,,,,,
,Diabetes, 33 ,10%,,,,,,,,,,,
,Chronic lower respiratory diseases, 71 ,21%,,,,,,,,,,,
,Total Deaths, 333 ,,,,,,,,,,,,
,,,,,,,,,,,,,,
Females 65+,none, 244 ,6%,,,,,,,,,,,
,Influenza and pneumonia, 230 ,6%,,,,,,,,,,,
,Cerebrovascular disease, 242 ,6%,,,,,,,,,,,
,Ischaemic heart diseases, 309 ,8%,,,,,,,,,,,
,Chronic lower respiratory diseases, 477 ,12%,,,,,,,,,,,
,Dementia and Alzheimer's Disease," 1,411 ",36%,,,,,,,,,,,
,Total Deaths," 3,885 ",,,,,,,,,,,,
,,,,,,,,,,,,,,
Note:,,,,,,,,,,,,,,
Further information on pre-existing conditions can be found in the publication.,,,,,,,,,,,,,,
1) Figures are for deaths occurring between 1 March 2020 and 31 January 2021. Figures only include deaths that were registered by 11 February 2021. More information on registration delays can be found on the NRS website:,,,,,,,,,,,,,,
,,,,,,,,,,,,,,
2) The rows for conditions do not sum to the total number of deaths because only the most common 5 conditions are listed here.,,,,,,,,,,,,,,
,,,,,,,,,,,,,,
� Crown Copyright 2021,,,,,,,,,,,,,,
,,,,,,,,,,,,,,
,,,,,,,,,,,,,,
,,,,,,,,,,,,,,
,,,,,,,,,,,,,,
,,,,,,,,,,,,,,
,,,,,,,,,,,,,,
,,,,,,,,,,,,,,
,,,,,,,,,,,,,,
,,,,,,,,,,,,,,
