"Figure 7: Age standardised rates1,2,3,4 for deaths involving COVID-195 by sex, between 1st March 2020 and 31st January 20216",,,,,,,,,,,,,,,,,,,,,,,,,,,,,,,,,,,,,,,,,,,,,,,,,,,,,
,,,,,,,,,,,,,,,,,,,,,,,,,,,,,,,,,,,,,,,,,,,,,,,,,,,,,
,March,,,April,,,May,,,June,,,July,,,Aug,,,Sept,,,Oct,,,Nov,,,Dec,,,Jan,,,March 2020 to Jan 2021,,,,,,,,,,,,,,,,,,,
,age standardised rate,lower confidence interval,upper confidence interval,age standardised rate,lower confidence interval,upper confidence interval,age standardised rate,lower confidence interval,upper confidence interval,age standardised rate,lower confidence interval,upper confidence interval,age standardised rate,lower confidence interval,upper confidence interval,age standardised rate,lower confidence interval,upper confidence interval,age standardised rate,lower confidence interval,upper confidence interval,age standardised rate,lower confidence interval,upper confidence interval,age standardised rate,lower confidence interval,upper confidence interval,age standardised rate,lower confidence interval,upper confidence interval,age standardised rate,lower confidence interval,upper confidence interval,age standardised rate,lower confidence interval,upper confidence interval,,,,,,,,,,,,,,,,,
,,,,,,,,,,,,,,,,,,,,,,,,,,,,,,,,,,,,,,,,,,,,,,,,,,,,,
,,,,,,,,,,,,,,,,,,,,,,,,,,,,,,,,,,,,,,,,,,,,,,,,,,,,,
All deaths involving COVID-195,,,,,,,,,,,,,,,,,,,,,,,,,,,,,,,,,,,,,,,,,,,,,,,,,,,,,
,,,,,,,,,,,,,,,,,,,,,,,,,,,,,,,,,,,,,,,,,,,,,,,,,,,,,
,,,,,,,,,,,,,,,,,,,,,,,,,,,,,,,,,,,,,,,,,,,,,,,,,,,,,
Persons,65.4,58.0,72.9,583.3,561.1,605.4,267.6,252.5,282.7,46.8,40.2,53.3,8.4,5.7,11.1,4.3,2.4,6.3,10.1,7.1,13.1,104.9,95.5,114.3,247.2,232.5,261.9,223.0,209.4,236.7,388.5,370.6,406.4,176.8,173.1,180.5,7.4,22.2,15.1,6.6,2.7,1.9,3.0,9.4,14.7,13.6,17.9,3.7,,,,,
Females,47.6,39.3,56.0,479.2,453.1,505.2,238.2,219.9,256.5,44.7,36.5,52.9,9.0,5.4,12.7,4.9,2.2,7.5,6.2,3.1,9.2,81.1,70.2,92.0,194.5,177.5,211.5,182.5,166.3,198.6,331.1,309.4,352.7,146.9,142.4,151.3,8.3,26.1,18.3,8.2,3.6,2.7,3.1,10.9,17.0,16.2,21.7,4.5,,,,,
Males,87.7,74.4,101.1,719.8,680.9,758.7,306.8,280.8,332.9,49.6,38.6,60.5,7.1,3.1,11.1,3.2,0.5,5.9,15.2,9.4,21.0,137.4,120.7,154.2,318.9,292.6,345.2,279.0,254.9,303.1,465.7,435.0,496.5,216.8,210.2,223.3,13.3,38.9,26.0,11.0,4.0,2.7,5.8,16.7,26.3,24.1,30.7,6.6,,,,,
Deaths where COVID-19 was the underlying cause,,,,,,,,,,,,,,,,,,,,,,,,,,,,,,,,,,,,,,,,,,,,,,,,,,,,,
,,,,,,,,,,,,,,,,,,,,,,,,,,,,,,,,,,,,,,,,,,,,,,,,,,,,,
,,,,,,,,,,,,,,,,,,,,,,,,,,,,,,,,,,,,,,,,,,,,,,,,,,,,,
Persons,58.6,51.6,65.7,561.6,539.8,583.4,242.9,228.4,257.3,36.0,30.3,41.8,3.6,1.8,5.4,2.1,0.7,3.5,8.1,5.4,10.8,94.8,85.9,103.7,214.9,201.2,228.7,186.5,174.0,199.1,338.5,321.8,355.3,158.4,154.9,161.9,7.0,21.8,14.5,5.7,1.8,1.4,2.7,8.9,13.7,12.5,16.7,3.5,,,,,
Females,42.6,34.7,50.5,460.7,435.1,486.2,215.4,198.0,232.8,35.6,28.3,42.9,4.1,1.7,6.6,3.0,0.9,5.2,4.6,2.0,7.2,70.5,60.3,80.6,167.7,151.9,183.5,150.9,136.2,165.6,282.6,262.6,302.6,130.3,126.2,134.5,7.9,25.6,17.4,7.3,2.4,2.1,2.6,10.2,15.8,14.7,20.0,4.1,,,,,
Males,79.0,66.2,91.7,694.9,656.6,733.3,278.7,253.8,303.6,36.6,27.1,46.1,2.9,0.3,5.5,0.5,-0.5,1.4,12.8,7.4,18.2,127.9,111.8,144.1,279.1,254.5,303.8,236.1,213.9,258.4,414.0,384.9,443.1,196.0,189.7,202.2,12.8,38.3,24.9,9.5,2.6,1.0,5.4,16.1,24.6,22.2,29.1,6.3,,,,,
,,,,,,,,,,,,,,,,,,,,,,,,,,,,,,,,,,,,,,,,,,,,,,,,,,,,,
Footnotes:,,,,,,,,,,,,,,,,,,,,,,,,,,,,,,,,,,,,,,,,,,,,,,,,,,,,,
"1) Age-standardised mortality rates are presented per 100,000 people and standardised to the 2013 European Standard Population. Age-standardised mortality rates allow for differences in the age structure of populations and therefore allow valid comparisons to be made between geographical areas, the sexes and over time. ",,,,,,,,,,,,,,,,,,,,,,,,,,,,,,,,,,,,,,,,,,,,,,,,,,,,,
,,,,,,,,,,,,,,,,,,,,,,,,,,,,,,,,,,,,,,,,,,,,,,,,,,,,,
"2) The lower and upper 95% confidence limits have been provided. These form a confidence interval, which is a measure of the statistical precision of an estimate and shows the range of uncertainty around the estimated figure. Calculations based on small numbers of events are often subject to random fluctuations. As a general rule, if the confidence interval around one figure overlaps with the interval around another, we cannot say with certainty that there is more than a chance difference between the two figures.",,,,,,,,,,,,,,,,,,,,,,,,,,,,,,,,,,,,,,,,,,,,,,,,,,,,,
,,,,,,,,,,,,,,,,,,,,,,,,,,,,,,,,,,,,,,,,,,,,,,,,,,,,,
,,,,,,,,,,,,,,,,,,,,,,,,,,,,,,,,,,,,,,,,,,,,,,,,,,,,,
3) Monthly populations have been calculated by interpolating between annual population estimates and  projections. ,,,,,,,,,,,,,,,,,,,,,,,,,,,,,,,,,,,,,,,,,,,,,,,,,,,,,
4) Numbers are provisional and subject to future revision.,,,,,,,,,,,,,,,,,,,,,,,,,,,,,,,,,,,,,,,,,,,,,,,,,,,,,
"5) All deaths where COVID-19 is mentioned on the death certificate, whether as the underlying cause or a contributory cause.",,,,,,,,,,,,,,,,,,,,,,,,,,,,,,,,,,,,,,,,,,,,,,,,,,,,,
6) Figures are for deaths occurring between 1 March 2020 and 31 January 2021. Figures only include deaths that were registered by 8 February 2021. More information on registration delays can be found on the NRS website:,,,,,,,,,,,,,,,,,,,,,,,,,,,,,,,,,,,,,,,,,,,,,,,,,,,,,
,,,,,,,,,,,,,,,,,,,,,,,,,,,,,,,,,,,,,,,,,,,,,,,,,,,,,
� Crown Copyright 2021,,,,,,,,,,,,,,,,,,,,,,,,,,,,,,,,,,,,,,,,,,,,,,,,,,,,,
