"Figure 8: Leading causes of death between 1st March 2020 and 31st January 20211,2",,,,,,,,,,,,
,,,,,,,,,,,,
Month,Rank,Cause,ICD codes,Deaths1,Percentage of all deaths,,,,,,,
,,,,,,,,,,,,
March,1,Dementia and Alzheimer's Disease,"F01, F03, G30                                                                        ", 656 ,11.6%,,,,,,,
,2,Ischaemic heart diseases,I20-I25                                                                              , 595 ,10.5%,,,,,,,
,3,Cerebrovascular disease,I60-I69                                                                              , 379 ,6.7%,,,,,,,
,4,"Malignant neoplasm of trachea, bronchus and lung",C33-C34                                                                              , 365 ,6.5%,,,,,,,
,5,Chronic lower respiratory diseases,J40-J47                                                                              , 277 ,4.9%,,,,,,,
April,1,COVID-19,U07                                                                                  ," 2,411 ",31.3%,,,,,,,
,2,Dementia and Alzheimer's Disease,"F01, F03, G30                                                                        ", 784 ,10.2%,,,,,,,
,3,Ischaemic heart diseases,I20-I25                                                                              , 580 ,7.5%,,,,,,,
,4,Cerebrovascular disease,I60-I69                                                                              , 374 ,4.9%,,,,,,,
,5,"Malignant neoplasm of trachea, bronchus and lung",C33-C34                                                                              , 331 ,4.3%,,,,,,,
May,1,COVID-19,U07," 1,064 ",18.4%,,,,,,,
,2,Ischaemic heart diseases,I20-I25, 557 ,9.6%,,,,,,,
,3,Dementia and Alzheimer's Disease,"F01, F03, G30", 501 ,8.7%,,,,,,,
,4,Cerebrovascular disease,I60-I69, 319 ,5.5%,,,,,,,
,5,"Malignant neoplasm of trachea, bronchus and lung",C33-C34, 286 ,4.9%,,,,,,,
June,1,Ischaemic heart diseases,I20-I25, 472 ,10.6%,,,,,,,
,2,Dementia and Alzheimer's Disease,"F01, F03, G30", 393 ,8.8%,,,,,,,
,3,"Malignant neoplasm of trachea, bronchus and lung",C33-C34, 287 ,6.5%,,,,,,,
,4,Cerebrovascular disease,I60-I69, 278 ,6.3%,,,,,,,
,5,Chronic lower respiratory diseases,J40-J47, 201 ,4.5%,,,,,,,
July,1,Ischaemic heart diseases,I20-I25, 529 ,11.8%,,,,,,,
,2,Dementia and Alzheimer's Disease,"F01, F03, G30", 416 ,9.2%,,,,,,,
,3,Cerebrovascular disease,I60-I69, 315 ,7.0%,,,,,,,
,4,"Malignant neoplasm of trachea, bronchus and lung",C33-C34, 313 ,7.0%,,,,,,,
,5,"Symptoms, signs and ill-defined conditions",R00-R99, 188 ,4.2%,,,,,,,
August,1,Ischaemic heart diseases,I20-I25, 500 ,11.3%,,,,,,,
,2,Dementia and Alzheimer's Disease,"F01, F03, G30", 414 ,9.4%,,,,,,,
,3,"Malignant neoplasm of trachea, bronchus and lung",C33-C34, 325 ,7.4%,,,,,,,
,4,Cerebrovascular disease,I60-I69, 272 ,6.2%,,,,,,,
,5,Chronic lower respiratory diseases,J40-J47, 188 ,4.3%,,,,,,,
September,1,Ischaemic heart diseases,I20-I25, 506 ,11.3%,,,,,,,
,2,Dementia and Alzheimer's Disease,"F01, F03, G30", 440 ,9.8%,,,,,,,
,3,"Malignant neoplasm of trachea, bronchus and lung",C33-C34, 320 ,7.1%,,,,,,,
,4,Cerebrovascular disease,I60-I69, 305 ,6.8%,,,,,,,
,5,Chronic lower respiratory diseases,J40-J47, 211 ,4.7%,,,,,,,
October,1,Ischaemic heart diseases,I20-I25, 573 ,11.0%,,,,,,,
,2,Dementia and Alzheimer's Disease,"F01, F03, G30", 496 ,9.5%,,,,,,,
,3,COVID-19,U07                                                                                  , 435 ,8.4%,,,,,,,
,4,Cerebrovascular disease,I60-I69, 328 ,6.3%,,,,,,,
,5,"Malignant neoplasm of trachea, bronchus and lung",C33-C34, 315 ,6.1%,,,,,,,
November,1,COVID-19,U07, 934 ,16.5%,,,,,,,
,2,Ischaemic heart diseases,I20-I25, 565 ,10.0%,,,,,,,
,3,Dementia and Alzheimer's Disease,"F01, F03, G30", 503 ,8.9%,,,,,,,
,4,Cerebrovascular disease,I60-I69, 308 ,5.4%,,,,,,,
,5,"Malignant neoplasm of trachea, bronchus and lung",C33-C34, 294 ,5.2%,,,,,,,
December,1,COVID-19,U07, 844 ,13.9%,,,,,,,
,2,Ischaemic heart diseases,I20-I25, 637 ,10.5%,,,,,,,
,3,Dementia and Alzheimer's Disease,"F01, F03, G30", 518 ,8.5%,,,,,,,
,4,Cerebrovascular disease,I60-I69, 364 ,6.0%,,,,,,,
,5,"Malignant neoplasm of trachea, bronchus and lung",C33-C34, 357 ,5.9%,,,,,,,
,1,COVID-19,U07," 1,533 ",23.5%,,,,,,,
,2,Ischaemic heart diseases,I20-I25, 595 ,9.1%,,,,,,,
January,3,Dementia and Alzheimer's Disease,"F01, F03, G30", 517 ,7.9%,,,,,,,
,4,Cerebrovascular disease,I60-I69, 342 ,5.2%,,,,,,,
,5,"Malignant neoplasm of trachea, bronchus and lung",C33-C34, 338 ,5.2%,,,,,,,
March - Jan combined,1,COVID-19,U07,7699,12.7%,,,,,,,
,2,Ischaemic heart diseases,I20-I25,6109,10.1%,,,,,,,
,3,Dementia and Alzheimer's Disease,"F01, F03, G30",5638,9.3%,,,,,,,
,4,Cerebrovascular disease,I60-I69,3584,5.9%,,,,,,,
,5,"Malignant neoplasm of trachea, bronchus and lung",C33-C34,3531,5.8%,,,,,,,
,,,,,,,,,,,,
Footnote:,,,,,,,,,,,,
1) Numbers are provisional and subject to future revisions,,,,,,,,,,,,
2) Figures are for deaths occurring between 1 March 2020 and 31 January 2021. Figures only include deaths that were registered by 11 February 2021. More information on registration delays can be found on the NRS website:,,,,,,,,,,,,
,,,,,,,,,,,,
,,,,,,,,,,,,
� Crown Copyright 2021,,,,,,,,,,,,
,,,,,,,,,,,,
,,,,,,,,,,,,
5,"Malignant neoplasm of trachea, bronchus and lung",3531,,,,,,,,,,
4,Cerebrovascular disease,3584,,,,,,,,,,
3,Dementia and Alzheimer's Disease,5638,,,,,,,,,,
2,Ischaemic heart diseases,6109,,,,,,,,,,
1,COVID-19,7699,,,,,,,,,,
,,,,,,,,,,,,
5,"Malignant neoplasm of trachea, bronchus and lung",294,,,,,,,,,,
4,Cerebrovascular disease,308,,,,,,,,,,
3,Dementia and Alzheimer's Disease,503,,,,,,,,,,
2,Ischaemic heart diseases,565,,,,,,,,,,
1,COVID-19,934,,,,,,,,,,
,,,,,,,,,,,,
5,"Malignant neoplasm of trachea, bronchus and lung",315,,,,,,,,,,
4,Cerebrovascular disease,328,,,,,,,,,,
3,COVID-19,435,,,,,,,,,,
2,Dementia and Alzheimer's Disease,496,,,,,,,,,,
1,Ischaemic heart diseases,573,,,,,,,,,,
,,,,,,,,,,,,
5,Chronic lower respiratory diseases,211,,,,,,,,,,
4,Cerebrovascular disease,305,,,,,,,,,,
3,"Malignant neoplasm of trachea, bronchus and lung",320,,,,,,,,,,
2,Dementia and Alzheimer's Disease,440,,,,,,,,,,
1,Ischaemic heart diseases,506,,,,,,,,,,
,,,,,,,,,,,,
5,Chronic lower respiratory diseases,188,,,,,,,,,,
4,Cerebrovascular disease,272,,,,,,,,,,
3,"Malignant neoplasm of trachea, bronchus and lung",325,,,,,,,,,,
2,Dementia and Alzheimer's Disease,414,,,,,,,,,,
1,Ischaemic heart diseases,500,,,,,,,,,,
,,,,,,,,,,,,
5,"Symptoms, signs and ill-defined conditions",188,,,,,,,,,,
4,"Malignant neoplasm of trachea, bronchus and lung",313,,,,,,,,,,
3,Cerebrovascular disease,315,,,,,,,,,,
2,Dementia and Alzheimer's Disease,416,,,,,,,,,,
1,Ischaemic heart diseases,529,,,,,,,,,,
,,,,,,,,,,,,
5,Chronic lower respiratory diseases,201,,,,,,,,,,
4,Cerebrovascular disease,278,,,,,,,,,,
3,"Malignant neoplasm of trachea, bronchus and lung",287,,,,,,,,,,
2,Dementia and Alzheimer's Disease,393,,,,,,,,,,
1,Ischaemic heart diseases,472,,,,,,,,,,
,,,,,,,,,,,,
5,"Malignant neoplasm of trachea, bronchus and lung",286,,,,,,,,,,
4,Cerebrovascular disease,319,,,,,,,,,,
3,Dementia and Alzheimer's Disease,501,,,,,,,,,,
2,Ischaemic heart diseases,557,,,,,,,,,,
1,COVID-19,1064,,,,,,,,,,
,,,,,,,,,,,,
5,"Malignant neoplasm of trachea, bronchus and lung",331,,,,,,,,,,
4,Cerebrovascular disease,374,,,,,,,,,,
3,Ischaemic heart diseases,580,,,,,,,,,,
2,Dementia and Alzheimer's Disease,784,,,,,,,,,,
1,COVID-19,2411,,,,,,,,,,
,,,,,,,,,,,,
5,Chronic lower respiratory diseases,277,,,,,,,,,,
4,"Malignant neoplasm of trachea, bronchus and lung",365,,,,,,,,,,
3,Cerebrovascular disease,379,,,,,,,,,,
2,Ischaemic heart diseases,595,,,,,,,,,,
1,Dementia and Alzheimer's Disease,656,,,,,,,,,,
,,,,,,,,,,,,
,,,,,,,,,,,,
,,,,,,,,,,,,
,,,,,,,,,,,,
,,,,,,,,,,,,
,,,,,,,,,,,,
,,,,,,,,,,,,
,,,,,,,,,,,,
,,,,,,,,,,,,
,,,,,,,,,,,,
