"Figure 3a: COVID-19 deaths registered between weeks 1 and 16, 2020 by age group, Scotland",,,,,,,,,,,,,
"Figure 3b: All deaths registered between weeks 1 and 16, 2020 by age group, Scotland",,,,,,,,,,,,,
,,,,,,,,,,,,,
,Total deaths to date,Proportions,Covid deaths to date,Proportions,,,,,,,,,
Under 1 year,53,0.2%,0,0.0%,,,,,,,,,
01-14,27,0.1%,0,0.0%,,,,,,,,,
15-44,689,3.2%,10,0.6%,,,,,,,,,
45-64,2914,13.6%,154,9.5%,,,,,,,,,
65-74,3881,18.1%,263,16.3%,,,,,,,,,
75-84,6434,30.0%,586,36.3%,,,,,,,,,
85+,7448,34.7%,603,37.3%,,,,,,,,,
,,,,,,,,,,,,,
� Crown Copyright 2020,,,,,,,,,,,,,
