"Figure 7 : Deaths involving COVID-19 by location of death, weeks 14 to 19, 2020",,,,,,,,,,,,,,,
,,,,,,,,,,,,,,,
Week number,12 ,13 ,14 ,15 ,16 ,17 ,18 ,19 ,,,,,,,
Registered deaths by location,,,,,,,,,,,,,,,
Care Home,0,5,49,189,303,340,314,238,,,,,,,
Home / Non-institution,2,14,39,64,36,42,17,23,,,,,,,
Hospital,8,43,193,357,311,277,194,154,,,,,,,
Other institution,0,0,1,0,0,0,0,0,,,,,,,
Total,10,62,282,610,650,659,525,415,,,,,,,
Percentage of deaths registered by location,,,,,,,,,,,,,,,
,,,,,,,,,,,,,,,
Care Home,0%,8%,17%,31%,47%,52%,60%,57%,,,,,,,
Home / Non-institution,20%,23%,14%,10%,6%,6%,3%,6%,,,,,,,
Hospital,80%,69%,68%,59%,48%,42%,37%,37%,,,,,,,
Other institution,0%,0%,0%,0%,0%,0%,0%,0%,,,,,,,
,,,,,,,,,,,,,,,
� Crown Copyright 2020,,,,,,,,,,,,,,,
