"Figure 3a: COVID-19 deaths registered between weeks 1 and 19, 2020 by age group, Scotland",,,,,,,,,,,,,
"Figure 3b: All deaths registered between weeks 1 and 19, 2020 by age group, Scotland",,,,,,,,,,,,,
,Total deaths to date,,Covid deaths to date,,,,,,,,,,
,,Proportions,,Proportions,,,,,,,,,
Under 1 year,58,0%,0,0%,,,,,,,,,
01-14,31,0%,0,0%,,,,,,,,,
15-44,833,3%,21,1%,,,,,,,,,
45-64,"3,534",13%,279,9%,,,,,,,,,
65-74,"4,702",18%,486,15%,,,,,,,,,
75-84,"7,960",30%,"1,098",34%,,,,,,,,,
85+,"9,283",35%,"1,329",41%,,,,,,,,,
,,,,,,,,,,,,,
� Crown Copyright 2020,,,,,,,,,,,,,
