"Figure 3a: COVID-19 deaths registered between weeks 1 and 21, 2020 by age group, Scotland",,,,,,,,,,,,,
"Figure 3b: All deaths registered between weeks 1 and 21, 2020 by age group, Scotland",,,,,,,,,,,,,
,,,,,,,,,,,,,
,Total deaths to date,Proportions,Covid deaths to date,Proportions,,,,,,,,,
Under 1 year,66,0%,0,0%,,,,,,,,,
01-14,36,0%,0,0%,,,,,,,,,
15-44,937,3%,23,1%,,,,,,,,,
45-64,"3,911",13%,316,8%,,,,,,,,,
65-74,"5,152",18%,557,15%,,,,,,,,,
75-84,"8,722",30%,"1,262",33%,,,,,,,,,
85+,"10,249",35%,"1,621",43%,,,,,,,,,
,,,,,,,,,,,,,
� Crown Copyright 2020,,,,,,,,,,,,,
