"Table 3: Provisional1 figures on deaths registered2 in Scotland by location and area of usual residence, 2020 up to 24th May (week 21)",,,,,,,,,,,,,
,,,,,,,,,,,,,
,Deaths where COVID-19 was mentioned on the death certificate,,,,,,Deaths from all causes,,,,,,
,"Care
Home",Home / Non-institution,Hospital,"Other
institution3",All locations,,"Care
Home",Home / Non-institution,Hospital,"Other
institution3",All locations,,
,,,,,,,,,,,,,
,,,,,,,,,,,,,
,,,,,,,,,,,,,
All areas,"1,749",264,"1,760",6,"3,779",,"8,027","8,598","12,341",107,"29,073",,
,,,,,,,,,,,,,
Deaths by NHS Board of usual residence 4,,,,,,,,,,,,,
,,,,,,,,,,,,,
Ayrshire and Arran,116,19,127,0,262,,584,667,"1,065",3,"2,319",,
Borders,5,6,47,0,58,,106,168,310,49,633,,
Dumfries and Galloway,9,1,37,0,47,,176,283,432,0,891,,
Fife,66,15,100,0,181,,452,550,845,0,"1,847",,
Forth Valley,111,22,82,0,215,,496,486,658,4,"1,644",,
Grampian,110,24,97,0,231,,706,785,"1,175",2,"2,668",,
Greater Glasgow and Clyde,572,56,600,4,"1,232",,"2,043","1,922","2,724",17,"6,706",,
Highland,35,14,58,0,107,,422,594,696,0,"1,712",,
Lanarkshire,204,47,259,2,512,,944,"1,185","1,587",13,"3,729",,
Lothian,387,34,228,0,649,,"1,342","1,108","1,702",0,"4,152",,
Orkney,0,0,2,0,2,,13,71,17,0,101,,
Shetland,5,0,2,0,7,,45,22,28,0,95,,
Tayside,129,26,121,0,276,,648,711,"1,044",19,"2,422",,
Western Isles,0,0,0,0,0,,50,46,58,0,154,,
,,,,,,,,,,,,,
Deaths by Council Area of usual residence4,,,,,,,,,,,,,
,,,,,,,,,,,,,
Aberdeen City,52,6,49,0,107,,262,264,482,0,"1,008",,
Aberdeenshire,56,14,40,0,110,,355,358,504,2,"1,219",,
Angus,37,6,19,0,62,,176,210,257,0,643,,
Argyll and Bute,22,8,31,0,61,,112,212,216,0,540,,
City of Edinburgh,234,16,136,0,386,,822,598,902,0,"2,322",,
Clackmannanshire,33,1,9,0,43,,109,80,106,2,297,,
Dumfries and Galloway,9,1,37,0,47,,176,283,432,0,891,,
Dundee City,72,15,62,0,149,,226,278,420,0,924,,
East Ayrshire,28,5,35,0,68,,147,234,333,2,716,,
East Dunbartonshire,82,4,36,0,122,,232,161,222,0,615,,
East Lothian,52,4,20,0,76,,170,135,232,0,537,,
East Renfrewshire,46,4,44,0,94,,161,127,190,1,479,,
Falkirk,59,13,47,0,119,,262,269,381,0,912,,
Fife,66,15,100,0,181,,452,550,845,0,"1,847",,
Glasgow City,253,25,320,4,602,,954,963,"1,402",11,"3,330",,
Highland,13,6,27,0,46,,310,382,480,0,"1,172",,
Inverclyde,38,11,60,0,109,,177,183,263,0,623,,
Midlothian,69,5,36,0,110,,166,110,198,0,474,,
Moray,2,4,8,0,14,,89,163,189,0,441,,
Na h-Eileanan Siar,0,0,0,0,0,,50,46,58,0,154,,
North Ayrshire,41,9,45,0,95,,208,242,400,1,851,,
North Lanarkshire,82,19,136,1,238,,411,623,824,9,"1,867",,
Orkney Islands,0,0,2,0,2,,13,71,17,0,101,,
Perth and Kinross,20,5,40,0,65,,246,223,367,19,855,,
Renfrewshire,95,8,87,0,190,,363,291,429,5,"1,088",,
Scottish Borders,5,6,47,0,58,,106,168,310,49,633,,
Shetland Islands,5,0,2,0,7,,45,22,28,0,95,,
South Ayrshire,47,5,47,0,99,,229,191,332,0,752,,
South Lanarkshire,122,28,123,1,274,,533,562,763,4,"1,862",,
Stirling,19,8,26,0,53,,125,137,171,2,435,,
West Dunbartonshire,58,4,53,0,115,,156,197,218,0,571,,
West Lothian,32,9,36,0,77,,184,265,370,0,819,,
,,,,,,,,,,,,,
Footnotes,,,,,,,,,,,,,
1) Figures are provisional and subject to change.,,,,,,,,,,,,,
"2) Figures are based on date of registration.  In Scotland deaths must be registered within 8 days although in practice, the average time between death and registration is around 3 days. More information on days between occurrence and registration can be found on the NRS website.",,,,,,,,,,,,,
,,,,,,,,,,,,,
"3) Other institutions include clinics, medical centres, prisons and schools.",,,,,,,,,,,,,
"4) Figures include non-residents.  Deaths are allocated to area based on the usual residence of the deceased.  If the deceased was not a Scottish resident, the death is allocated to the area where the death occurred.",,,,,,,,,,,,,
,,,,,,,,,,,,,
Source: National Records of Scotland.,,,,,,,,,,,,,
,,,,,,,,,,,,,
� Crown Copyright 2020,,,,,,,,,,,,,
