areaType,areaName,areaCode,date,newAdmissions,cumAdmissions
nation,England,E92000001,2021-01-10,3571,277751
nation,England,E92000001,2021-01-09,3718,274180
nation,England,E92000001,2021-01-08,3549,270462
nation,England,E92000001,2021-01-07,3849,266913
nation,England,E92000001,2021-01-06,3967,263064
nation,England,E92000001,2021-01-05,3697,259097
nation,England,E92000001,2021-01-04,3587,255400
nation,England,E92000001,2021-01-03,3351,251813
nation,England,E92000001,2021-01-02,3145,248462
nation,England,E92000001,2021-01-01,3010,245317
nation,England,E92000001,2020-12-31,2536,242307
nation,England,E92000001,2020-12-30,2861,239771
nation,England,E92000001,2020-12-29,2886,236910
nation,England,E92000001,2020-12-28,2795,234024
nation,England,E92000001,2020-12-27,2572,231229
nation,England,E92000001,2020-12-26,2298,228657
nation,England,E92000001,2020-12-25,1952,226359
nation,England,E92000001,2020-12-24,1795,224407
nation,England,E92000001,2020-12-23,1980,222612
nation,England,E92000001,2020-12-22,2203,220632
nation,England,E92000001,2020-12-21,2115,218429
nation,England,E92000001,2020-12-20,1976,216314
nation,England,E92000001,2020-12-19,1812,214338
nation,England,E92000001,2020-12-18,1672,212526
nation,England,E92000001,2020-12-17,1873,210854
nation,England,E92000001,2020-12-16,1796,208981
nation,England,E92000001,2020-12-15,1730,207185
nation,England,E92000001,2020-12-14,1746,205455
nation,England,E92000001,2020-12-13,1581,203709
nation,England,E92000001,2020-12-12,1587,202128
nation,England,E92000001,2020-12-11,1450,200541
nation,England,E92000001,2020-12-10,1524,199091
nation,England,E92000001,2020-12-09,1550,197567
nation,England,E92000001,2020-12-08,1528,196017
nation,England,E92000001,2020-12-07,1466,194489
nation,England,E92000001,2020-12-06,1311,193023
nation,England,E92000001,2020-12-05,1186,191712
nation,England,E92000001,2020-12-04,1248,190526
nation,England,E92000001,2020-12-03,1337,189278
nation,England,E92000001,2020-12-02,1262,187941
nation,England,E92000001,2020-12-01,1271,186679
nation,England,E92000001,2020-11-30,1216,185408
nation,England,E92000001,2020-11-29,1215,184192
nation,England,E92000001,2020-11-28,1065,182977
nation,England,E92000001,2020-11-27,1055,181912
nation,England,E92000001,2020-11-26,1198,180857
nation,England,E92000001,2020-11-25,1415,179659
nation,England,E92000001,2020-11-24,1277,178244
nation,England,E92000001,2020-11-23,1385,176967
nation,England,E92000001,2020-11-22,1333,175582
nation,England,E92000001,2020-11-21,1255,174249
nation,England,E92000001,2020-11-20,1316,172994
nation,England,E92000001,2020-11-19,1484,171678
nation,England,E92000001,2020-11-18,1571,170194
nation,England,E92000001,2020-11-17,1491,168623
nation,England,E92000001,2020-11-16,1560,167132
nation,England,E92000001,2020-11-15,1467,165572
nation,England,E92000001,2020-11-14,1388,164105
nation,England,E92000001,2020-11-13,1433,162717
nation,England,E92000001,2020-11-12,1666,161284
nation,England,E92000001,2020-11-11,1711,159618
nation,England,E92000001,2020-11-10,1592,157907
nation,England,E92000001,2020-11-09,1551,156315
nation,England,E92000001,2020-11-08,1488,154764
nation,England,E92000001,2020-11-07,1319,153276
nation,England,E92000001,2020-11-06,1182,151957
nation,England,E92000001,2020-11-05,1346,150775
nation,England,E92000001,2020-11-04,1382,149429
nation,England,E92000001,2020-11-03,1246,148047
nation,England,E92000001,2020-11-02,1331,146801
nation,England,E92000001,2020-11-01,1280,145470
nation,England,E92000001,2020-10-31,1240,144190
nation,England,E92000001,2020-10-30,1109,142950
nation,England,E92000001,2020-10-29,1345,141841
nation,England,E92000001,2020-10-28,1239,140496
nation,England,E92000001,2020-10-27,1190,139257
nation,England,E92000001,2020-10-26,1279,138067
nation,England,E92000001,2020-10-25,1186,136788
nation,England,E92000001,2020-10-24,990,135602
nation,England,E92000001,2020-10-23,997,134612
nation,England,E92000001,2020-10-22,987,133615
nation,England,E92000001,2020-10-21,997,132628
nation,England,E92000001,2020-10-20,925,131631
nation,England,E92000001,2020-10-19,861,130706
nation,England,E92000001,2020-10-18,870,129845
nation,England,E92000001,2020-10-17,785,128975
nation,England,E92000001,2020-10-16,632,128190
nation,England,E92000001,2020-10-15,792,127558
nation,England,E92000001,2020-10-14,706,126766
nation,England,E92000001,2020-10-13,764,126060
nation,England,E92000001,2020-10-12,664,125296
nation,England,E92000001,2020-10-11,628,124632
nation,England,E92000001,2020-10-10,515,124004
nation,England,E92000001,2020-10-09,544,123489
nation,England,E92000001,2020-10-08,513,122945
nation,England,E92000001,2020-10-07,491,122432
nation,England,E92000001,2020-10-06,524,121941
nation,England,E92000001,2020-10-05,472,121417
nation,England,E92000001,2020-10-04,478,120945
nation,England,E92000001,2020-10-03,386,120467
nation,England,E92000001,2020-10-02,371,120081
nation,England,E92000001,2020-10-01,368,119710
nation,England,E92000001,2020-09-30,328,119342
nation,England,E92000001,2020-09-29,310,119014
nation,England,E92000001,2020-09-28,308,118704
nation,England,E92000001,2020-09-27,241,118396
nation,England,E92000001,2020-09-26,245,118155
nation,England,E92000001,2020-09-25,274,117910
nation,England,E92000001,2020-09-24,288,117636
nation,England,E92000001,2020-09-23,314,117348
nation,England,E92000001,2020-09-22,268,117034
nation,England,E92000001,2020-09-21,275,116766
nation,England,E92000001,2020-09-20,237,116491
nation,England,E92000001,2020-09-19,204,116254
nation,England,E92000001,2020-09-18,205,116050
nation,England,E92000001,2020-09-17,199,115845
nation,England,E92000001,2020-09-16,183,115646
nation,England,E92000001,2020-09-15,194,115463
nation,England,E92000001,2020-09-14,172,115269
nation,England,E92000001,2020-09-13,153,115097
nation,England,E92000001,2020-09-12,143,114944
nation,England,E92000001,2020-09-11,135,114801
nation,England,E92000001,2020-09-10,143,114666
nation,England,E92000001,2020-09-09,136,114523
nation,England,E92000001,2020-09-08,99,114387
nation,England,E92000001,2020-09-07,84,114288
nation,England,E92000001,2020-09-06,85,114204
nation,England,E92000001,2020-09-05,94,114119
nation,England,E92000001,2020-09-04,67,114025
nation,England,E92000001,2020-09-03,69,113958
nation,England,E92000001,2020-09-02,79,113889
nation,England,E92000001,2020-09-01,58,113810
nation,England,E92000001,2020-08-31,52,113752
nation,England,E92000001,2020-08-30,38,113700
nation,England,E92000001,2020-08-29,52,113662
nation,England,E92000001,2020-08-28,44,113610
nation,England,E92000001,2020-08-27,69,113566
nation,England,E92000001,2020-08-26,52,113497
nation,England,E92000001,2020-08-25,60,113445
nation,England,E92000001,2020-08-24,41,113385
nation,England,E92000001,2020-08-23,44,113344
nation,England,E92000001,2020-08-22,25,113300
nation,England,E92000001,2020-08-21,49,113275
nation,England,E92000001,2020-08-20,45,113226
nation,England,E92000001,2020-08-19,58,113181
nation,England,E92000001,2020-08-18,56,113123
nation,England,E92000001,2020-08-17,46,113067
nation,England,E92000001,2020-08-16,39,113021
nation,England,E92000001,2020-08-15,38,112982
nation,England,E92000001,2020-08-14,55,112944
nation,England,E92000001,2020-08-13,60,112889
nation,England,E92000001,2020-08-12,51,112829
nation,England,E92000001,2020-08-11,63,112778
nation,England,E92000001,2020-08-10,50,112715
nation,England,E92000001,2020-08-09,53,112665
nation,England,E92000001,2020-08-08,78,112612
nation,England,E92000001,2020-08-07,60,112534
nation,England,E92000001,2020-08-06,52,112474
nation,England,E92000001,2020-08-05,60,112422
nation,England,E92000001,2020-08-04,58,112362
nation,England,E92000001,2020-08-03,74,112304
nation,England,E92000001,2020-08-02,57,112230
nation,England,E92000001,2020-08-01,50,112173
nation,England,E92000001,2020-07-31,55,112123
nation,England,E92000001,2020-07-30,75,112068
nation,England,E92000001,2020-07-29,63,111993
nation,England,E92000001,2020-07-28,69,111930
nation,England,E92000001,2020-07-27,82,111861
nation,England,E92000001,2020-07-26,64,111779
nation,England,E92000001,2020-07-25,65,111715
nation,England,E92000001,2020-07-24,93,111650
nation,England,E92000001,2020-07-23,109,111557
nation,England,E92000001,2020-07-22,82,111448
nation,England,E92000001,2020-07-21,79,111366
nation,England,E92000001,2020-07-20,86,111287
nation,England,E92000001,2020-07-19,72,111201
nation,England,E92000001,2020-07-18,48,111129
nation,England,E92000001,2020-07-17,83,111081
nation,England,E92000001,2020-07-16,114,110998
nation,England,E92000001,2020-07-15,116,110884
nation,England,E92000001,2020-07-14,122,110768
nation,England,E92000001,2020-07-13,137,110646
nation,England,E92000001,2020-07-12,72,110509
nation,England,E92000001,2020-07-11,97,110437
nation,England,E92000001,2020-07-10,104,110340
nation,England,E92000001,2020-07-09,136,110236
nation,England,E92000001,2020-07-08,141,110100
nation,England,E92000001,2020-07-07,148,109959
nation,England,E92000001,2020-07-06,150,109811
nation,England,E92000001,2020-07-05,131,109661
nation,England,E92000001,2020-07-04,120,109530
nation,England,E92000001,2020-07-03,146,109410
nation,England,E92000001,2020-07-02,149,109264
nation,England,E92000001,2020-07-01,201,109115
nation,England,E92000001,2020-06-30,189,108914
nation,England,E92000001,2020-06-29,172,108725
nation,England,E92000001,2020-06-28,155,108553
nation,England,E92000001,2020-06-27,209,108398
nation,England,E92000001,2020-06-26,248,108189
nation,England,E92000001,2020-06-25,256,107941
nation,England,E92000001,2020-06-24,262,107685
nation,England,E92000001,2020-06-23,275,107423
nation,England,E92000001,2020-06-22,318,107148
nation,England,E92000001,2020-06-21,215,106830
nation,England,E92000001,2020-06-20,184,106615
nation,England,E92000001,2020-06-19,253,106431
nation,England,E92000001,2020-06-18,312,106178
nation,England,E92000001,2020-06-17,334,105866
nation,England,E92000001,2020-06-16,354,105532
nation,England,E92000001,2020-06-15,365,105178
nation,England,E92000001,2020-06-14,306,104813
nation,England,E92000001,2020-06-13,265,104507
nation,England,E92000001,2020-06-12,298,104242
nation,England,E92000001,2020-06-11,330,103944
nation,England,E92000001,2020-06-10,402,103614
nation,England,E92000001,2020-06-09,397,103212
nation,England,E92000001,2020-06-08,348,102815
nation,England,E92000001,2020-06-07,323,102467
nation,England,E92000001,2020-06-06,306,102144
nation,England,E92000001,2020-06-05,380,101838
nation,England,E92000001,2020-06-04,458,101458
nation,England,E92000001,2020-06-03,491,101000
nation,England,E92000001,2020-06-02,553,100509
nation,England,E92000001,2020-06-01,522,99956
nation,England,E92000001,2020-05-31,446,99434
nation,England,E92000001,2020-05-30,466,98988
nation,England,E92000001,2020-05-29,499,98522
nation,England,E92000001,2020-05-28,570,98023
nation,England,E92000001,2020-05-27,589,97453
nation,England,E92000001,2020-05-26,578,96864
nation,England,E92000001,2020-05-25,498,96286
nation,England,E92000001,2020-05-24,497,95788
nation,England,E92000001,2020-05-23,504,95291
nation,England,E92000001,2020-05-22,638,94787
nation,England,E92000001,2020-05-21,715,94149
nation,England,E92000001,2020-05-20,732,93434
nation,England,E92000001,2020-05-19,752,92702
nation,England,E92000001,2020-05-18,733,91950
nation,England,E92000001,2020-05-17,673,91217
nation,England,E92000001,2020-05-16,671,90544
nation,England,E92000001,2020-05-15,738,89873
nation,England,E92000001,2020-05-14,763,89135
nation,England,E92000001,2020-05-13,804,88372
nation,England,E92000001,2020-05-12,844,87568
nation,England,E92000001,2020-05-11,866,86724
nation,England,E92000001,2020-05-10,756,85858
nation,England,E92000001,2020-05-09,798,85102
nation,England,E92000001,2020-05-08,743,84304
nation,England,E92000001,2020-05-07,998,83561
nation,England,E92000001,2020-05-06,1040,82563
nation,England,E92000001,2020-05-05,959,81523
nation,England,E92000001,2020-05-04,1063,80564
nation,England,E92000001,2020-05-03,1044,79501
nation,England,E92000001,2020-05-02,980,78457
nation,England,E92000001,2020-05-01,1081,77477
nation,England,E92000001,2020-04-30,1227,76396
nation,England,E92000001,2020-04-29,1295,75169
nation,England,E92000001,2020-04-28,1296,73874
nation,England,E92000001,2020-04-27,1344,72578
nation,England,E92000001,2020-04-26,1208,71234
nation,England,E92000001,2020-04-25,1080,70026
nation,England,E92000001,2020-04-24,1277,68946
nation,England,E92000001,2020-04-23,1289,67669
nation,England,E92000001,2020-04-22,1310,66380
nation,England,E92000001,2020-04-21,1495,65070
nation,England,E92000001,2020-04-20,1522,63575
nation,England,E92000001,2020-04-19,1475,62053
nation,England,E92000001,2020-04-18,1411,60578
nation,England,E92000001,2020-04-17,1674,59167
nation,England,E92000001,2020-04-16,1777,57493
nation,England,E92000001,2020-04-15,1608,55716
nation,England,E92000001,2020-04-14,1859,54108
nation,England,E92000001,2020-04-13,1912,52249
nation,England,E92000001,2020-04-12,1791,50337
nation,England,E92000001,2020-04-11,1955,48546
nation,England,E92000001,2020-04-10,2196,46591
nation,England,E92000001,2020-04-09,2340,44395
nation,England,E92000001,2020-04-08,2619,42055
nation,England,E92000001,2020-04-07,2744,39436
nation,England,E92000001,2020-04-06,2679,36692
nation,England,E92000001,2020-04-05,2592,34013
nation,England,E92000001,2020-04-04,2593,31421
nation,England,E92000001,2020-04-03,2564,28828
nation,England,E92000001,2020-04-02,2932,26264
nation,England,E92000001,2020-04-01,3099,23332
nation,England,E92000001,2020-03-31,2447,20233
nation,England,E92000001,2020-03-30,2817,17786
nation,England,E92000001,2020-03-29,2186,14969
nation,England,E92000001,2020-03-28,1873,12783
nation,England,E92000001,2020-03-27,1931,10910
nation,England,E92000001,2020-03-26,1639,8979
nation,England,E92000001,2020-03-25,1755,7340
nation,England,E92000001,2020-03-24,1544,5585
nation,England,E92000001,2020-03-23,1128,4041
nation,England,E92000001,2020-03-22,859,2913
nation,England,E92000001,2020-03-21,777,2054
nation,England,E92000001,2020-03-20,691,1277
nation,England,E92000001,2020-03-19,586,586
nation,Northern Ireland,N92000002,2021-01-11,24,6408
nation,Northern Ireland,N92000002,2021-01-10,83,6384
nation,Northern Ireland,N92000002,2021-01-09,81,6301
nation,Northern Ireland,N92000002,2021-01-08,99,6220
nation,Northern Ireland,N92000002,2021-01-07,80,6121
nation,Northern Ireland,N92000002,2021-01-06,86,6041
nation,Northern Ireland,N92000002,2021-01-05,73,5955
nation,Northern Ireland,N92000002,2021-01-04,73,5882
nation,Northern Ireland,N92000002,2021-01-03,66,5809
nation,Northern Ireland,N92000002,2021-01-02,51,5743
nation,Northern Ireland,N92000002,2021-01-01,59,5692
nation,Northern Ireland,N92000002,2020-12-31,62,5633
nation,Northern Ireland,N92000002,2020-12-30,71,5571
nation,Northern Ireland,N92000002,2020-12-29,68,5500
nation,Northern Ireland,N92000002,2020-12-28,56,5432
nation,Northern Ireland,N92000002,2020-12-27,56,5376
nation,Northern Ireland,N92000002,2020-12-26,44,5320
nation,Northern Ireland,N92000002,2020-12-25,45,5276
nation,Northern Ireland,N92000002,2020-12-24,42,5231
nation,Northern Ireland,N92000002,2020-12-23,47,5189
nation,Northern Ireland,N92000002,2020-12-22,43,5142
nation,Northern Ireland,N92000002,2020-12-21,52,5099
nation,Northern Ireland,N92000002,2020-12-20,30,5047
nation,Northern Ireland,N92000002,2020-12-19,32,5017
nation,Northern Ireland,N92000002,2020-12-18,40,4985
nation,Northern Ireland,N92000002,2020-12-17,42,4945
nation,Northern Ireland,N92000002,2020-12-16,42,4903
nation,Northern Ireland,N92000002,2020-12-15,50,4861
nation,Northern Ireland,N92000002,2020-12-14,49,4811
nation,Northern Ireland,N92000002,2020-12-13,38,4762
nation,Northern Ireland,N92000002,2020-12-12,39,4724
nation,Northern Ireland,N92000002,2020-12-11,26,4685
nation,Northern Ireland,N92000002,2020-12-10,29,4659
nation,Northern Ireland,N92000002,2020-12-09,31,4630
nation,Northern Ireland,N92000002,2020-12-08,52,4599
nation,Northern Ireland,N92000002,2020-12-07,37,4547
nation,Northern Ireland,N92000002,2020-12-06,33,4510
nation,Northern Ireland,N92000002,2020-12-05,32,4477
nation,Northern Ireland,N92000002,2020-12-04,41,4445
nation,Northern Ireland,N92000002,2020-12-03,38,4404
nation,Northern Ireland,N92000002,2020-12-02,38,4366
nation,Northern Ireland,N92000002,2020-12-01,36,4328
nation,Northern Ireland,N92000002,2020-11-30,40,4292
nation,Northern Ireland,N92000002,2020-11-29,29,4252
nation,Northern Ireland,N92000002,2020-11-28,28,4223
nation,Northern Ireland,N92000002,2020-11-27,44,4195
nation,Northern Ireland,N92000002,2020-11-26,29,4151
nation,Northern Ireland,N92000002,2020-11-25,43,4122
nation,Northern Ireland,N92000002,2020-11-24,38,4079
nation,Northern Ireland,N92000002,2020-11-23,24,4041
nation,Northern Ireland,N92000002,2020-11-22,28,4017
nation,Northern Ireland,N92000002,2020-11-21,35,3989
nation,Northern Ireland,N92000002,2020-11-20,46,3954
nation,Northern Ireland,N92000002,2020-11-19,38,3908
nation,Northern Ireland,N92000002,2020-11-18,39,3870
nation,Northern Ireland,N92000002,2020-11-17,44,3831
nation,Northern Ireland,N92000002,2020-11-16,46,3787
nation,Northern Ireland,N92000002,2020-11-15,44,3741
nation,Northern Ireland,N92000002,2020-11-14,39,3697
nation,Northern Ireland,N92000002,2020-11-13,34,3658
nation,Northern Ireland,N92000002,2020-11-12,35,3624
nation,Northern Ireland,N92000002,2020-11-11,50,3589
nation,Northern Ireland,N92000002,2020-11-10,51,3539
nation,Northern Ireland,N92000002,2020-11-09,49,3488
nation,Northern Ireland,N92000002,2020-11-08,47,3439
nation,Northern Ireland,N92000002,2020-11-07,42,3392
nation,Northern Ireland,N92000002,2020-11-06,52,3350
nation,Northern Ireland,N92000002,2020-11-05,41,3298
nation,Northern Ireland,N92000002,2020-11-04,53,3257
nation,Northern Ireland,N92000002,2020-11-03,58,3204
nation,Northern Ireland,N92000002,2020-11-02,55,3146
nation,Northern Ireland,N92000002,2020-11-01,36,3091
nation,Northern Ireland,N92000002,2020-10-31,37,3055
nation,Northern Ireland,N92000002,2020-10-30,48,3018
nation,Northern Ireland,N92000002,2020-10-29,57,2970
nation,Northern Ireland,N92000002,2020-10-28,40,2913
nation,Northern Ireland,N92000002,2020-10-27,55,2873
nation,Northern Ireland,N92000002,2020-10-26,47,2818
nation,Northern Ireland,N92000002,2020-10-25,46,2771
nation,Northern Ireland,N92000002,2020-10-24,53,2725
nation,Northern Ireland,N92000002,2020-10-23,47,2672
nation,Northern Ireland,N92000002,2020-10-22,53,2625
nation,Northern Ireland,N92000002,2020-10-21,42,2572
nation,Northern Ireland,N92000002,2020-10-20,52,2530
nation,Northern Ireland,N92000002,2020-10-19,44,2478
nation,Northern Ireland,N92000002,2020-10-18,45,2434
nation,Northern Ireland,N92000002,2020-10-17,46,2389
nation,Northern Ireland,N92000002,2020-10-16,48,2343
nation,Northern Ireland,N92000002,2020-10-15,46,2295
nation,Northern Ireland,N92000002,2020-10-14,37,2249
nation,Northern Ireland,N92000002,2020-10-13,43,2212
nation,Northern Ireland,N92000002,2020-10-12,31,2169
nation,Northern Ireland,N92000002,2020-10-11,37,2138
nation,Northern Ireland,N92000002,2020-10-10,31,2101
nation,Northern Ireland,N92000002,2020-10-09,23,2070
nation,Northern Ireland,N92000002,2020-10-08,28,2047
nation,Northern Ireland,N92000002,2020-10-07,30,2019
nation,Northern Ireland,N92000002,2020-10-06,27,1989
nation,Northern Ireland,N92000002,2020-10-05,24,1962
nation,Northern Ireland,N92000002,2020-10-04,17,1938
nation,Northern Ireland,N92000002,2020-10-03,23,1921
nation,Northern Ireland,N92000002,2020-10-02,9,1898
nation,Northern Ireland,N92000002,2020-10-01,15,1889
nation,Northern Ireland,N92000002,2020-09-30,16,1874
nation,Northern Ireland,N92000002,2020-09-29,9,1858
nation,Northern Ireland,N92000002,2020-09-28,21,1849
nation,Northern Ireland,N92000002,2020-09-27,12,1828
nation,Northern Ireland,N92000002,2020-09-26,11,1816
nation,Northern Ireland,N92000002,2020-09-25,6,1805
nation,Northern Ireland,N92000002,2020-09-24,8,1799
nation,Northern Ireland,N92000002,2020-09-23,13,1791
nation,Northern Ireland,N92000002,2020-09-22,8,1778
nation,Northern Ireland,N92000002,2020-09-21,11,1770
nation,Northern Ireland,N92000002,2020-09-20,6,1759
nation,Northern Ireland,N92000002,2020-09-19,4,1753
nation,Northern Ireland,N92000002,2020-09-18,2,1749
nation,Northern Ireland,N92000002,2020-09-17,4,1747
nation,Northern Ireland,N92000002,2020-09-16,3,1743
nation,Northern Ireland,N92000002,2020-09-15,4,1740
nation,Northern Ireland,N92000002,2020-09-14,8,1736
nation,Northern Ireland,N92000002,2020-09-13,5,1728
nation,Northern Ireland,N92000002,2020-09-12,4,1723
nation,Northern Ireland,N92000002,2020-09-11,7,1719
nation,Northern Ireland,N92000002,2020-09-10,7,1712
nation,Northern Ireland,N92000002,2020-09-09,2,1705
nation,Northern Ireland,N92000002,2020-09-08,9,1703
nation,Northern Ireland,N92000002,2020-09-07,1,1694
nation,Northern Ireland,N92000002,2020-09-06,4,1693
nation,Northern Ireland,N92000002,2020-09-05,1,1689
nation,Northern Ireland,N92000002,2020-09-04,2,1688
nation,Northern Ireland,N92000002,2020-09-03,3,1686
nation,Northern Ireland,N92000002,2020-09-02,0,1683
nation,Northern Ireland,N92000002,2020-09-01,4,1683
nation,Northern Ireland,N92000002,2020-08-31,5,1679
nation,Northern Ireland,N92000002,2020-08-30,3,1674
nation,Northern Ireland,N92000002,2020-08-29,2,1671
nation,Northern Ireland,N92000002,2020-08-28,5,1669
nation,Northern Ireland,N92000002,2020-08-27,4,1664
nation,Northern Ireland,N92000002,2020-08-26,0,1660
nation,Northern Ireland,N92000002,2020-08-25,2,1660
nation,Northern Ireland,N92000002,2020-08-24,6,1658
nation,Northern Ireland,N92000002,2020-08-23,3,1652
nation,Northern Ireland,N92000002,2020-08-22,3,1649
nation,Northern Ireland,N92000002,2020-08-21,2,1646
nation,Northern Ireland,N92000002,2020-08-20,6,1644
nation,Northern Ireland,N92000002,2020-08-19,6,1638
nation,Northern Ireland,N92000002,2020-08-18,6,1632
nation,Northern Ireland,N92000002,2020-08-17,6,1626
nation,Northern Ireland,N92000002,2020-08-16,2,1620
nation,Northern Ireland,N92000002,2020-08-15,2,1618
nation,Northern Ireland,N92000002,2020-08-14,2,1616
nation,Northern Ireland,N92000002,2020-08-13,3,1614
nation,Northern Ireland,N92000002,2020-08-12,3,1611
nation,Northern Ireland,N92000002,2020-08-11,2,1608
nation,Northern Ireland,N92000002,2020-08-10,0,1606
nation,Northern Ireland,N92000002,2020-08-09,2,1606
nation,Northern Ireland,N92000002,2020-08-08,5,1604
nation,Northern Ireland,N92000002,2020-08-07,0,1599
nation,Northern Ireland,N92000002,2020-08-06,3,1599
nation,Northern Ireland,N92000002,2020-08-05,1,1596
nation,Northern Ireland,N92000002,2020-08-04,1,1595
nation,Northern Ireland,N92000002,2020-08-03,3,1594
nation,Northern Ireland,N92000002,2020-08-02,1,1591
nation,Northern Ireland,N92000002,2020-08-01,3,1590
nation,Northern Ireland,N92000002,2020-07-31,1,1587
nation,Northern Ireland,N92000002,2020-07-30,1,1586
nation,Northern Ireland,N92000002,2020-07-29,2,1585
nation,Northern Ireland,N92000002,2020-07-28,1,1583
nation,Northern Ireland,N92000002,2020-07-27,2,1582
nation,Northern Ireland,N92000002,2020-07-26,0,1580
nation,Northern Ireland,N92000002,2020-07-25,1,1580
nation,Northern Ireland,N92000002,2020-07-24,3,1579
nation,Northern Ireland,N92000002,2020-07-23,0,1576
nation,Northern Ireland,N92000002,2020-07-22,2,1576
nation,Northern Ireland,N92000002,2020-07-21,0,1574
nation,Northern Ireland,N92000002,2020-07-20,1,1574
nation,Northern Ireland,N92000002,2020-07-19,1,1573
nation,Northern Ireland,N92000002,2020-07-18,2,1572
nation,Northern Ireland,N92000002,2020-07-17,0,1570
nation,Northern Ireland,N92000002,2020-07-16,2,1570
nation,Northern Ireland,N92000002,2020-07-15,1,1568
nation,Northern Ireland,N92000002,2020-07-14,0,1567
nation,Northern Ireland,N92000002,2020-07-13,1,1567
nation,Northern Ireland,N92000002,2020-07-12,0,1566
nation,Northern Ireland,N92000002,2020-07-11,1,1566
nation,Northern Ireland,N92000002,2020-07-10,0,1565
nation,Northern Ireland,N92000002,2020-07-09,1,1565
nation,Northern Ireland,N92000002,2020-07-08,3,1564
nation,Northern Ireland,N92000002,2020-07-07,1,1561
nation,Northern Ireland,N92000002,2020-07-06,1,1560
nation,Northern Ireland,N92000002,2020-07-05,0,1559
nation,Northern Ireland,N92000002,2020-07-04,3,1559
nation,Northern Ireland,N92000002,2020-07-03,1,1556
nation,Northern Ireland,N92000002,2020-07-02,2,1555
nation,Northern Ireland,N92000002,2020-07-01,0,1553
nation,Northern Ireland,N92000002,2020-06-30,2,1553
nation,Northern Ireland,N92000002,2020-06-29,0,1551
nation,Northern Ireland,N92000002,2020-06-28,3,1551
nation,Northern Ireland,N92000002,2020-06-27,0,1548
nation,Northern Ireland,N92000002,2020-06-26,2,1548
nation,Northern Ireland,N92000002,2020-06-25,2,1546
nation,Northern Ireland,N92000002,2020-06-24,1,1544
nation,Northern Ireland,N92000002,2020-06-23,3,1543
nation,Northern Ireland,N92000002,2020-06-22,2,1540
nation,Northern Ireland,N92000002,2020-06-21,4,1538
nation,Northern Ireland,N92000002,2020-06-20,3,1534
nation,Northern Ireland,N92000002,2020-06-19,1,1531
nation,Northern Ireland,N92000002,2020-06-18,0,1530
nation,Northern Ireland,N92000002,2020-06-17,1,1530
nation,Northern Ireland,N92000002,2020-06-16,1,1529
nation,Northern Ireland,N92000002,2020-06-15,0,1528
nation,Northern Ireland,N92000002,2020-06-14,0,1528
nation,Northern Ireland,N92000002,2020-06-13,2,1528
nation,Northern Ireland,N92000002,2020-06-12,2,1526
nation,Northern Ireland,N92000002,2020-06-11,5,1524
nation,Northern Ireland,N92000002,2020-06-10,5,1519
nation,Northern Ireland,N92000002,2020-06-09,6,1514
nation,Northern Ireland,N92000002,2020-06-08,2,1508
nation,Northern Ireland,N92000002,2020-06-07,1,1506
nation,Northern Ireland,N92000002,2020-06-06,3,1505
nation,Northern Ireland,N92000002,2020-06-05,3,1502
nation,Northern Ireland,N92000002,2020-06-04,3,1499
nation,Northern Ireland,N92000002,2020-06-03,3,1496
nation,Northern Ireland,N92000002,2020-06-02,4,1493
nation,Northern Ireland,N92000002,2020-06-01,2,1489
nation,Northern Ireland,N92000002,2020-05-31,4,1487
nation,Northern Ireland,N92000002,2020-05-30,5,1483
nation,Northern Ireland,N92000002,2020-05-29,7,1478
nation,Northern Ireland,N92000002,2020-05-28,6,1471
nation,Northern Ireland,N92000002,2020-05-27,5,1465
nation,Northern Ireland,N92000002,2020-05-26,9,1460
nation,Northern Ireland,N92000002,2020-05-25,9,1451
nation,Northern Ireland,N92000002,2020-05-24,4,1442
nation,Northern Ireland,N92000002,2020-05-23,4,1438
nation,Northern Ireland,N92000002,2020-05-22,5,1434
nation,Northern Ireland,N92000002,2020-05-21,8,1429
nation,Northern Ireland,N92000002,2020-05-20,5,1421
nation,Northern Ireland,N92000002,2020-05-19,10,1416
nation,Northern Ireland,N92000002,2020-05-18,11,1406
nation,Northern Ireland,N92000002,2020-05-17,12,1395
nation,Northern Ireland,N92000002,2020-05-16,7,1383
nation,Northern Ireland,N92000002,2020-05-15,11,1376
nation,Northern Ireland,N92000002,2020-05-14,13,1365
nation,Northern Ireland,N92000002,2020-05-13,16,1352
nation,Northern Ireland,N92000002,2020-05-12,10,1336
nation,Northern Ireland,N92000002,2020-05-11,22,1326
nation,Northern Ireland,N92000002,2020-05-10,18,1304
nation,Northern Ireland,N92000002,2020-05-09,19,1286
nation,Northern Ireland,N92000002,2020-05-08,7,1267
nation,Northern Ireland,N92000002,2020-05-07,12,1260
nation,Northern Ireland,N92000002,2020-05-06,17,1248
nation,Northern Ireland,N92000002,2020-05-05,11,1231
nation,Northern Ireland,N92000002,2020-05-04,12,1220
nation,Northern Ireland,N92000002,2020-05-03,10,1208
nation,Northern Ireland,N92000002,2020-05-02,12,1198
nation,Northern Ireland,N92000002,2020-05-01,19,1186
nation,Northern Ireland,N92000002,2020-04-30,27,1167
nation,Northern Ireland,N92000002,2020-04-29,17,1140
nation,Northern Ireland,N92000002,2020-04-28,11,1123
nation,Northern Ireland,N92000002,2020-04-27,22,1112
nation,Northern Ireland,N92000002,2020-04-26,11,1090
nation,Northern Ireland,N92000002,2020-04-25,19,1079
nation,Northern Ireland,N92000002,2020-04-24,22,1060
nation,Northern Ireland,N92000002,2020-04-23,23,1038
nation,Northern Ireland,N92000002,2020-04-22,27,1015
nation,Northern Ireland,N92000002,2020-04-21,31,988
nation,Northern Ireland,N92000002,2020-04-20,33,957
nation,Northern Ireland,N92000002,2020-04-19,22,924
nation,Northern Ireland,N92000002,2020-04-18,15,902
nation,Northern Ireland,N92000002,2020-04-17,32,887
nation,Northern Ireland,N92000002,2020-04-16,33,855
nation,Northern Ireland,N92000002,2020-04-15,23,822
nation,Northern Ireland,N92000002,2020-04-14,22,799
nation,Northern Ireland,N92000002,2020-04-13,16,777
nation,Northern Ireland,N92000002,2020-04-12,22,761
nation,Northern Ireland,N92000002,2020-04-11,22,739
nation,Northern Ireland,N92000002,2020-04-10,20,717
nation,Northern Ireland,N92000002,2020-04-09,33,697
nation,Northern Ireland,N92000002,2020-04-08,32,664
nation,Northern Ireland,N92000002,2020-04-07,39,632
nation,Northern Ireland,N92000002,2020-04-06,42,593
nation,Northern Ireland,N92000002,2020-04-05,28,551
nation,Northern Ireland,N92000002,2020-04-04,41,523
nation,Northern Ireland,N92000002,2020-04-03,44,482
nation,Northern Ireland,N92000002,2020-04-02,44,438
nation,Northern Ireland,N92000002,2020-04-01,45,394
nation,Northern Ireland,N92000002,2020-03-31,44,349
nation,Northern Ireland,N92000002,2020-03-30,35,305
nation,Northern Ireland,N92000002,2020-03-29,34,270
nation,Northern Ireland,N92000002,2020-03-28,37,236
nation,Northern Ireland,N92000002,2020-03-27,30,199
nation,Northern Ireland,N92000002,2020-03-26,28,169
nation,Northern Ireland,N92000002,2020-03-25,29,141
nation,Northern Ireland,N92000002,2020-03-24,15,112
nation,Northern Ireland,N92000002,2020-03-23,17,97
nation,Northern Ireland,N92000002,2020-03-22,10,80
nation,Northern Ireland,N92000002,2020-03-21,15,70
nation,Northern Ireland,N92000002,2020-03-20,12,55
nation,Northern Ireland,N92000002,2020-03-19,5,43
nation,Northern Ireland,N92000002,2020-03-18,8,38
nation,Northern Ireland,N92000002,2020-03-17,5,30
nation,Northern Ireland,N92000002,2020-03-16,4,25
nation,Northern Ireland,N92000002,2020-03-15,1,21
nation,Northern Ireland,N92000002,2020-03-14,2,20
nation,Northern Ireland,N92000002,2020-03-13,2,18
nation,Northern Ireland,N92000002,2020-03-12,3,16
nation,Northern Ireland,N92000002,2020-03-11,4,13
nation,Northern Ireland,N92000002,2020-03-10,3,9
nation,Northern Ireland,N92000002,2020-03-09,1,6
nation,Northern Ireland,N92000002,2020-03-08,0,5
nation,Northern Ireland,N92000002,2020-03-07,0,5
nation,Northern Ireland,N92000002,2020-03-06,3,5
nation,Northern Ireland,N92000002,2020-03-05,1,2
nation,Northern Ireland,N92000002,2020-03-04,0,1
nation,Northern Ireland,N92000002,2020-03-03,0,1
nation,Northern Ireland,N92000002,2020-03-02,1,1
nation,Scotland,S92000003,2021-01-07,165,16298
nation,Scotland,S92000003,2021-01-06,170,16133
nation,Scotland,S92000003,2021-01-05,157,15963
nation,Scotland,S92000003,2021-01-04,153,15806
nation,Scotland,S92000003,2021-01-03,119,15653
nation,Scotland,S92000003,2021-01-02,126,15534
nation,Scotland,S92000003,2021-01-01,115,15408
nation,Scotland,S92000003,2020-12-31,135,15293
nation,Scotland,S92000003,2020-12-30,160,15158
nation,Scotland,S92000003,2020-12-29,136,14998
nation,Scotland,S92000003,2020-12-28,135,14862
nation,Scotland,S92000003,2020-12-27,126,14727
nation,Scotland,S92000003,2020-12-26,89,14601
nation,Scotland,S92000003,2020-12-25,70,14512
nation,Scotland,S92000003,2020-12-24,71,14442
nation,Scotland,S92000003,2020-12-23,88,14371
nation,Scotland,S92000003,2020-12-22,92,14283
nation,Scotland,S92000003,2020-12-21,91,14191
nation,Scotland,S92000003,2020-12-20,63,14100
nation,Scotland,S92000003,2020-12-19,77,14037
nation,Scotland,S92000003,2020-12-18,77,13960
nation,Scotland,S92000003,2020-12-17,87,13883
nation,Scotland,S92000003,2020-12-16,100,13796
nation,Scotland,S92000003,2020-12-15,73,13696
nation,Scotland,S92000003,2020-12-14,88,13623
nation,Scotland,S92000003,2020-12-13,62,13535
nation,Scotland,S92000003,2020-12-12,65,13473
nation,Scotland,S92000003,2020-12-11,82,13408
nation,Scotland,S92000003,2020-12-10,88,13326
nation,Scotland,S92000003,2020-12-09,88,13238
nation,Scotland,S92000003,2020-12-08,90,13150
nation,Scotland,S92000003,2020-12-07,83,13060
nation,Scotland,S92000003,2020-12-06,60,12977
nation,Scotland,S92000003,2020-12-05,75,12917
nation,Scotland,S92000003,2020-12-04,81,12842
nation,Scotland,S92000003,2020-12-03,69,12761
nation,Scotland,S92000003,2020-12-02,99,12692
nation,Scotland,S92000003,2020-12-01,72,12593
nation,Scotland,S92000003,2020-11-30,85,12521
nation,Scotland,S92000003,2020-11-29,63,12436
nation,Scotland,S92000003,2020-11-28,61,12373
nation,Scotland,S92000003,2020-11-27,88,12312
nation,Scotland,S92000003,2020-11-26,96,12224
nation,Scotland,S92000003,2020-11-25,83,12128
nation,Scotland,S92000003,2020-11-24,99,12045
nation,Scotland,S92000003,2020-11-23,104,11946
nation,Scotland,S92000003,2020-11-22,64,11842
nation,Scotland,S92000003,2020-11-21,86,11778
nation,Scotland,S92000003,2020-11-20,102,11692
nation,Scotland,S92000003,2020-11-19,91,11590
nation,Scotland,S92000003,2020-11-18,89,11499
nation,Scotland,S92000003,2020-11-17,106,11410
nation,Scotland,S92000003,2020-11-16,90,11304
nation,Scotland,S92000003,2020-11-15,87,11214
nation,Scotland,S92000003,2020-11-14,96,11127
nation,Scotland,S92000003,2020-11-13,106,11031
nation,Scotland,S92000003,2020-11-12,109,10925
nation,Scotland,S92000003,2020-11-11,112,10816
nation,Scotland,S92000003,2020-11-10,98,10704
nation,Scotland,S92000003,2020-11-09,95,10606
nation,Scotland,S92000003,2020-11-08,75,10511
nation,Scotland,S92000003,2020-11-07,84,10436
nation,Scotland,S92000003,2020-11-06,95,10352
nation,Scotland,S92000003,2020-11-05,95,10257
nation,Scotland,S92000003,2020-11-04,111,10162
nation,Scotland,S92000003,2020-11-03,105,10051
nation,Scotland,S92000003,2020-11-02,105,9946
nation,Scotland,S92000003,2020-11-01,92,9841
nation,Scotland,S92000003,2020-10-31,102,9749
nation,Scotland,S92000003,2020-10-30,119,9647
nation,Scotland,S92000003,2020-10-29,95,9528
nation,Scotland,S92000003,2020-10-28,121,9433
nation,Scotland,S92000003,2020-10-27,128,9312
nation,Scotland,S92000003,2020-10-26,128,9184
nation,Scotland,S92000003,2020-10-25,108,9056
nation,Scotland,S92000003,2020-10-24,114,8948
nation,Scotland,S92000003,2020-10-23,122,8834
nation,Scotland,S92000003,2020-10-22,126,8712
nation,Scotland,S92000003,2020-10-21,127,8586
nation,Scotland,S92000003,2020-10-20,129,8459
nation,Scotland,S92000003,2020-10-19,125,8330
nation,Scotland,S92000003,2020-10-18,83,8205
nation,Scotland,S92000003,2020-10-17,80,8122
nation,Scotland,S92000003,2020-10-16,125,8042
nation,Scotland,S92000003,2020-10-15,102,7917
nation,Scotland,S92000003,2020-10-14,115,7815
nation,Scotland,S92000003,2020-10-13,115,7700
nation,Scotland,S92000003,2020-10-12,99,7585
nation,Scotland,S92000003,2020-10-11,77,7486
nation,Scotland,S92000003,2020-10-10,70,7409
nation,Scotland,S92000003,2020-10-09,76,7339
nation,Scotland,S92000003,2020-10-08,92,7263
nation,Scotland,S92000003,2020-10-07,77,7171
nation,Scotland,S92000003,2020-10-06,91,7094
nation,Scotland,S92000003,2020-10-05,69,7003
nation,Scotland,S92000003,2020-10-04,41,6934
nation,Scotland,S92000003,2020-10-03,44,6893
nation,Scotland,S92000003,2020-10-02,53,6849
nation,Scotland,S92000003,2020-10-01,61,6796
nation,Scotland,S92000003,2020-09-30,46,6735
nation,Scotland,S92000003,2020-09-29,31,6689
nation,Scotland,S92000003,2020-09-28,43,6658
nation,Scotland,S92000003,2020-09-27,31,6615
nation,Scotland,S92000003,2020-09-26,34,6584
nation,Scotland,S92000003,2020-09-25,37,6550
nation,Scotland,S92000003,2020-09-24,31,6513
nation,Scotland,S92000003,2020-09-23,22,6482
nation,Scotland,S92000003,2020-09-22,31,6460
nation,Scotland,S92000003,2020-09-21,23,6429
nation,Scotland,S92000003,2020-09-20,17,6406
nation,Scotland,S92000003,2020-09-19,18,6389
nation,Scotland,S92000003,2020-09-18,13,6371
nation,Scotland,S92000003,2020-09-17,17,6358
nation,Scotland,S92000003,2020-09-16,34,6341
nation,Scotland,S92000003,2020-09-15,19,6307
nation,Scotland,S92000003,2020-09-14,16,6288
nation,Scotland,S92000003,2020-09-13,12,6272
nation,Scotland,S92000003,2020-09-12,14,6260
nation,Scotland,S92000003,2020-09-11,18,6246
nation,Scotland,S92000003,2020-09-10,18,6228
nation,Scotland,S92000003,2020-09-09,7,6210
nation,Scotland,S92000003,2020-09-08,9,6203
nation,Scotland,S92000003,2020-09-07,11,6194
nation,Scotland,S92000003,2020-09-06,7,6183
nation,Scotland,S92000003,2020-09-05,8,6176
nation,Scotland,S92000003,2020-09-04,15,6168
nation,Scotland,S92000003,2020-09-03,3,6153
nation,Scotland,S92000003,2020-09-02,5,6150
nation,Scotland,S92000003,2020-09-01,3,6145
nation,Scotland,S92000003,2020-08-31,5,6142
nation,Scotland,S92000003,2020-08-30,3,6137
nation,Scotland,S92000003,2020-08-29,4,6134
nation,Scotland,S92000003,2020-08-28,5,6130
nation,Scotland,S92000003,2020-08-27,8,6125
nation,Scotland,S92000003,2020-08-26,11,6117
nation,Scotland,S92000003,2020-08-25,11,6106
nation,Scotland,S92000003,2020-08-24,7,6095
nation,Scotland,S92000003,2020-08-23,1,6088
nation,Scotland,S92000003,2020-08-22,5,6087
nation,Scotland,S92000003,2020-08-21,3,6082
nation,Scotland,S92000003,2020-08-20,7,6079
nation,Scotland,S92000003,2020-08-19,5,6072
nation,Scotland,S92000003,2020-08-18,5,6067
nation,Scotland,S92000003,2020-08-17,6,6062
nation,Scotland,S92000003,2020-08-16,2,6056
nation,Scotland,S92000003,2020-08-15,7,6054
nation,Scotland,S92000003,2020-08-14,4,6047
nation,Scotland,S92000003,2020-08-13,3,6043
nation,Scotland,S92000003,2020-08-12,2,6040
nation,Scotland,S92000003,2020-08-11,2,6038
nation,Scotland,S92000003,2020-08-10,3,6036
nation,Scotland,S92000003,2020-08-09,0,6033
nation,Scotland,S92000003,2020-08-08,3,6033
nation,Scotland,S92000003,2020-08-07,4,6030
nation,Scotland,S92000003,2020-08-06,0,6026
nation,Scotland,S92000003,2020-08-05,3,6026
nation,Scotland,S92000003,2020-08-04,2,6023
nation,Scotland,S92000003,2020-08-03,4,6021
nation,Scotland,S92000003,2020-08-02,0,6017
nation,Scotland,S92000003,2020-08-01,1,6017
nation,Scotland,S92000003,2020-07-31,3,6016
nation,Scotland,S92000003,2020-07-30,1,6013
nation,Scotland,S92000003,2020-07-29,3,6012
nation,Scotland,S92000003,2020-07-28,0,6009
nation,Scotland,S92000003,2020-07-27,2,6009
nation,Scotland,S92000003,2020-07-26,0,6007
nation,Scotland,S92000003,2020-07-25,6,6007
nation,Scotland,S92000003,2020-07-24,0,6001
nation,Scotland,S92000003,2020-07-23,2,6001
nation,Scotland,S92000003,2020-07-22,1,5999
nation,Scotland,S92000003,2020-07-21,0,5998
nation,Scotland,S92000003,2020-07-20,0,5998
nation,Scotland,S92000003,2020-07-19,2,5998
nation,Scotland,S92000003,2020-07-18,1,5996
nation,Scotland,S92000003,2020-07-17,3,5995
nation,Scotland,S92000003,2020-07-16,3,5992
nation,Scotland,S92000003,2020-07-15,1,5989
nation,Scotland,S92000003,2020-07-14,0,5988
nation,Scotland,S92000003,2020-07-13,1,5988
nation,Scotland,S92000003,2020-07-12,1,5987
nation,Scotland,S92000003,2020-07-11,3,5986
nation,Scotland,S92000003,2020-07-10,4,5983
nation,Scotland,S92000003,2020-07-09,0,5979
nation,Scotland,S92000003,2020-07-08,1,5979
nation,Scotland,S92000003,2020-07-07,1,5978
nation,Scotland,S92000003,2020-07-06,3,5977
nation,Scotland,S92000003,2020-07-05,2,5974
nation,Scotland,S92000003,2020-07-04,1,5972
nation,Scotland,S92000003,2020-07-03,1,5971
nation,Scotland,S92000003,2020-07-02,2,5970
nation,Scotland,S92000003,2020-07-01,4,5968
nation,Scotland,S92000003,2020-06-30,0,5964
nation,Scotland,S92000003,2020-06-29,2,5964
nation,Scotland,S92000003,2020-06-28,3,5962
nation,Scotland,S92000003,2020-06-27,4,5959
nation,Scotland,S92000003,2020-06-26,1,5955
nation,Scotland,S92000003,2020-06-25,2,5954
nation,Scotland,S92000003,2020-06-24,3,5952
nation,Scotland,S92000003,2020-06-23,4,5949
nation,Scotland,S92000003,2020-06-22,7,5945
nation,Scotland,S92000003,2020-06-21,1,5938
nation,Scotland,S92000003,2020-06-20,2,5937
nation,Scotland,S92000003,2020-06-19,4,5935
nation,Scotland,S92000003,2020-06-18,3,5931
nation,Scotland,S92000003,2020-06-17,6,5928
nation,Scotland,S92000003,2020-06-16,5,5922
nation,Scotland,S92000003,2020-06-15,7,5917
nation,Scotland,S92000003,2020-06-14,6,5910
nation,Scotland,S92000003,2020-06-13,4,5904
nation,Scotland,S92000003,2020-06-12,2,5900
nation,Scotland,S92000003,2020-06-11,7,5898
nation,Scotland,S92000003,2020-06-10,7,5891
nation,Scotland,S92000003,2020-06-09,4,5884
nation,Scotland,S92000003,2020-06-08,3,5880
nation,Scotland,S92000003,2020-06-07,7,5877
nation,Scotland,S92000003,2020-06-06,5,5870
nation,Scotland,S92000003,2020-06-05,9,5865
nation,Scotland,S92000003,2020-06-04,7,5856
nation,Scotland,S92000003,2020-06-03,9,5849
nation,Scotland,S92000003,2020-06-02,5,5840
nation,Scotland,S92000003,2020-06-01,7,5835
nation,Scotland,S92000003,2020-05-31,10,5828
nation,Scotland,S92000003,2020-05-30,4,5818
nation,Scotland,S92000003,2020-05-29,10,5814
nation,Scotland,S92000003,2020-05-28,6,5804
nation,Scotland,S92000003,2020-05-27,11,5798
nation,Scotland,S92000003,2020-05-26,14,5787
nation,Scotland,S92000003,2020-05-25,13,5773
nation,Scotland,S92000003,2020-05-24,8,5760
nation,Scotland,S92000003,2020-05-23,14,5752
nation,Scotland,S92000003,2020-05-22,15,5738
nation,Scotland,S92000003,2020-05-21,13,5723
nation,Scotland,S92000003,2020-05-20,18,5710
nation,Scotland,S92000003,2020-05-19,13,5692
nation,Scotland,S92000003,2020-05-18,28,5679
nation,Scotland,S92000003,2020-05-17,9,5651
nation,Scotland,S92000003,2020-05-16,18,5642
nation,Scotland,S92000003,2020-05-15,31,5624
nation,Scotland,S92000003,2020-05-14,27,5593
nation,Scotland,S92000003,2020-05-13,26,5566
nation,Scotland,S92000003,2020-05-12,37,5540
nation,Scotland,S92000003,2020-05-11,33,5503
nation,Scotland,S92000003,2020-05-10,27,5470
nation,Scotland,S92000003,2020-05-09,20,5443
nation,Scotland,S92000003,2020-05-08,32,5423
nation,Scotland,S92000003,2020-05-07,36,5391
nation,Scotland,S92000003,2020-05-06,46,5355
nation,Scotland,S92000003,2020-05-05,40,5309
nation,Scotland,S92000003,2020-05-04,53,5269
nation,Scotland,S92000003,2020-05-03,39,5216
nation,Scotland,S92000003,2020-05-02,46,5177
nation,Scotland,S92000003,2020-05-01,56,5131
nation,Scotland,S92000003,2020-04-30,57,5075
nation,Scotland,S92000003,2020-04-29,49,5018
nation,Scotland,S92000003,2020-04-28,72,4969
nation,Scotland,S92000003,2020-04-27,77,4897
nation,Scotland,S92000003,2020-04-26,39,4820
nation,Scotland,S92000003,2020-04-25,43,4781
nation,Scotland,S92000003,2020-04-24,92,4738
nation,Scotland,S92000003,2020-04-23,67,4646
nation,Scotland,S92000003,2020-04-22,64,4579
nation,Scotland,S92000003,2020-04-21,70,4515
nation,Scotland,S92000003,2020-04-20,68,4445
nation,Scotland,S92000003,2020-04-19,58,4377
nation,Scotland,S92000003,2020-04-18,74,4319
nation,Scotland,S92000003,2020-04-17,109,4245
nation,Scotland,S92000003,2020-04-16,97,4136
nation,Scotland,S92000003,2020-04-15,98,4039
nation,Scotland,S92000003,2020-04-14,101,3941
nation,Scotland,S92000003,2020-04-13,102,3840
nation,Scotland,S92000003,2020-04-12,85,3738
nation,Scotland,S92000003,2020-04-11,79,3653
nation,Scotland,S92000003,2020-04-10,118,3574
nation,Scotland,S92000003,2020-04-09,129,3456
nation,Scotland,S92000003,2020-04-08,158,3327
nation,Scotland,S92000003,2020-04-07,171,3169
nation,Scotland,S92000003,2020-04-06,202,2998
nation,Scotland,S92000003,2020-04-05,160,2796
nation,Scotland,S92000003,2020-04-04,153,2636
nation,Scotland,S92000003,2020-04-03,212,2483
nation,Scotland,S92000003,2020-04-02,168,2271
nation,Scotland,S92000003,2020-04-01,214,2103
nation,Scotland,S92000003,2020-03-31,184,1889
nation,Scotland,S92000003,2020-03-30,191,1705
nation,Scotland,S92000003,2020-03-29,137,1514
nation,Scotland,S92000003,2020-03-28,155,1377
nation,Scotland,S92000003,2020-03-27,146,1222
nation,Scotland,S92000003,2020-03-26,155,1076
nation,Scotland,S92000003,2020-03-25,122,921
nation,Scotland,S92000003,2020-03-24,97,799
nation,Scotland,S92000003,2020-03-23,95,702
nation,Scotland,S92000003,2020-03-22,52,607
nation,Scotland,S92000003,2020-03-21,62,555
nation,Scotland,S92000003,2020-03-20,72,493
nation,Scotland,S92000003,2020-03-19,42,421
nation,Scotland,S92000003,2020-03-18,43,379
nation,Scotland,S92000003,2020-03-17,42,336
nation,Scotland,S92000003,2020-03-16,31,294
nation,Scotland,S92000003,2020-03-15,17,263
nation,Scotland,S92000003,2020-03-14,22,246
nation,Scotland,S92000003,2020-03-13,25,224
nation,Scotland,S92000003,2020-03-12,24,199
nation,Scotland,S92000003,2020-03-11,27,175
nation,Scotland,S92000003,2020-03-10,30,148
nation,Scotland,S92000003,2020-03-09,19,118
nation,Scotland,S92000003,2020-03-08,11,99
nation,Scotland,S92000003,2020-03-07,9,88
nation,Scotland,S92000003,2020-03-06,21,79
nation,Scotland,S92000003,2020-03-05,19,58
nation,Scotland,S92000003,2020-03-04,10,39
nation,Scotland,S92000003,2020-03-03,13,29
nation,Scotland,S92000003,2020-03-02,11,16
nation,Scotland,S92000003,2020-03-01,5,5
nation,Wales,W92000004,2021-01-12,147,25595
nation,Wales,W92000004,2021-01-11,84,25448
nation,Wales,W92000004,2021-01-10,95,25364
nation,Wales,W92000004,2021-01-09,140,25269
nation,Wales,W92000004,2021-01-08,142,25129
nation,Wales,W92000004,2021-01-07,159,24987
nation,Wales,W92000004,2021-01-06,144,24828
nation,Wales,W92000004,2021-01-05,146,24684
nation,Wales,W92000004,2021-01-04,86,24538
nation,Wales,W92000004,2021-01-03,86,24452
nation,Wales,W92000004,2021-01-02,85,24366
nation,Wales,W92000004,2021-01-01,154,24281
nation,Wales,W92000004,2020-12-31,141,24127
nation,Wales,W92000004,2020-12-30,164,23986
nation,Wales,W92000004,2020-12-29,136,23822
nation,Wales,W92000004,2020-12-28,125,23686
nation,Wales,W92000004,2020-12-27,97,23561
nation,Wales,W92000004,2020-12-26,73,23464
nation,Wales,W92000004,2020-12-25,106,23391
nation,Wales,W92000004,2020-12-24,146,23285
nation,Wales,W92000004,2020-12-23,143,23139
nation,Wales,W92000004,2020-12-22,124,22996
nation,Wales,W92000004,2020-12-21,92,22872
nation,Wales,W92000004,2020-12-20,90,22780
nation,Wales,W92000004,2020-12-19,107,22690
nation,Wales,W92000004,2020-12-18,119,22583
nation,Wales,W92000004,2020-12-17,128,22464
nation,Wales,W92000004,2020-12-16,131,22336
nation,Wales,W92000004,2020-12-15,88,22205
nation,Wales,W92000004,2020-12-14,67,22117
nation,Wales,W92000004,2020-12-13,64,22050
nation,Wales,W92000004,2020-12-12,102,21986
nation,Wales,W92000004,2020-12-11,117,21884
nation,Wales,W92000004,2020-12-10,105,21767
nation,Wales,W92000004,2020-12-09,76,21662
nation,Wales,W92000004,2020-12-08,98,21586
nation,Wales,W92000004,2020-12-07,63,21488
nation,Wales,W92000004,2020-12-06,62,21425
nation,Wales,W92000004,2020-12-05,81,21363
nation,Wales,W92000004,2020-12-04,58,21282
nation,Wales,W92000004,2020-12-03,50,21224
nation,Wales,W92000004,2020-12-02,84,21174
nation,Wales,W92000004,2020-12-01,102,21090
nation,Wales,W92000004,2020-11-30,62,20988
nation,Wales,W92000004,2020-11-29,73,20926
nation,Wales,W92000004,2020-11-28,66,20853
nation,Wales,W92000004,2020-11-27,86,20787
nation,Wales,W92000004,2020-11-26,93,20701
nation,Wales,W92000004,2020-11-25,70,20608
nation,Wales,W92000004,2020-11-24,78,20538
nation,Wales,W92000004,2020-11-23,71,20460
nation,Wales,W92000004,2020-11-22,62,20389
nation,Wales,W92000004,2020-11-21,84,20327
nation,Wales,W92000004,2020-11-20,77,20243
nation,Wales,W92000004,2020-11-19,67,20166
nation,Wales,W92000004,2020-11-18,80,20099
nation,Wales,W92000004,2020-11-17,72,20019
nation,Wales,W92000004,2020-11-16,71,19947
nation,Wales,W92000004,2020-11-15,69,19876
nation,Wales,W92000004,2020-11-14,89,19807
nation,Wales,W92000004,2020-11-13,74,19718
nation,Wales,W92000004,2020-11-12,100,19644
nation,Wales,W92000004,2020-11-11,95,19544
nation,Wales,W92000004,2020-11-10,104,19449
nation,Wales,W92000004,2020-11-09,64,19345
nation,Wales,W92000004,2020-11-08,75,19281
nation,Wales,W92000004,2020-11-07,112,19206
nation,Wales,W92000004,2020-11-06,82,19094
nation,Wales,W92000004,2020-11-05,102,19012
nation,Wales,W92000004,2020-11-04,129,18910
nation,Wales,W92000004,2020-11-03,104,18781
nation,Wales,W92000004,2020-11-02,75,18677
nation,Wales,W92000004,2020-11-01,76,18602
nation,Wales,W92000004,2020-10-31,80,18526
nation,Wales,W92000004,2020-10-30,97,18446
nation,Wales,W92000004,2020-10-29,86,18349
nation,Wales,W92000004,2020-10-28,83,18263
nation,Wales,W92000004,2020-10-27,114,18180
nation,Wales,W92000004,2020-10-26,76,18066
nation,Wales,W92000004,2020-10-25,78,17990
nation,Wales,W92000004,2020-10-24,98,17912
nation,Wales,W92000004,2020-10-23,123,17814
nation,Wales,W92000004,2020-10-22,107,17691
nation,Wales,W92000004,2020-10-21,92,17584
nation,Wales,W92000004,2020-10-20,77,17492
nation,Wales,W92000004,2020-10-19,60,17415
nation,Wales,W92000004,2020-10-18,88,17355
nation,Wales,W92000004,2020-10-17,112,17267
nation,Wales,W92000004,2020-10-16,105,17155
nation,Wales,W92000004,2020-10-15,102,17050
nation,Wales,W92000004,2020-10-14,123,16948
nation,Wales,W92000004,2020-10-13,98,16825
nation,Wales,W92000004,2020-10-12,86,16727
nation,Wales,W92000004,2020-10-11,79,16641
nation,Wales,W92000004,2020-10-10,103,16562
nation,Wales,W92000004,2020-10-09,60,16459
nation,Wales,W92000004,2020-10-08,76,16399
nation,Wales,W92000004,2020-10-07,85,16323
nation,Wales,W92000004,2020-10-06,80,16238
nation,Wales,W92000004,2020-10-05,59,16158
nation,Wales,W92000004,2020-10-04,92,16099
nation,Wales,W92000004,2020-10-03,79,16007
nation,Wales,W92000004,2020-10-02,94,15928
nation,Wales,W92000004,2020-10-01,79,15834
nation,Wales,W92000004,2020-09-30,61,15755
nation,Wales,W92000004,2020-09-29,90,15694
nation,Wales,W92000004,2020-09-28,71,15604
nation,Wales,W92000004,2020-09-27,56,15533
nation,Wales,W92000004,2020-09-26,61,15477
nation,Wales,W92000004,2020-09-25,67,15416
nation,Wales,W92000004,2020-09-24,94,15349
nation,Wales,W92000004,2020-09-23,70,15255
nation,Wales,W92000004,2020-09-22,43,15185
nation,Wales,W92000004,2020-09-21,59,15142
nation,Wales,W92000004,2020-09-20,28,15083
nation,Wales,W92000004,2020-09-19,34,15055
nation,Wales,W92000004,2020-09-18,41,15021
nation,Wales,W92000004,2020-09-17,42,14980
nation,Wales,W92000004,2020-09-16,65,14938
nation,Wales,W92000004,2020-09-15,53,14873
nation,Wales,W92000004,2020-09-14,59,14820
nation,Wales,W92000004,2020-09-13,55,14761
nation,Wales,W92000004,2020-09-12,55,14706
nation,Wales,W92000004,2020-09-11,70,14651
nation,Wales,W92000004,2020-09-10,49,14581
nation,Wales,W92000004,2020-09-09,56,14532
nation,Wales,W92000004,2020-09-08,65,14476
nation,Wales,W92000004,2020-09-07,46,14411
nation,Wales,W92000004,2020-09-06,42,14365
nation,Wales,W92000004,2020-09-05,27,14323
nation,Wales,W92000004,2020-09-04,69,14296
nation,Wales,W92000004,2020-09-03,70,14227
nation,Wales,W92000004,2020-09-02,59,14157
nation,Wales,W92000004,2020-09-01,69,14098
nation,Wales,W92000004,2020-08-31,29,14029
nation,Wales,W92000004,2020-08-30,33,14000
nation,Wales,W92000004,2020-08-29,52,13967
nation,Wales,W92000004,2020-08-28,83,13915
nation,Wales,W92000004,2020-08-27,70,13832
nation,Wales,W92000004,2020-08-26,69,13762
nation,Wales,W92000004,2020-08-25,49,13693
nation,Wales,W92000004,2020-08-24,36,13644
nation,Wales,W92000004,2020-08-23,26,13608
nation,Wales,W92000004,2020-08-22,39,13582
nation,Wales,W92000004,2020-08-21,54,13543
nation,Wales,W92000004,2020-08-20,39,13489
nation,Wales,W92000004,2020-08-19,45,13450
nation,Wales,W92000004,2020-08-18,63,13405
nation,Wales,W92000004,2020-08-17,38,13342
nation,Wales,W92000004,2020-08-16,37,13304
nation,Wales,W92000004,2020-08-15,52,13267
nation,Wales,W92000004,2020-08-14,39,13215
nation,Wales,W92000004,2020-08-13,63,13176
nation,Wales,W92000004,2020-08-12,45,13113
nation,Wales,W92000004,2020-08-11,47,13068
nation,Wales,W92000004,2020-08-10,31,13021
nation,Wales,W92000004,2020-08-09,51,12990
nation,Wales,W92000004,2020-08-08,55,12939
nation,Wales,W92000004,2020-08-07,53,12884
nation,Wales,W92000004,2020-08-06,45,12831
nation,Wales,W92000004,2020-08-05,74,12786
nation,Wales,W92000004,2020-08-04,65,12712
nation,Wales,W92000004,2020-08-03,29,12647
nation,Wales,W92000004,2020-08-02,35,12618
nation,Wales,W92000004,2020-08-01,73,12583
nation,Wales,W92000004,2020-07-31,54,12510
nation,Wales,W92000004,2020-07-30,53,12456
nation,Wales,W92000004,2020-07-29,64,12403
nation,Wales,W92000004,2020-07-28,49,12339
nation,Wales,W92000004,2020-07-27,43,12290
nation,Wales,W92000004,2020-07-26,45,12247
nation,Wales,W92000004,2020-07-25,48,12202
nation,Wales,W92000004,2020-07-24,61,12154
nation,Wales,W92000004,2020-07-23,88,12093
nation,Wales,W92000004,2020-07-22,72,12005
nation,Wales,W92000004,2020-07-21,46,11933
nation,Wales,W92000004,2020-07-20,43,11887
nation,Wales,W92000004,2020-07-19,51,11844
nation,Wales,W92000004,2020-07-18,54,11793
nation,Wales,W92000004,2020-07-17,59,11739
nation,Wales,W92000004,2020-07-16,48,11680
nation,Wales,W92000004,2020-07-15,48,11632
nation,Wales,W92000004,2020-07-14,63,11584
nation,Wales,W92000004,2020-07-13,50,11521
nation,Wales,W92000004,2020-07-12,41,11471
nation,Wales,W92000004,2020-07-11,76,11430
nation,Wales,W92000004,2020-07-10,68,11354
nation,Wales,W92000004,2020-07-09,75,11286
nation,Wales,W92000004,2020-07-08,63,11211
nation,Wales,W92000004,2020-07-07,64,11148
nation,Wales,W92000004,2020-07-06,50,11084
nation,Wales,W92000004,2020-07-05,63,11034
nation,Wales,W92000004,2020-07-04,78,10971
nation,Wales,W92000004,2020-07-03,65,10893
nation,Wales,W92000004,2020-07-02,64,10828
nation,Wales,W92000004,2020-07-01,66,10764
nation,Wales,W92000004,2020-06-30,104,10698
nation,Wales,W92000004,2020-06-29,46,10594
nation,Wales,W92000004,2020-06-28,47,10548
nation,Wales,W92000004,2020-06-27,74,10501
nation,Wales,W92000004,2020-06-26,88,10427
nation,Wales,W92000004,2020-06-25,64,10339
nation,Wales,W92000004,2020-06-24,101,10275
nation,Wales,W92000004,2020-06-23,79,10174
nation,Wales,W92000004,2020-06-22,67,10095
nation,Wales,W92000004,2020-06-21,68,10028
nation,Wales,W92000004,2020-06-20,68,9960
nation,Wales,W92000004,2020-06-19,78,9892
nation,Wales,W92000004,2020-06-18,87,9814
nation,Wales,W92000004,2020-06-17,91,9727
nation,Wales,W92000004,2020-06-16,95,9636
nation,Wales,W92000004,2020-06-15,68,9541
nation,Wales,W92000004,2020-06-14,52,9473
nation,Wales,W92000004,2020-06-13,114,9421
nation,Wales,W92000004,2020-06-12,90,9307
nation,Wales,W92000004,2020-06-11,104,9217
nation,Wales,W92000004,2020-06-10,97,9113
nation,Wales,W92000004,2020-06-09,84,9016
nation,Wales,W92000004,2020-06-08,59,8932
nation,Wales,W92000004,2020-06-07,76,8873
nation,Wales,W92000004,2020-06-06,92,8797
nation,Wales,W92000004,2020-06-05,82,8705
nation,Wales,W92000004,2020-06-04,97,8623
nation,Wales,W92000004,2020-06-03,131,8526
nation,Wales,W92000004,2020-06-02,106,8395
nation,Wales,W92000004,2020-06-01,73,8289
nation,Wales,W92000004,2020-05-31,68,8216
nation,Wales,W92000004,2020-05-30,93,8148
nation,Wales,W92000004,2020-05-29,99,8055
nation,Wales,W92000004,2020-05-28,120,7956
nation,Wales,W92000004,2020-05-27,106,7836
nation,Wales,W92000004,2020-05-26,96,7730
nation,Wales,W92000004,2020-05-25,82,7634
nation,Wales,W92000004,2020-05-24,78,7552
nation,Wales,W92000004,2020-05-23,121,7474
nation,Wales,W92000004,2020-05-22,81,7353
nation,Wales,W92000004,2020-05-21,105,7272
nation,Wales,W92000004,2020-05-20,95,7167
nation,Wales,W92000004,2020-05-19,105,7072
nation,Wales,W92000004,2020-05-18,77,6967
nation,Wales,W92000004,2020-05-17,98,6890
nation,Wales,W92000004,2020-05-16,117,6792
nation,Wales,W92000004,2020-05-15,88,6675
nation,Wales,W92000004,2020-05-14,105,6587
nation,Wales,W92000004,2020-05-13,119,6482
nation,Wales,W92000004,2020-05-12,92,6363
nation,Wales,W92000004,2020-05-11,108,6271
nation,Wales,W92000004,2020-05-10,114,6163
nation,Wales,W92000004,2020-05-09,106,6049
nation,Wales,W92000004,2020-05-08,127,5943
nation,Wales,W92000004,2020-05-07,119,5816
nation,Wales,W92000004,2020-05-06,103,5697
nation,Wales,W92000004,2020-05-05,136,5594
nation,Wales,W92000004,2020-05-04,121,5458
nation,Wales,W92000004,2020-05-03,94,5337
nation,Wales,W92000004,2020-05-02,142,5243
nation,Wales,W92000004,2020-05-01,107,5101
nation,Wales,W92000004,2020-04-30,132,4994
nation,Wales,W92000004,2020-04-29,127,4862
nation,Wales,W92000004,2020-04-28,139,4735
nation,Wales,W92000004,2020-04-27,95,4596
nation,Wales,W92000004,2020-04-26,97,4501
nation,Wales,W92000004,2020-04-25,112,4404
nation,Wales,W92000004,2020-04-24,135,4292
nation,Wales,W92000004,2020-04-23,134,4157
nation,Wales,W92000004,2020-04-22,127,4023
nation,Wales,W92000004,2020-04-21,117,3896
nation,Wales,W92000004,2020-04-20,114,3779
nation,Wales,W92000004,2020-04-19,102,3665
nation,Wales,W92000004,2020-04-18,129,3563
nation,Wales,W92000004,2020-04-17,151,3434
nation,Wales,W92000004,2020-04-16,104,3283
nation,Wales,W92000004,2020-04-15,151,3179
nation,Wales,W92000004,2020-04-14,106,3028
nation,Wales,W92000004,2020-04-13,130,2922
nation,Wales,W92000004,2020-04-12,168,2792
nation,Wales,W92000004,2020-04-11,106,2624
nation,Wales,W92000004,2020-04-10,129,2518
nation,Wales,W92000004,2020-04-09,126,2389
nation,Wales,W92000004,2020-04-08,158,2263
nation,Wales,W92000004,2020-04-07,196,2105
nation,Wales,W92000004,2020-04-06,123,1909
nation,Wales,W92000004,2020-04-05,134,1786
nation,Wales,W92000004,2020-04-04,134,1652
nation,Wales,W92000004,2020-04-03,110,1518
nation,Wales,W92000004,2020-04-02,139,1408
nation,Wales,W92000004,2020-04-01,207,1269
nation,Wales,W92000004,2020-03-31,158,1062
nation,Wales,W92000004,2020-03-30,147,904
nation,Wales,W92000004,2020-03-29,133,757
nation,Wales,W92000004,2020-03-28,126,624
nation,Wales,W92000004,2020-03-27,118,498
nation,Wales,W92000004,2020-03-26,107,380
nation,Wales,W92000004,2020-03-25,178,273
nation,Wales,W92000004,2020-03-24,63,95
nation,Wales,W92000004,2020-03-23,32,32
