areaType,areaName,areaCode,date,newCasesBySpecimenDate,cumCasesBySpecimenDate
nation,England,E92000001,2021-01-31,3183,3358064
nation,England,E92000001,2021-01-30,12658,3354881
nation,England,E92000001,2021-01-29,18430,3342223
nation,England,E92000001,2021-01-28,21334,3323793
nation,England,E92000001,2021-01-27,23092,3302459
nation,England,E92000001,2021-01-26,24374,3279367
nation,England,E92000001,2021-01-25,27032,3254993
nation,England,E92000001,2021-01-24,15476,3227961
nation,England,E92000001,2021-01-23,19888,3212485
nation,England,E92000001,2021-01-22,26938,3192597
nation,England,E92000001,2021-01-21,28796,3165659
nation,England,E92000001,2021-01-20,31790,3136863
nation,England,E92000001,2021-01-19,35990,3105073
nation,England,E92000001,2021-01-18,40743,3069083
nation,England,E92000001,2021-01-17,26226,3028340
nation,England,E92000001,2021-01-16,27664,3002114
nation,England,E92000001,2021-01-15,36804,2974450
nation,England,E92000001,2021-01-14,38548,2937646
nation,England,E92000001,2021-01-13,41198,2899098
nation,England,E92000001,2021-01-12,44724,2857900
nation,England,E92000001,2021-01-11,52066,2813176
nation,England,E92000001,2021-01-10,32863,2761110
nation,England,E92000001,2021-01-09,35445,2728247
nation,England,E92000001,2021-01-08,42338,2692802
nation,England,E92000001,2021-01-07,46859,2650464
nation,England,E92000001,2021-01-06,51299,2603605
nation,England,E92000001,2021-01-05,58004,2552306
nation,England,E92000001,2021-01-04,69074,2494302
nation,England,E92000001,2021-01-03,49515,2425228
nation,England,E92000001,2021-01-02,54159,2375713
nation,England,E92000001,2021-01-01,28214,2321554
nation,England,E92000001,2020-12-31,46683,2293340
nation,England,E92000001,2020-12-30,62890,2246657
nation,England,E92000001,2020-12-29,72519,2183767
nation,England,E92000001,2020-12-28,40036,2111248
nation,England,E92000001,2020-12-27,42461,2071212
nation,England,E92000001,2020-12-26,36692,2028751
nation,England,E92000001,2020-12-25,12673,1992059
nation,England,E92000001,2020-12-24,28719,1979386
nation,England,E92000001,2020-12-23,37709,1950667
nation,England,E92000001,2020-12-22,40907,1912958
nation,England,E92000001,2020-12-21,42597,1872051
nation,England,E92000001,2020-12-20,28949,1829454
nation,England,E92000001,2020-12-19,21737,1800505
nation,England,E92000001,2020-12-18,31841,1778768
nation,England,E92000001,2020-12-17,29598,1746927
nation,England,E92000001,2020-12-16,30115,1717329
nation,England,E92000001,2020-12-15,29115,1687214
nation,England,E92000001,2020-12-14,29519,1658099
nation,England,E92000001,2020-12-13,18135,1628580
nation,England,E92000001,2020-12-12,16033,1610445
nation,England,E92000001,2020-12-11,19882,1594412
nation,England,E92000001,2020-12-10,18563,1574530
nation,England,E92000001,2020-12-09,17507,1555967
nation,England,E92000001,2020-12-08,16681,1538460
nation,England,E92000001,2020-12-07,17412,1521779
nation,England,E92000001,2020-12-06,10900,1504367
nation,England,E92000001,2020-12-05,10182,1493467
nation,England,E92000001,2020-12-04,12913,1483285
nation,England,E92000001,2020-12-03,12540,1470372
nation,England,E92000001,2020-12-02,13456,1457832
nation,England,E92000001,2020-12-01,13517,1444376
nation,England,E92000001,2020-11-30,15051,1430859
nation,England,E92000001,2020-11-29,8915,1415808
nation,England,E92000001,2020-11-28,9201,1406893
nation,England,E92000001,2020-11-27,12271,1397692
nation,England,E92000001,2020-11-26,12275,1385421
nation,England,E92000001,2020-11-25,13934,1373146
nation,England,E92000001,2020-11-24,14034,1359212
nation,England,E92000001,2020-11-23,16208,1345178
nation,England,E92000001,2020-11-22,10042,1328970
nation,England,E92000001,2020-11-21,10614,1318928
nation,England,E92000001,2020-11-20,14687,1308314
nation,England,E92000001,2020-11-19,15506,1293627
nation,England,E92000001,2020-11-18,18233,1278121
nation,England,E92000001,2020-11-17,20343,1259888
nation,England,E92000001,2020-11-16,23725,1239545
nation,England,E92000001,2020-11-15,14226,1215820
nation,England,E92000001,2020-11-14,16034,1201594
nation,England,E92000001,2020-11-13,21656,1185560
nation,England,E92000001,2020-11-12,21965,1163904
nation,England,E92000001,2020-11-11,24647,1141939
nation,England,E92000001,2020-11-10,24485,1117292
nation,England,E92000001,2020-11-09,28106,1092807
nation,England,E92000001,2020-11-08,17969,1064701
nation,England,E92000001,2020-11-07,16623,1046732
nation,England,E92000001,2020-11-06,20826,1030109
nation,England,E92000001,2020-11-05,20875,1009283
nation,England,E92000001,2020-11-04,20694,988408
nation,England,E92000001,2020-11-03,22315,967714
nation,England,E92000001,2020-11-02,27934,945399
nation,England,E92000001,2020-11-01,13366,917465
nation,England,E92000001,2020-10-31,14358,904099
nation,England,E92000001,2020-10-30,19652,889741
nation,England,E92000001,2020-10-29,19986,870089
nation,England,E92000001,2020-10-28,20241,850103
nation,England,E92000001,2020-10-27,20508,829862
nation,England,E92000001,2020-10-26,22764,809354
nation,England,E92000001,2020-10-25,13167,786590
nation,England,E92000001,2020-10-24,13516,773423
nation,England,E92000001,2020-10-23,18120,759907
nation,England,E92000001,2020-10-22,19618,741787
nation,England,E92000001,2020-10-21,21511,722169
nation,England,E92000001,2020-10-20,21339,700658
nation,England,E92000001,2020-10-19,22118,679319
nation,England,E92000001,2020-10-18,11858,657201
nation,England,E92000001,2020-10-17,12363,645343
nation,England,E92000001,2020-10-16,14558,632980
nation,England,E92000001,2020-10-15,15247,618422
nation,England,E92000001,2020-10-14,16455,603175
nation,England,E92000001,2020-10-13,15454,586720
nation,England,E92000001,2020-10-12,16205,571266
nation,England,E92000001,2020-10-11,9659,555061
nation,England,E92000001,2020-10-10,10154,545402
nation,England,E92000001,2020-10-09,13016,535248
nation,England,E92000001,2020-10-08,15272,522232
nation,England,E92000001,2020-10-07,15201,506960
nation,England,E92000001,2020-10-06,14301,491759
nation,England,E92000001,2020-10-05,14042,477458
nation,England,E92000001,2020-10-04,9832,463416
nation,England,E92000001,2020-10-03,9708,453584
nation,England,E92000001,2020-10-02,11580,443876
nation,England,E92000001,2020-10-01,11306,432296
nation,England,E92000001,2020-09-30,10524,420990
nation,England,E92000001,2020-09-29,8727,410466
nation,England,E92000001,2020-09-28,8582,401739
nation,England,E92000001,2020-09-27,6026,393157
nation,England,E92000001,2020-09-26,5654,387131
nation,England,E92000001,2020-09-25,6046,381477
nation,England,E92000001,2020-09-24,6292,375431
nation,England,E92000001,2020-09-23,5895,369139
nation,England,E92000001,2020-09-22,5365,363244
nation,England,E92000001,2020-09-21,4699,357879
nation,England,E92000001,2020-09-20,4626,353180
nation,England,E92000001,2020-09-19,4180,348554
nation,England,E92000001,2020-09-18,4276,344374
nation,England,E92000001,2020-09-17,3938,340098
nation,England,E92000001,2020-09-16,3751,336160
nation,England,E92000001,2020-09-15,3047,332409
nation,England,E92000001,2020-09-14,2900,329362
nation,England,E92000001,2020-09-13,1712,326462
nation,England,E92000001,2020-09-12,2214,324750
nation,England,E92000001,2020-09-11,2856,322536
nation,England,E92000001,2020-09-10,3103,319680
nation,England,E92000001,2020-09-09,2853,316577
nation,England,E92000001,2020-09-08,3008,313724
nation,England,E92000001,2020-09-07,3463,310716
nation,England,E92000001,2020-09-06,2061,307253
nation,England,E92000001,2020-09-05,2190,305192
nation,England,E92000001,2020-09-04,2590,303002
nation,England,E92000001,2020-09-03,2665,300412
nation,England,E92000001,2020-09-02,2618,297747
nation,England,E92000001,2020-09-01,1928,295129
nation,England,E92000001,2020-08-31,1260,293201
nation,England,E92000001,2020-08-30,977,291941
nation,England,E92000001,2020-08-29,1041,290964
nation,England,E92000001,2020-08-28,1383,289923
nation,England,E92000001,2020-08-27,1327,288540
nation,England,E92000001,2020-08-26,1139,287213
nation,England,E92000001,2020-08-25,1060,286074
nation,England,E92000001,2020-08-24,1131,285014
nation,England,E92000001,2020-08-23,694,283883
nation,England,E92000001,2020-08-22,714,283189
nation,England,E92000001,2020-08-21,1004,282475
nation,England,E92000001,2020-08-20,1222,281471
nation,England,E92000001,2020-08-19,1072,280249
nation,England,E92000001,2020-08-18,925,279177
nation,England,E92000001,2020-08-17,1137,278252
nation,England,E92000001,2020-08-16,528,277115
nation,England,E92000001,2020-08-15,645,276587
nation,England,E92000001,2020-08-14,1036,275942
nation,England,E92000001,2020-08-13,1018,274906
nation,England,E92000001,2020-08-12,1095,273888
nation,England,E92000001,2020-08-11,1211,272793
nation,England,E92000001,2020-08-10,1351,271582
nation,England,E92000001,2020-08-09,557,270231
nation,England,E92000001,2020-08-08,636,269674
nation,England,E92000001,2020-08-07,866,269038
nation,England,E92000001,2020-08-06,979,268172
nation,England,E92000001,2020-08-05,941,267193
nation,England,E92000001,2020-08-04,919,266252
nation,England,E92000001,2020-08-03,937,265333
nation,England,E92000001,2020-08-02,512,264396
nation,England,E92000001,2020-08-01,493,263884
nation,England,E92000001,2020-07-31,624,263391
nation,England,E92000001,2020-07-30,855,262767
nation,England,E92000001,2020-07-29,972,261912
nation,England,E92000001,2020-07-28,780,260940
nation,England,E92000001,2020-07-27,810,260160
nation,England,E92000001,2020-07-26,515,259350
nation,England,E92000001,2020-07-25,492,258835
nation,England,E92000001,2020-07-24,713,258343
nation,England,E92000001,2020-07-23,732,257630
nation,England,E92000001,2020-07-22,749,256898
nation,England,E92000001,2020-07-21,690,256149
nation,England,E92000001,2020-07-20,754,255459
nation,England,E92000001,2020-07-19,413,254705
nation,England,E92000001,2020-07-18,467,254292
nation,England,E92000001,2020-07-17,547,253825
nation,England,E92000001,2020-07-16,640,253278
nation,England,E92000001,2020-07-15,725,252638
nation,England,E92000001,2020-07-14,652,251913
nation,England,E92000001,2020-07-13,690,251261
nation,England,E92000001,2020-07-12,352,250571
nation,England,E92000001,2020-07-11,418,250219
nation,England,E92000001,2020-07-10,518,249801
nation,England,E92000001,2020-07-09,680,249283
nation,England,E92000001,2020-07-08,674,248603
nation,England,E92000001,2020-07-07,558,247929
nation,England,E92000001,2020-07-06,657,247371
nation,England,E92000001,2020-07-05,540,246714
nation,England,E92000001,2020-07-04,383,246174
nation,England,E92000001,2020-07-03,537,245791
nation,England,E92000001,2020-07-02,559,245254
nation,England,E92000001,2020-07-01,604,244695
nation,England,E92000001,2020-06-30,570,244091
nation,England,E92000001,2020-06-29,664,243521
nation,England,E92000001,2020-06-28,411,242857
nation,England,E92000001,2020-06-27,503,242446
nation,England,E92000001,2020-06-26,642,241943
nation,England,E92000001,2020-06-25,638,241301
nation,England,E92000001,2020-06-24,728,240663
nation,England,E92000001,2020-06-23,729,239935
nation,England,E92000001,2020-06-22,812,239206
nation,England,E92000001,2020-06-21,550,238394
nation,England,E92000001,2020-06-20,626,237844
nation,England,E92000001,2020-06-19,809,237218
nation,England,E92000001,2020-06-18,945,236409
nation,England,E92000001,2020-06-17,911,235464
nation,England,E92000001,2020-06-16,993,234553
nation,England,E92000001,2020-06-15,942,233560
nation,England,E92000001,2020-06-14,745,232618
nation,England,E92000001,2020-06-13,784,231873
nation,England,E92000001,2020-06-12,938,231089
nation,England,E92000001,2020-06-11,917,230151
nation,England,E92000001,2020-06-10,1082,229234
nation,England,E92000001,2020-06-09,1060,228152
nation,England,E92000001,2020-06-08,987,227092
nation,England,E92000001,2020-06-07,663,226105
nation,England,E92000001,2020-06-06,722,225442
nation,England,E92000001,2020-06-05,1021,224720
nation,England,E92000001,2020-06-04,1146,223699
nation,England,E92000001,2020-06-03,1241,222553
nation,England,E92000001,2020-06-02,1352,221312
nation,England,E92000001,2020-06-01,1314,219960
nation,England,E92000001,2020-05-31,986,218646
nation,England,E92000001,2020-05-30,998,217660
nation,England,E92000001,2020-05-29,1371,216662
nation,England,E92000001,2020-05-28,1573,215291
nation,England,E92000001,2020-05-27,1612,213718
nation,England,E92000001,2020-05-26,1455,212106
nation,England,E92000001,2020-05-25,1378,210651
nation,England,E92000001,2020-05-24,1199,209273
nation,England,E92000001,2020-05-23,1302,208074
nation,England,E92000001,2020-05-22,1796,206772
nation,England,E92000001,2020-05-21,2276,204976
nation,England,E92000001,2020-05-20,2347,202700
nation,England,E92000001,2020-05-19,2590,200353
nation,England,E92000001,2020-05-18,2213,197763
nation,England,E92000001,2020-05-17,1588,195550
nation,England,E92000001,2020-05-16,1773,193962
nation,England,E92000001,2020-05-15,2135,192189
nation,England,E92000001,2020-05-14,2211,190054
nation,England,E92000001,2020-05-13,2882,187843
nation,England,E92000001,2020-05-12,2922,184961
nation,England,E92000001,2020-05-11,3059,182039
nation,England,E92000001,2020-05-10,2006,178980
nation,England,E92000001,2020-05-09,1795,176974
nation,England,E92000001,2020-05-08,2617,175179
nation,England,E92000001,2020-05-07,3204,172562
nation,England,E92000001,2020-05-06,3265,169358
nation,England,E92000001,2020-05-05,3138,166093
nation,England,E92000001,2020-05-04,2840,162955
nation,England,E92000001,2020-05-03,2629,160115
nation,England,E92000001,2020-05-02,2749,157486
nation,England,E92000001,2020-05-01,4090,154737
nation,England,E92000001,2020-04-30,4311,150647
nation,England,E92000001,2020-04-29,4729,146336
nation,England,E92000001,2020-04-28,4118,141607
nation,England,E92000001,2020-04-27,4030,137489
nation,England,E92000001,2020-04-26,3136,133459
nation,England,E92000001,2020-04-25,3375,130323
nation,England,E92000001,2020-04-24,4351,126948
nation,England,E92000001,2020-04-23,4558,122597
nation,England,E92000001,2020-04-22,4801,118039
nation,England,E92000001,2020-04-21,3977,113238
nation,England,E92000001,2020-04-20,3684,109261
nation,England,E92000001,2020-04-19,3478,105577
nation,England,E92000001,2020-04-18,4114,102099
nation,England,E92000001,2020-04-17,4072,97985
nation,England,E92000001,2020-04-16,4359,93913
nation,England,E92000001,2020-04-15,4218,89554
nation,England,E92000001,2020-04-14,3547,85336
nation,England,E92000001,2020-04-13,3434,81789
nation,England,E92000001,2020-04-12,2942,78355
nation,England,E92000001,2020-04-11,3066,75413
nation,England,E92000001,2020-04-10,3579,72347
nation,England,E92000001,2020-04-09,4060,68768
nation,England,E92000001,2020-04-08,4284,64708
nation,England,E92000001,2020-04-07,4576,60424
nation,England,E92000001,2020-04-06,4381,55848
nation,England,E92000001,2020-04-05,3081,51467
nation,England,E92000001,2020-04-04,3380,48386
nation,England,E92000001,2020-04-03,4076,45006
nation,England,E92000001,2020-04-02,4070,40930
nation,England,E92000001,2020-04-01,4132,36860
nation,England,E92000001,2020-03-31,3784,32728
nation,England,E92000001,2020-03-30,3520,28944
nation,England,E92000001,2020-03-29,2442,25424
nation,England,E92000001,2020-03-28,2371,22982
nation,England,E92000001,2020-03-27,2653,20611
nation,England,E92000001,2020-03-26,2614,17958
nation,England,E92000001,2020-03-25,2260,15344
nation,England,E92000001,2020-03-24,2029,13084
nation,England,E92000001,2020-03-23,2016,11055
nation,England,E92000001,2020-03-22,1207,9039
nation,England,E92000001,2020-03-21,1033,7832
nation,England,E92000001,2020-03-20,1082,6799
nation,England,E92000001,2020-03-19,929,5717
nation,England,E92000001,2020-03-18,907,4788
nation,England,E92000001,2020-03-17,680,3881
nation,England,E92000001,2020-03-16,545,3201
nation,England,E92000001,2020-03-15,396,2656
nation,England,E92000001,2020-03-14,315,2260
nation,England,E92000001,2020-03-13,394,1945
nation,England,E92000001,2020-03-12,414,1551
nation,England,E92000001,2020-03-11,353,1137
nation,England,E92000001,2020-03-10,227,784
nation,England,E92000001,2020-03-09,125,557
nation,England,E92000001,2020-03-08,50,432
nation,England,E92000001,2020-03-07,55,382
nation,England,E92000001,2020-03-06,73,327
nation,England,E92000001,2020-03-05,46,254
nation,England,E92000001,2020-03-04,49,208
nation,England,E92000001,2020-03-03,54,159
nation,England,E92000001,2020-03-02,38,105
nation,England,E92000001,2020-03-01,20,67
nation,England,E92000001,2020-02-29,5,47
nation,England,E92000001,2020-02-28,11,42
nation,England,E92000001,2020-02-27,7,31
nation,England,E92000001,2020-02-26,4,24
nation,England,E92000001,2020-02-25,5,20
nation,England,E92000001,2020-02-24,2,15
nation,England,E92000001,2020-02-23,1,13
nation,England,E92000001,2020-02-22,0,12
nation,England,E92000001,2020-02-21,1,12
nation,England,E92000001,2020-02-20,0,11
nation,England,E92000001,2020-02-19,0,11
nation,England,E92000001,2020-02-18,0,11
nation,England,E92000001,2020-02-17,0,11
nation,England,E92000001,2020-02-16,0,11
nation,England,E92000001,2020-02-15,0,11
nation,England,E92000001,2020-02-14,0,11
nation,England,E92000001,2020-02-13,0,11
nation,England,E92000001,2020-02-12,0,11
nation,England,E92000001,2020-02-11,1,11
nation,England,E92000001,2020-02-10,0,10
nation,England,E92000001,2020-02-09,1,10
nation,England,E92000001,2020-02-08,4,9
nation,England,E92000001,2020-02-07,0,5
nation,England,E92000001,2020-02-06,0,5
nation,England,E92000001,2020-02-05,1,5
nation,England,E92000001,2020-02-04,0,4
nation,England,E92000001,2020-02-03,0,4
nation,England,E92000001,2020-02-02,0,4
nation,England,E92000001,2020-02-01,1,4
nation,England,E92000001,2020-01-31,1,3
nation,England,E92000001,2020-01-30,2,2
nation,Northern Ireland,N92000002,2021-01-31,279,104274
nation,Northern Ireland,N92000002,2021-01-30,396,103995
nation,Northern Ireland,N92000002,2021-01-29,547,103599
nation,Northern Ireland,N92000002,2021-01-28,530,103052
nation,Northern Ireland,N92000002,2021-01-27,638,102522
nation,Northern Ireland,N92000002,2021-01-26,649,101884
nation,Northern Ireland,N92000002,2021-01-25,649,101235
nation,Northern Ireland,N92000002,2021-01-24,457,100586
nation,Northern Ireland,N92000002,2021-01-23,481,100129
nation,Northern Ireland,N92000002,2021-01-22,625,99648
nation,Northern Ireland,N92000002,2021-01-21,771,99023
nation,Northern Ireland,N92000002,2021-01-20,794,98252
nation,Northern Ireland,N92000002,2021-01-19,872,97458
nation,Northern Ireland,N92000002,2021-01-18,923,96586
nation,Northern Ireland,N92000002,2021-01-17,620,95663
nation,Northern Ireland,N92000002,2021-01-16,700,95043
nation,Northern Ireland,N92000002,2021-01-15,855,94343
nation,Northern Ireland,N92000002,2021-01-14,925,93488
nation,Northern Ireland,N92000002,2021-01-13,1062,92563
nation,Northern Ireland,N92000002,2021-01-12,1120,91501
nation,Northern Ireland,N92000002,2021-01-11,1269,90381
nation,Northern Ireland,N92000002,2021-01-10,884,89112
nation,Northern Ireland,N92000002,2021-01-09,1002,88228
nation,Northern Ireland,N92000002,2021-01-08,1241,87226
nation,Northern Ireland,N92000002,2021-01-07,1242,85985
nation,Northern Ireland,N92000002,2021-01-06,1530,84743
nation,Northern Ireland,N92000002,2021-01-05,1626,83213
nation,Northern Ireland,N92000002,2021-01-04,2010,81587
nation,Northern Ireland,N92000002,2021-01-03,1633,79577
nation,Northern Ireland,N92000002,2021-01-02,1930,77944
nation,Northern Ireland,N92000002,2021-01-01,1249,76014
nation,Northern Ireland,N92000002,2020-12-31,1724,74765
nation,Northern Ireland,N92000002,2020-12-30,2232,73041
nation,Northern Ireland,N92000002,2020-12-29,2310,70809
nation,Northern Ireland,N92000002,2020-12-28,1393,68499
nation,Northern Ireland,N92000002,2020-12-27,1093,67106
nation,Northern Ireland,N92000002,2020-12-26,718,66013
nation,Northern Ireland,N92000002,2020-12-25,342,65295
nation,Northern Ireland,N92000002,2020-12-24,626,64953
nation,Northern Ireland,N92000002,2020-12-23,811,64327
nation,Northern Ireland,N92000002,2020-12-22,724,63516
nation,Northern Ireland,N92000002,2020-12-21,722,62792
nation,Northern Ireland,N92000002,2020-12-20,489,62070
nation,Northern Ireland,N92000002,2020-12-19,485,61581
nation,Northern Ireland,N92000002,2020-12-18,538,61096
nation,Northern Ireland,N92000002,2020-12-17,604,60558
nation,Northern Ireland,N92000002,2020-12-16,618,59954
nation,Northern Ireland,N92000002,2020-12-15,538,59336
nation,Northern Ireland,N92000002,2020-12-14,568,58798
nation,Northern Ireland,N92000002,2020-12-13,400,58230
nation,Northern Ireland,N92000002,2020-12-12,361,57830
nation,Northern Ireland,N92000002,2020-12-11,521,57469
nation,Northern Ireland,N92000002,2020-12-10,501,56948
nation,Northern Ireland,N92000002,2020-12-09,455,56447
nation,Northern Ireland,N92000002,2020-12-08,470,55992
nation,Northern Ireland,N92000002,2020-12-07,469,55522
nation,Northern Ireland,N92000002,2020-12-06,368,55053
nation,Northern Ireland,N92000002,2020-12-05,398,54685
nation,Northern Ireland,N92000002,2020-12-04,433,54287
nation,Northern Ireland,N92000002,2020-12-03,499,53854
nation,Northern Ireland,N92000002,2020-12-02,414,53355
nation,Northern Ireland,N92000002,2020-12-01,400,52941
nation,Northern Ireland,N92000002,2020-11-30,507,52541
nation,Northern Ireland,N92000002,2020-11-29,257,52034
nation,Northern Ireland,N92000002,2020-11-28,343,51777
nation,Northern Ireland,N92000002,2020-11-27,331,51434
nation,Northern Ireland,N92000002,2020-11-26,337,51103
nation,Northern Ireland,N92000002,2020-11-25,418,50766
nation,Northern Ireland,N92000002,2020-11-24,341,50348
nation,Northern Ireland,N92000002,2020-11-23,376,50007
nation,Northern Ireland,N92000002,2020-11-22,274,49631
nation,Northern Ireland,N92000002,2020-11-21,293,49357
nation,Northern Ireland,N92000002,2020-11-20,372,49064
nation,Northern Ireland,N92000002,2020-11-19,350,48692
nation,Northern Ireland,N92000002,2020-11-18,439,48342
nation,Northern Ireland,N92000002,2020-11-17,573,47903
nation,Northern Ireland,N92000002,2020-11-16,580,47330
nation,Northern Ireland,N92000002,2020-11-15,374,46750
nation,Northern Ireland,N92000002,2020-11-14,422,46376
nation,Northern Ireland,N92000002,2020-11-13,474,45954
nation,Northern Ireland,N92000002,2020-11-12,551,45480
nation,Northern Ireland,N92000002,2020-11-11,610,44929
nation,Northern Ireland,N92000002,2020-11-10,698,44319
nation,Northern Ireland,N92000002,2020-11-09,649,43621
nation,Northern Ireland,N92000002,2020-11-08,423,42972
nation,Northern Ireland,N92000002,2020-11-07,458,42549
nation,Northern Ireland,N92000002,2020-11-06,487,42091
nation,Northern Ireland,N92000002,2020-11-05,563,41604
nation,Northern Ireland,N92000002,2020-11-04,593,41041
nation,Northern Ireland,N92000002,2020-11-03,656,40448
nation,Northern Ireland,N92000002,2020-11-02,699,39792
nation,Northern Ireland,N92000002,2020-11-01,465,39093
nation,Northern Ireland,N92000002,2020-10-31,515,38628
nation,Northern Ireland,N92000002,2020-10-30,691,38113
nation,Northern Ireland,N92000002,2020-10-29,694,37422
nation,Northern Ireland,N92000002,2020-10-28,755,36728
nation,Northern Ireland,N92000002,2020-10-27,822,35973
nation,Northern Ireland,N92000002,2020-10-26,891,35151
nation,Northern Ireland,N92000002,2020-10-25,682,34260
nation,Northern Ireland,N92000002,2020-10-24,742,33578
nation,Northern Ireland,N92000002,2020-10-23,885,32836
nation,Northern Ireland,N92000002,2020-10-22,1079,31951
nation,Northern Ireland,N92000002,2020-10-21,1115,30872
nation,Northern Ireland,N92000002,2020-10-20,1065,29757
nation,Northern Ireland,N92000002,2020-10-19,1042,28692
nation,Northern Ireland,N92000002,2020-10-18,793,27650
nation,Northern Ireland,N92000002,2020-10-17,842,26857
nation,Northern Ireland,N92000002,2020-10-16,972,26015
nation,Northern Ireland,N92000002,2020-10-15,1110,25043
nation,Northern Ireland,N92000002,2020-10-14,1065,23933
nation,Northern Ireland,N92000002,2020-10-13,1086,22868
nation,Northern Ireland,N92000002,2020-10-12,1107,21782
nation,Northern Ireland,N92000002,2020-10-11,833,20675
nation,Northern Ireland,N92000002,2020-10-10,802,19842
nation,Northern Ireland,N92000002,2020-10-09,843,19040
nation,Northern Ireland,N92000002,2020-10-08,984,18197
nation,Northern Ireland,N92000002,2020-10-07,1034,17213
nation,Northern Ireland,N92000002,2020-10-06,805,16179
nation,Northern Ireland,N92000002,2020-10-05,711,15374
nation,Northern Ireland,N92000002,2020-10-04,615,14663
nation,Northern Ireland,N92000002,2020-10-03,623,14048
nation,Northern Ireland,N92000002,2020-10-02,698,13425
nation,Northern Ireland,N92000002,2020-10-01,482,12727
nation,Northern Ireland,N92000002,2020-09-30,643,12245
nation,Northern Ireland,N92000002,2020-09-29,389,11602
nation,Northern Ireland,N92000002,2020-09-28,296,11213
nation,Northern Ireland,N92000002,2020-09-27,273,10917
nation,Northern Ireland,N92000002,2020-09-26,269,10644
nation,Northern Ireland,N92000002,2020-09-25,244,10375
nation,Northern Ireland,N92000002,2020-09-24,283,10131
nation,Northern Ireland,N92000002,2020-09-23,219,9848
nation,Northern Ireland,N92000002,2020-09-22,170,9629
nation,Northern Ireland,N92000002,2020-09-21,135,9459
nation,Northern Ireland,N92000002,2020-09-20,124,9324
nation,Northern Ireland,N92000002,2020-09-19,161,9200
nation,Northern Ireland,N92000002,2020-09-18,168,9039
nation,Northern Ireland,N92000002,2020-09-17,168,8871
nation,Northern Ireland,N92000002,2020-09-16,133,8703
nation,Northern Ireland,N92000002,2020-09-15,107,8570
nation,Northern Ireland,N92000002,2020-09-14,119,8463
nation,Northern Ireland,N92000002,2020-09-13,91,8344
nation,Northern Ireland,N92000002,2020-09-12,106,8253
nation,Northern Ireland,N92000002,2020-09-11,73,8147
nation,Northern Ireland,N92000002,2020-09-10,79,8074
nation,Northern Ireland,N92000002,2020-09-09,98,7995
nation,Northern Ireland,N92000002,2020-09-08,56,7897
nation,Northern Ireland,N92000002,2020-09-07,72,7841
nation,Northern Ireland,N92000002,2020-09-06,104,7769
nation,Northern Ireland,N92000002,2020-09-05,90,7665
nation,Northern Ireland,N92000002,2020-09-04,130,7575
nation,Northern Ireland,N92000002,2020-09-03,106,7445
nation,Northern Ireland,N92000002,2020-09-02,90,7339
nation,Northern Ireland,N92000002,2020-09-01,65,7249
nation,Northern Ireland,N92000002,2020-08-31,54,7184
nation,Northern Ireland,N92000002,2020-08-30,35,7130
nation,Northern Ireland,N92000002,2020-08-29,43,7095
nation,Northern Ireland,N92000002,2020-08-28,86,7052
nation,Northern Ireland,N92000002,2020-08-27,78,6966
nation,Northern Ireland,N92000002,2020-08-26,71,6888
nation,Northern Ireland,N92000002,2020-08-25,65,6817
nation,Northern Ireland,N92000002,2020-08-24,45,6752
nation,Northern Ireland,N92000002,2020-08-23,52,6707
nation,Northern Ireland,N92000002,2020-08-22,42,6655
nation,Northern Ireland,N92000002,2020-08-21,80,6613
nation,Northern Ireland,N92000002,2020-08-20,71,6533
nation,Northern Ireland,N92000002,2020-08-19,41,6462
nation,Northern Ireland,N92000002,2020-08-18,43,6421
nation,Northern Ireland,N92000002,2020-08-17,53,6378
nation,Northern Ireland,N92000002,2020-08-16,20,6325
nation,Northern Ireland,N92000002,2020-08-15,22,6305
nation,Northern Ireland,N92000002,2020-08-14,57,6283
nation,Northern Ireland,N92000002,2020-08-13,51,6226
nation,Northern Ireland,N92000002,2020-08-12,39,6175
nation,Northern Ireland,N92000002,2020-08-11,38,6136
nation,Northern Ireland,N92000002,2020-08-10,44,6098
nation,Northern Ireland,N92000002,2020-08-09,25,6054
nation,Northern Ireland,N92000002,2020-08-08,27,6029
nation,Northern Ireland,N92000002,2020-08-07,16,6002
nation,Northern Ireland,N92000002,2020-08-06,17,5986
nation,Northern Ireland,N92000002,2020-08-05,29,5969
nation,Northern Ireland,N92000002,2020-08-04,17,5940
nation,Northern Ireland,N92000002,2020-08-03,18,5923
nation,Northern Ireland,N92000002,2020-08-02,9,5905
nation,Northern Ireland,N92000002,2020-08-01,10,5896
nation,Northern Ireland,N92000002,2020-07-31,13,5886
nation,Northern Ireland,N92000002,2020-07-30,10,5873
nation,Northern Ireland,N92000002,2020-07-29,11,5863
nation,Northern Ireland,N92000002,2020-07-28,13,5852
nation,Northern Ireland,N92000002,2020-07-27,12,5839
nation,Northern Ireland,N92000002,2020-07-26,1,5827
nation,Northern Ireland,N92000002,2020-07-25,4,5826
nation,Northern Ireland,N92000002,2020-07-24,14,5822
nation,Northern Ireland,N92000002,2020-07-23,12,5808
nation,Northern Ireland,N92000002,2020-07-22,8,5796
nation,Northern Ireland,N92000002,2020-07-21,12,5788
nation,Northern Ireland,N92000002,2020-07-20,3,5776
nation,Northern Ireland,N92000002,2020-07-19,3,5773
nation,Northern Ireland,N92000002,2020-07-18,7,5770
nation,Northern Ireland,N92000002,2020-07-17,8,5763
nation,Northern Ireland,N92000002,2020-07-16,19,5755
nation,Northern Ireland,N92000002,2020-07-15,15,5736
nation,Northern Ireland,N92000002,2020-07-14,7,5721
nation,Northern Ireland,N92000002,2020-07-13,3,5714
nation,Northern Ireland,N92000002,2020-07-12,4,5711
nation,Northern Ireland,N92000002,2020-07-11,6,5707
nation,Northern Ireland,N92000002,2020-07-10,4,5701
nation,Northern Ireland,N92000002,2020-07-09,5,5697
nation,Northern Ireland,N92000002,2020-07-08,6,5692
nation,Northern Ireland,N92000002,2020-07-07,5,5686
nation,Northern Ireland,N92000002,2020-07-06,8,5681
nation,Northern Ireland,N92000002,2020-07-05,2,5673
nation,Northern Ireland,N92000002,2020-07-04,1,5671
nation,Northern Ireland,N92000002,2020-07-03,8,5670
nation,Northern Ireland,N92000002,2020-07-02,3,5662
nation,Northern Ireland,N92000002,2020-07-01,4,5659
nation,Northern Ireland,N92000002,2020-06-30,2,5655
nation,Northern Ireland,N92000002,2020-06-29,4,5653
nation,Northern Ireland,N92000002,2020-06-28,5,5649
nation,Northern Ireland,N92000002,2020-06-27,4,5644
nation,Northern Ireland,N92000002,2020-06-26,3,5640
nation,Northern Ireland,N92000002,2020-06-25,5,5637
nation,Northern Ireland,N92000002,2020-06-24,4,5632
nation,Northern Ireland,N92000002,2020-06-23,8,5628
nation,Northern Ireland,N92000002,2020-06-22,4,5620
nation,Northern Ireland,N92000002,2020-06-21,3,5616
nation,Northern Ireland,N92000002,2020-06-20,5,5613
nation,Northern Ireland,N92000002,2020-06-19,12,5608
nation,Northern Ireland,N92000002,2020-06-18,7,5596
nation,Northern Ireland,N92000002,2020-06-17,5,5589
nation,Northern Ireland,N92000002,2020-06-16,11,5584
nation,Northern Ireland,N92000002,2020-06-15,19,5573
nation,Northern Ireland,N92000002,2020-06-14,8,5554
nation,Northern Ireland,N92000002,2020-06-13,10,5546
nation,Northern Ireland,N92000002,2020-06-12,10,5536
nation,Northern Ireland,N92000002,2020-06-11,10,5526
nation,Northern Ireland,N92000002,2020-06-10,16,5516
nation,Northern Ireland,N92000002,2020-06-09,11,5500
nation,Northern Ireland,N92000002,2020-06-08,14,5489
nation,Northern Ireland,N92000002,2020-06-07,5,5475
nation,Northern Ireland,N92000002,2020-06-06,8,5470
nation,Northern Ireland,N92000002,2020-06-05,24,5462
nation,Northern Ireland,N92000002,2020-06-04,11,5438
nation,Northern Ireland,N92000002,2020-06-03,11,5427
nation,Northern Ireland,N92000002,2020-06-02,21,5416
nation,Northern Ireland,N92000002,2020-06-01,24,5395
nation,Northern Ireland,N92000002,2020-05-31,26,5371
nation,Northern Ireland,N92000002,2020-05-30,13,5345
nation,Northern Ireland,N92000002,2020-05-29,20,5332
nation,Northern Ireland,N92000002,2020-05-28,28,5312
nation,Northern Ireland,N92000002,2020-05-27,33,5284
nation,Northern Ireland,N92000002,2020-05-26,27,5251
nation,Northern Ireland,N92000002,2020-05-25,40,5224
nation,Northern Ireland,N92000002,2020-05-24,30,5184
nation,Northern Ireland,N92000002,2020-05-23,54,5154
nation,Northern Ireland,N92000002,2020-05-22,33,5100
nation,Northern Ireland,N92000002,2020-05-21,56,5067
nation,Northern Ireland,N92000002,2020-05-20,74,5011
nation,Northern Ireland,N92000002,2020-05-19,72,4937
nation,Northern Ireland,N92000002,2020-05-18,62,4865
nation,Northern Ireland,N92000002,2020-05-17,36,4803
nation,Northern Ireland,N92000002,2020-05-16,40,4767
nation,Northern Ireland,N92000002,2020-05-15,66,4727
nation,Northern Ireland,N92000002,2020-05-14,74,4661
nation,Northern Ireland,N92000002,2020-05-13,75,4587
nation,Northern Ireland,N92000002,2020-05-12,91,4512
nation,Northern Ireland,N92000002,2020-05-11,75,4421
nation,Northern Ireland,N92000002,2020-05-10,61,4346
nation,Northern Ireland,N92000002,2020-05-09,54,4285
nation,Northern Ireland,N92000002,2020-05-08,72,4231
nation,Northern Ireland,N92000002,2020-05-07,97,4159
nation,Northern Ireland,N92000002,2020-05-06,80,4062
nation,Northern Ireland,N92000002,2020-05-05,73,3982
nation,Northern Ireland,N92000002,2020-05-04,74,3909
nation,Northern Ireland,N92000002,2020-05-03,54,3835
nation,Northern Ireland,N92000002,2020-05-02,90,3781
nation,Northern Ireland,N92000002,2020-05-01,97,3691
nation,Northern Ireland,N92000002,2020-04-30,115,3594
nation,Northern Ireland,N92000002,2020-04-29,91,3479
nation,Northern Ireland,N92000002,2020-04-28,74,3388
nation,Northern Ireland,N92000002,2020-04-27,71,3314
nation,Northern Ireland,N92000002,2020-04-26,44,3243
nation,Northern Ireland,N92000002,2020-04-25,53,3199
nation,Northern Ireland,N92000002,2020-04-24,83,3146
nation,Northern Ireland,N92000002,2020-04-23,72,3063
nation,Northern Ireland,N92000002,2020-04-22,96,2991
nation,Northern Ireland,N92000002,2020-04-21,131,2895
nation,Northern Ireland,N92000002,2020-04-20,112,2764
nation,Northern Ireland,N92000002,2020-04-19,41,2652
nation,Northern Ireland,N92000002,2020-04-18,85,2611
nation,Northern Ireland,N92000002,2020-04-17,155,2526
nation,Northern Ireland,N92000002,2020-04-16,138,2371
nation,Northern Ireland,N92000002,2020-04-15,133,2233
nation,Northern Ireland,N92000002,2020-04-14,95,2100
nation,Northern Ireland,N92000002,2020-04-13,107,2005
nation,Northern Ireland,N92000002,2020-04-12,73,1898
nation,Northern Ireland,N92000002,2020-04-11,67,1825
nation,Northern Ireland,N92000002,2020-04-10,94,1758
nation,Northern Ireland,N92000002,2020-04-09,100,1664
nation,Northern Ireland,N92000002,2020-04-08,102,1564
nation,Northern Ireland,N92000002,2020-04-07,129,1462
nation,Northern Ireland,N92000002,2020-04-06,105,1333
nation,Northern Ireland,N92000002,2020-04-05,60,1228
nation,Northern Ireland,N92000002,2020-04-04,87,1168
nation,Northern Ireland,N92000002,2020-04-03,102,1081
nation,Northern Ireland,N92000002,2020-04-02,105,979
nation,Northern Ireland,N92000002,2020-04-01,102,874
nation,Northern Ireland,N92000002,2020-03-31,112,772
nation,Northern Ireland,N92000002,2020-03-30,84,660
nation,Northern Ireland,N92000002,2020-03-29,62,576
nation,Northern Ireland,N92000002,2020-03-28,76,514
nation,Northern Ireland,N92000002,2020-03-27,67,438
nation,Northern Ireland,N92000002,2020-03-26,76,371
nation,Northern Ireland,N92000002,2020-03-25,56,295
nation,Northern Ireland,N92000002,2020-03-24,41,239
nation,Northern Ireland,N92000002,2020-03-23,41,198
nation,Northern Ireland,N92000002,2020-03-22,18,157
nation,Northern Ireland,N92000002,2020-03-21,20,139
nation,Northern Ireland,N92000002,2020-03-20,17,119
nation,Northern Ireland,N92000002,2020-03-19,14,102
nation,Northern Ireland,N92000002,2020-03-18,13,88
nation,Northern Ireland,N92000002,2020-03-17,9,75
nation,Northern Ireland,N92000002,2020-03-16,8,66
nation,Northern Ireland,N92000002,2020-03-15,2,58
nation,Northern Ireland,N92000002,2020-03-14,10,56
nation,Northern Ireland,N92000002,2020-03-13,11,46
nation,Northern Ireland,N92000002,2020-03-12,4,35
nation,Northern Ireland,N92000002,2020-03-11,11,31
nation,Northern Ireland,N92000002,2020-03-10,5,20
nation,Northern Ireland,N92000002,2020-03-09,3,15
nation,Northern Ireland,N92000002,2020-03-08,3,12
nation,Northern Ireland,N92000002,2020-03-07,5,9
nation,Northern Ireland,N92000002,2020-03-06,2,4
nation,Northern Ireland,N92000002,2020-03-05,2,2
nation,Northern Ireland,N92000002,2020-03-04,0,0
nation,Northern Ireland,N92000002,2020-03-03,0,0
nation,Northern Ireland,N92000002,2020-03-02,0,0
nation,Northern Ireland,N92000002,2020-03-01,0,0
nation,Northern Ireland,N92000002,2020-02-29,0,0
nation,Northern Ireland,N92000002,2020-02-28,0,0
nation,Northern Ireland,N92000002,2020-02-27,0,0
nation,Northern Ireland,N92000002,2020-02-26,0,0
nation,Northern Ireland,N92000002,2020-02-25,0,0
nation,Northern Ireland,N92000002,2020-02-24,0,0
nation,Northern Ireland,N92000002,2020-02-23,0,0
nation,Northern Ireland,N92000002,2020-02-22,0,0
nation,Northern Ireland,N92000002,2020-02-21,0,0
nation,Northern Ireland,N92000002,2020-02-20,0,0
nation,Northern Ireland,N92000002,2020-02-19,0,0
nation,Northern Ireland,N92000002,2020-02-18,0,0
nation,Northern Ireland,N92000002,2020-02-17,0,0
nation,Northern Ireland,N92000002,2020-02-16,0,0
nation,Northern Ireland,N92000002,2020-02-15,0,0
nation,Northern Ireland,N92000002,2020-02-14,0,0
nation,Northern Ireland,N92000002,2020-02-13,0,0
nation,Northern Ireland,N92000002,2020-02-12,0,0
nation,Northern Ireland,N92000002,2020-02-11,0,0
nation,Northern Ireland,N92000002,2020-02-10,0,0
nation,Northern Ireland,N92000002,2020-02-09,0,0
nation,Northern Ireland,N92000002,2020-02-08,0,0
nation,Northern Ireland,N92000002,2020-02-07,0,0
nation,Northern Ireland,N92000002,2020-02-06,0,0
nation,Northern Ireland,N92000002,2020-02-05,0,0
nation,Northern Ireland,N92000002,2020-02-04,0,0
nation,Northern Ireland,N92000002,2020-02-03,0,0
nation,Scotland,S92000003,2021-01-31,374,180532
nation,Scotland,S92000003,2021-01-30,735,180158
nation,Scotland,S92000003,2021-01-29,934,179423
nation,Scotland,S92000003,2021-01-28,1109,178489
nation,Scotland,S92000003,2021-01-27,1113,177380
nation,Scotland,S92000003,2021-01-26,1169,176267
nation,Scotland,S92000003,2021-01-25,1313,175098
nation,Scotland,S92000003,2021-01-24,864,173785
nation,Scotland,S92000003,2021-01-23,937,172921
nation,Scotland,S92000003,2021-01-22,1243,171984
nation,Scotland,S92000003,2021-01-21,1243,170741
nation,Scotland,S92000003,2021-01-20,1587,169498
nation,Scotland,S92000003,2021-01-19,1558,167911
nation,Scotland,S92000003,2021-01-18,1738,166353
nation,Scotland,S92000003,2021-01-17,1197,164615
nation,Scotland,S92000003,2021-01-16,1175,163418
nation,Scotland,S92000003,2021-01-15,1554,162243
nation,Scotland,S92000003,2021-01-14,1626,160689
nation,Scotland,S92000003,2021-01-13,1712,159063
nation,Scotland,S92000003,2021-01-12,1989,157351
nation,Scotland,S92000003,2021-01-11,2108,155362
nation,Scotland,S92000003,2021-01-10,1432,153254
nation,Scotland,S92000003,2021-01-09,1497,151822
nation,Scotland,S92000003,2021-01-08,1839,150325
nation,Scotland,S92000003,2021-01-07,2205,148486
nation,Scotland,S92000003,2021-01-06,2560,146281
nation,Scotland,S92000003,2021-01-05,3060,143721
nation,Scotland,S92000003,2021-01-04,2385,140661
nation,Scotland,S92000003,2021-01-03,2223,138276
nation,Scotland,S92000003,2021-01-02,2219,136053
nation,Scotland,S92000003,2021-01-01,1167,133834
nation,Scotland,S92000003,2020-12-31,2379,132667
nation,Scotland,S92000003,2020-12-30,2973,130288
nation,Scotland,S92000003,2020-12-29,3149,127315
nation,Scotland,S92000003,2020-12-28,1825,124166
nation,Scotland,S92000003,2020-12-27,1706,122341
nation,Scotland,S92000003,2020-12-26,1058,120635
nation,Scotland,S92000003,2020-12-25,521,119577
nation,Scotland,S92000003,2020-12-24,1022,119056
nation,Scotland,S92000003,2020-12-23,1324,118034
nation,Scotland,S92000003,2020-12-22,1333,116710
nation,Scotland,S92000003,2020-12-21,1323,115377
nation,Scotland,S92000003,2020-12-20,824,114054
nation,Scotland,S92000003,2020-12-19,756,113230
nation,Scotland,S92000003,2020-12-18,930,112474
nation,Scotland,S92000003,2020-12-17,914,111544
nation,Scotland,S92000003,2020-12-16,1051,110630
nation,Scotland,S92000003,2020-12-15,1037,109579
nation,Scotland,S92000003,2020-12-14,1102,108542
nation,Scotland,S92000003,2020-12-13,722,107440
nation,Scotland,S92000003,2020-12-12,683,106718
nation,Scotland,S92000003,2020-12-11,872,106035
nation,Scotland,S92000003,2020-12-10,896,105163
nation,Scotland,S92000003,2020-12-09,996,104267
nation,Scotland,S92000003,2020-12-08,1041,103271
nation,Scotland,S92000003,2020-12-07,953,102230
nation,Scotland,S92000003,2020-12-06,645,101277
nation,Scotland,S92000003,2020-12-05,664,100632
nation,Scotland,S92000003,2020-12-04,646,99968
nation,Scotland,S92000003,2020-12-03,808,99322
nation,Scotland,S92000003,2020-12-02,948,98514
nation,Scotland,S92000003,2020-12-01,924,97566
nation,Scotland,S92000003,2020-11-30,973,96642
nation,Scotland,S92000003,2020-11-29,553,95669
nation,Scotland,S92000003,2020-11-28,572,95116
nation,Scotland,S92000003,2020-11-27,737,94544
nation,Scotland,S92000003,2020-11-26,802,93807
nation,Scotland,S92000003,2020-11-25,930,93005
nation,Scotland,S92000003,2020-11-24,990,92075
nation,Scotland,S92000003,2020-11-23,1159,91085
nation,Scotland,S92000003,2020-11-22,706,89926
nation,Scotland,S92000003,2020-11-21,763,89220
nation,Scotland,S92000003,2020-11-20,864,88457
nation,Scotland,S92000003,2020-11-19,981,87593
nation,Scotland,S92000003,2020-11-18,1115,86612
nation,Scotland,S92000003,2020-11-17,1225,85497
nation,Scotland,S92000003,2020-11-16,1275,84272
nation,Scotland,S92000003,2020-11-15,812,82997
nation,Scotland,S92000003,2020-11-14,919,82185
nation,Scotland,S92000003,2020-11-13,1062,81266
nation,Scotland,S92000003,2020-11-12,1196,80204
nation,Scotland,S92000003,2020-11-11,1250,79008
nation,Scotland,S92000003,2020-11-10,1290,77758
nation,Scotland,S92000003,2020-11-09,1295,76468
nation,Scotland,S92000003,2020-11-08,878,75173
nation,Scotland,S92000003,2020-11-07,844,74295
nation,Scotland,S92000003,2020-11-06,1141,73451
nation,Scotland,S92000003,2020-11-05,1294,72310
nation,Scotland,S92000003,2020-11-04,1303,71016
nation,Scotland,S92000003,2020-11-03,1392,69713
nation,Scotland,S92000003,2020-11-02,1478,68321
nation,Scotland,S92000003,2020-11-01,974,66843
nation,Scotland,S92000003,2020-10-31,745,65869
nation,Scotland,S92000003,2020-10-30,1106,65124
nation,Scotland,S92000003,2020-10-29,1098,64018
nation,Scotland,S92000003,2020-10-28,1268,62920
nation,Scotland,S92000003,2020-10-27,1308,61652
nation,Scotland,S92000003,2020-10-26,1345,60344
nation,Scotland,S92000003,2020-10-25,939,58999
nation,Scotland,S92000003,2020-10-24,954,58060
nation,Scotland,S92000003,2020-10-23,1287,57106
nation,Scotland,S92000003,2020-10-22,1503,55819
nation,Scotland,S92000003,2020-10-21,1580,54316
nation,Scotland,S92000003,2020-10-20,1684,52736
nation,Scotland,S92000003,2020-10-19,1355,51052
nation,Scotland,S92000003,2020-10-18,828,49697
nation,Scotland,S92000003,2020-10-17,862,48869
nation,Scotland,S92000003,2020-10-16,1251,48007
nation,Scotland,S92000003,2020-10-15,1294,46756
nation,Scotland,S92000003,2020-10-14,1290,45462
nation,Scotland,S92000003,2020-10-13,1423,44172
nation,Scotland,S92000003,2020-10-12,1361,42749
nation,Scotland,S92000003,2020-10-11,959,41388
nation,Scotland,S92000003,2020-10-10,942,40429
nation,Scotland,S92000003,2020-10-09,1096,39487
nation,Scotland,S92000003,2020-10-08,1171,38391
nation,Scotland,S92000003,2020-10-07,1250,37220
nation,Scotland,S92000003,2020-10-06,1192,35970
nation,Scotland,S92000003,2020-10-05,1099,34778
nation,Scotland,S92000003,2020-10-04,744,33679
nation,Scotland,S92000003,2020-10-03,702,32935
nation,Scotland,S92000003,2020-10-02,818,32233
nation,Scotland,S92000003,2020-10-01,777,31415
nation,Scotland,S92000003,2020-09-30,793,30638
nation,Scotland,S92000003,2020-09-29,661,29845
nation,Scotland,S92000003,2020-09-28,625,29184
nation,Scotland,S92000003,2020-09-27,359,28559
nation,Scotland,S92000003,2020-09-26,437,28200
nation,Scotland,S92000003,2020-09-25,576,27763
nation,Scotland,S92000003,2020-09-24,716,27187
nation,Scotland,S92000003,2020-09-23,572,26471
nation,Scotland,S92000003,2020-09-22,497,25899
nation,Scotland,S92000003,2020-09-21,454,25402
nation,Scotland,S92000003,2020-09-20,320,24948
nation,Scotland,S92000003,2020-09-19,236,24628
nation,Scotland,S92000003,2020-09-18,270,24392
nation,Scotland,S92000003,2020-09-17,265,24122
nation,Scotland,S92000003,2020-09-16,280,23857
nation,Scotland,S92000003,2020-09-15,238,23577
nation,Scotland,S92000003,2020-09-14,186,23339
nation,Scotland,S92000003,2020-09-13,178,23153
nation,Scotland,S92000003,2020-09-12,214,22975
nation,Scotland,S92000003,2020-09-11,216,22761
nation,Scotland,S92000003,2020-09-10,231,22545
nation,Scotland,S92000003,2020-09-09,223,22314
nation,Scotland,S92000003,2020-09-08,103,22091
nation,Scotland,S92000003,2020-09-07,167,21988
nation,Scotland,S92000003,2020-09-06,154,21821
nation,Scotland,S92000003,2020-09-05,137,21667
nation,Scotland,S92000003,2020-09-04,170,21530
nation,Scotland,S92000003,2020-09-03,202,21360
nation,Scotland,S92000003,2020-09-02,192,21158
nation,Scotland,S92000003,2020-09-01,199,20966
nation,Scotland,S92000003,2020-08-31,143,20767
nation,Scotland,S92000003,2020-08-30,102,20624
nation,Scotland,S92000003,2020-08-29,94,20522
nation,Scotland,S92000003,2020-08-28,105,20428
nation,Scotland,S92000003,2020-08-27,97,20323
nation,Scotland,S92000003,2020-08-26,98,20226
nation,Scotland,S92000003,2020-08-25,72,20128
nation,Scotland,S92000003,2020-08-24,59,20056
nation,Scotland,S92000003,2020-08-23,67,19997
nation,Scotland,S92000003,2020-08-22,51,19930
nation,Scotland,S92000003,2020-08-21,91,19879
nation,Scotland,S92000003,2020-08-20,141,19788
nation,Scotland,S92000003,2020-08-19,93,19647
nation,Scotland,S92000003,2020-08-18,78,19554
nation,Scotland,S92000003,2020-08-17,75,19476
nation,Scotland,S92000003,2020-08-16,33,19401
nation,Scotland,S92000003,2020-08-15,20,19368
nation,Scotland,S92000003,2020-08-14,50,19348
nation,Scotland,S92000003,2020-08-13,59,19298
nation,Scotland,S92000003,2020-08-12,49,19239
nation,Scotland,S92000003,2020-08-11,63,19190
nation,Scotland,S92000003,2020-08-10,59,19127
nation,Scotland,S92000003,2020-08-09,26,19068
nation,Scotland,S92000003,2020-08-08,27,19042
nation,Scotland,S92000003,2020-08-07,46,19015
nation,Scotland,S92000003,2020-08-06,65,18969
nation,Scotland,S92000003,2020-08-05,67,18904
nation,Scotland,S92000003,2020-08-04,58,18837
nation,Scotland,S92000003,2020-08-03,62,18779
nation,Scotland,S92000003,2020-08-02,19,18717
nation,Scotland,S92000003,2020-08-01,23,18698
nation,Scotland,S92000003,2020-07-31,21,18675
nation,Scotland,S92000003,2020-07-30,27,18654
nation,Scotland,S92000003,2020-07-29,28,18627
nation,Scotland,S92000003,2020-07-28,22,18599
nation,Scotland,S92000003,2020-07-27,13,18577
nation,Scotland,S92000003,2020-07-26,7,18564
nation,Scotland,S92000003,2020-07-25,3,18557
nation,Scotland,S92000003,2020-07-24,11,18554
nation,Scotland,S92000003,2020-07-23,23,18543
nation,Scotland,S92000003,2020-07-22,16,18520
nation,Scotland,S92000003,2020-07-21,19,18504
nation,Scotland,S92000003,2020-07-20,13,18485
nation,Scotland,S92000003,2020-07-19,17,18472
nation,Scotland,S92000003,2020-07-18,13,18455
nation,Scotland,S92000003,2020-07-17,8,18442
nation,Scotland,S92000003,2020-07-16,21,18434
nation,Scotland,S92000003,2020-07-15,16,18413
nation,Scotland,S92000003,2020-07-14,10,18397
nation,Scotland,S92000003,2020-07-13,17,18387
nation,Scotland,S92000003,2020-07-12,2,18370
nation,Scotland,S92000003,2020-07-11,9,18368
nation,Scotland,S92000003,2020-07-10,12,18359
nation,Scotland,S92000003,2020-07-09,8,18347
nation,Scotland,S92000003,2020-07-08,10,18339
nation,Scotland,S92000003,2020-07-07,11,18329
nation,Scotland,S92000003,2020-07-06,8,18318
nation,Scotland,S92000003,2020-07-05,2,18310
nation,Scotland,S92000003,2020-07-04,5,18308
nation,Scotland,S92000003,2020-07-03,6,18303
nation,Scotland,S92000003,2020-07-02,13,18297
nation,Scotland,S92000003,2020-07-01,11,18284
nation,Scotland,S92000003,2020-06-30,8,18273
nation,Scotland,S92000003,2020-06-29,14,18265
nation,Scotland,S92000003,2020-06-28,3,18251
nation,Scotland,S92000003,2020-06-27,4,18248
nation,Scotland,S92000003,2020-06-26,6,18244
nation,Scotland,S92000003,2020-06-25,19,18238
nation,Scotland,S92000003,2020-06-24,8,18219
nation,Scotland,S92000003,2020-06-23,20,18211
nation,Scotland,S92000003,2020-06-22,11,18191
nation,Scotland,S92000003,2020-06-21,9,18180
nation,Scotland,S92000003,2020-06-20,6,18171
nation,Scotland,S92000003,2020-06-19,23,18165
nation,Scotland,S92000003,2020-06-18,14,18142
nation,Scotland,S92000003,2020-06-17,33,18128
nation,Scotland,S92000003,2020-06-16,17,18095
nation,Scotland,S92000003,2020-06-15,21,18078
nation,Scotland,S92000003,2020-06-14,13,18057
nation,Scotland,S92000003,2020-06-13,23,18044
nation,Scotland,S92000003,2020-06-12,30,18021
nation,Scotland,S92000003,2020-06-11,21,17991
nation,Scotland,S92000003,2020-06-10,29,17970
nation,Scotland,S92000003,2020-06-09,27,17941
nation,Scotland,S92000003,2020-06-08,18,17914
nation,Scotland,S92000003,2020-06-07,17,17896
nation,Scotland,S92000003,2020-06-06,22,17879
nation,Scotland,S92000003,2020-06-05,24,17857
nation,Scotland,S92000003,2020-06-04,35,17833
nation,Scotland,S92000003,2020-06-03,35,17798
nation,Scotland,S92000003,2020-06-02,45,17763
nation,Scotland,S92000003,2020-06-01,38,17718
nation,Scotland,S92000003,2020-05-31,23,17680
nation,Scotland,S92000003,2020-05-30,40,17657
nation,Scotland,S92000003,2020-05-29,29,17617
nation,Scotland,S92000003,2020-05-28,55,17588
nation,Scotland,S92000003,2020-05-27,66,17533
nation,Scotland,S92000003,2020-05-26,77,17467
nation,Scotland,S92000003,2020-05-25,97,17390
nation,Scotland,S92000003,2020-05-24,54,17293
nation,Scotland,S92000003,2020-05-23,50,17239
nation,Scotland,S92000003,2020-05-22,92,17189
nation,Scotland,S92000003,2020-05-21,111,17097
nation,Scotland,S92000003,2020-05-20,121,16986
nation,Scotland,S92000003,2020-05-19,182,16865
nation,Scotland,S92000003,2020-05-18,140,16683
nation,Scotland,S92000003,2020-05-17,92,16543
nation,Scotland,S92000003,2020-05-16,103,16451
nation,Scotland,S92000003,2020-05-15,152,16348
nation,Scotland,S92000003,2020-05-14,212,16196
nation,Scotland,S92000003,2020-05-13,198,15984
nation,Scotland,S92000003,2020-05-12,230,15786
nation,Scotland,S92000003,2020-05-11,262,15556
nation,Scotland,S92000003,2020-05-10,150,15294
nation,Scotland,S92000003,2020-05-09,177,15144
nation,Scotland,S92000003,2020-05-08,254,14967
nation,Scotland,S92000003,2020-05-07,290,14713
nation,Scotland,S92000003,2020-05-06,306,14423
nation,Scotland,S92000003,2020-05-05,289,14117
nation,Scotland,S92000003,2020-05-04,330,13828
nation,Scotland,S92000003,2020-05-03,189,13498
nation,Scotland,S92000003,2020-05-02,217,13309
nation,Scotland,S92000003,2020-05-01,368,13092
nation,Scotland,S92000003,2020-04-30,335,12724
nation,Scotland,S92000003,2020-04-29,430,12389
nation,Scotland,S92000003,2020-04-28,380,11959
nation,Scotland,S92000003,2020-04-27,430,11579
nation,Scotland,S92000003,2020-04-26,172,11149
nation,Scotland,S92000003,2020-04-25,184,10977
nation,Scotland,S92000003,2020-04-24,305,10793
nation,Scotland,S92000003,2020-04-23,314,10488
nation,Scotland,S92000003,2020-04-22,340,10174
nation,Scotland,S92000003,2020-04-21,399,9834
nation,Scotland,S92000003,2020-04-20,776,9435
nation,Scotland,S92000003,2020-04-19,159,8659
nation,Scotland,S92000003,2020-04-18,264,8500
nation,Scotland,S92000003,2020-04-17,394,8236
nation,Scotland,S92000003,2020-04-16,427,7842
nation,Scotland,S92000003,2020-04-15,331,7415
nation,Scotland,S92000003,2020-04-14,346,7084
nation,Scotland,S92000003,2020-04-13,359,6738
nation,Scotland,S92000003,2020-04-12,220,6379
nation,Scotland,S92000003,2020-04-11,185,6159
nation,Scotland,S92000003,2020-04-10,329,5974
nation,Scotland,S92000003,2020-04-09,304,5645
nation,Scotland,S92000003,2020-04-08,343,5341
nation,Scotland,S92000003,2020-04-07,351,4998
nation,Scotland,S92000003,2020-04-06,404,4647
nation,Scotland,S92000003,2020-04-05,225,4243
nation,Scotland,S92000003,2020-04-04,259,4018
nation,Scotland,S92000003,2020-04-03,379,3759
nation,Scotland,S92000003,2020-04-02,351,3380
nation,Scotland,S92000003,2020-04-01,388,3029
nation,Scotland,S92000003,2020-03-31,340,2641
nation,Scotland,S92000003,2020-03-30,320,2301
nation,Scotland,S92000003,2020-03-29,197,1981
nation,Scotland,S92000003,2020-03-28,205,1784
nation,Scotland,S92000003,2020-03-27,274,1579
nation,Scotland,S92000003,2020-03-26,223,1305
nation,Scotland,S92000003,2020-03-25,188,1082
nation,Scotland,S92000003,2020-03-24,168,894
nation,Scotland,S92000003,2020-03-23,138,726
nation,Scotland,S92000003,2020-03-22,75,588
nation,Scotland,S92000003,2020-03-21,66,513
nation,Scotland,S92000003,2020-03-20,83,447
nation,Scotland,S92000003,2020-03-19,49,364
nation,Scotland,S92000003,2020-03-18,41,315
nation,Scotland,S92000003,2020-03-17,43,274
nation,Scotland,S92000003,2020-03-16,21,231
nation,Scotland,S92000003,2020-03-15,12,210
nation,Scotland,S92000003,2020-03-14,19,198
nation,Scotland,S92000003,2020-03-13,48,179
nation,Scotland,S92000003,2020-03-12,38,131
nation,Scotland,S92000003,2020-03-11,26,93
nation,Scotland,S92000003,2020-03-10,21,67
nation,Scotland,S92000003,2020-03-09,16,46
nation,Scotland,S92000003,2020-03-08,3,30
nation,Scotland,S92000003,2020-03-07,6,27
nation,Scotland,S92000003,2020-03-06,6,21
nation,Scotland,S92000003,2020-03-05,2,15
nation,Scotland,S92000003,2020-03-04,6,13
nation,Scotland,S92000003,2020-03-03,3,7
nation,Scotland,S92000003,2020-03-02,1,4
nation,Scotland,S92000003,2020-03-01,2,3
nation,Scotland,S92000003,2020-02-29,0,1
nation,Scotland,S92000003,2020-02-28,1,1
nation,Wales,W92000004,2021-01-31,3,192912
nation,Wales,W92000004,2021-01-30,231,192909
nation,Wales,W92000004,2021-01-29,486,192678
nation,Wales,W92000004,2021-01-28,543,192192
nation,Wales,W92000004,2021-01-27,680,191649
nation,Wales,W92000004,2021-01-26,723,190969
nation,Wales,W92000004,2021-01-25,840,190246
nation,Wales,W92000004,2021-01-24,376,189406
nation,Wales,W92000004,2021-01-23,530,189030
nation,Wales,W92000004,2021-01-22,767,188500
nation,Wales,W92000004,2021-01-21,909,187733
nation,Wales,W92000004,2021-01-20,971,186824
nation,Wales,W92000004,2021-01-19,1081,185853
nation,Wales,W92000004,2021-01-18,1397,184772
nation,Wales,W92000004,2021-01-17,826,183375
nation,Wales,W92000004,2021-01-16,1005,182549
nation,Wales,W92000004,2021-01-15,1212,181544
nation,Wales,W92000004,2021-01-14,1311,180332
nation,Wales,W92000004,2021-01-13,1463,179021
nation,Wales,W92000004,2021-01-12,1601,177558
nation,Wales,W92000004,2021-01-11,1735,175957
nation,Wales,W92000004,2021-01-10,1179,174222
nation,Wales,W92000004,2021-01-09,1142,173043
nation,Wales,W92000004,2021-01-08,1596,171901
nation,Wales,W92000004,2021-01-07,1663,170305
nation,Wales,W92000004,2021-01-06,1990,168642
nation,Wales,W92000004,2021-01-05,2384,166652
nation,Wales,W92000004,2021-01-04,2658,164268
nation,Wales,W92000004,2021-01-03,1809,161610
nation,Wales,W92000004,2021-01-02,2087,159801
nation,Wales,W92000004,2021-01-01,1211,157714
nation,Wales,W92000004,2020-12-31,2010,156503
nation,Wales,W92000004,2020-12-30,2699,154493
nation,Wales,W92000004,2020-12-29,3563,151794
nation,Wales,W92000004,2020-12-28,2356,148231
nation,Wales,W92000004,2020-12-27,2496,145875
nation,Wales,W92000004,2020-12-26,1893,143379
nation,Wales,W92000004,2020-12-25,643,141486
nation,Wales,W92000004,2020-12-24,1473,140843
nation,Wales,W92000004,2020-12-23,2443,139370
nation,Wales,W92000004,2020-12-22,2706,136927
nation,Wales,W92000004,2020-12-21,2744,134221
nation,Wales,W92000004,2020-12-20,2208,131477
nation,Wales,W92000004,2020-12-19,2170,129269
nation,Wales,W92000004,2020-12-18,2537,127099
nation,Wales,W92000004,2020-12-17,2776,124562
nation,Wales,W92000004,2020-12-16,3142,121786
nation,Wales,W92000004,2020-12-15,3181,118644
nation,Wales,W92000004,2020-12-14,3539,115463
nation,Wales,W92000004,2020-12-13,2734,111924
nation,Wales,W92000004,2020-12-12,2285,109190
nation,Wales,W92000004,2020-12-11,2812,106905
nation,Wales,W92000004,2020-12-10,2664,104093
nation,Wales,W92000004,2020-12-09,2692,101429
nation,Wales,W92000004,2020-12-08,2602,98737
nation,Wales,W92000004,2020-12-07,2511,96135
nation,Wales,W92000004,2020-12-06,1697,93624
nation,Wales,W92000004,2020-12-05,1533,91927
nation,Wales,W92000004,2020-12-04,1698,90394
nation,Wales,W92000004,2020-12-03,1807,88696
nation,Wales,W92000004,2020-12-02,1644,86889
nation,Wales,W92000004,2020-12-01,1611,85245
nation,Wales,W92000004,2020-11-30,1505,83634
nation,Wales,W92000004,2020-11-29,966,82129
nation,Wales,W92000004,2020-11-28,844,81163
nation,Wales,W92000004,2020-11-27,1035,80319
nation,Wales,W92000004,2020-11-26,1159,79284
nation,Wales,W92000004,2020-11-25,1337,78125
nation,Wales,W92000004,2020-11-24,1093,76788
nation,Wales,W92000004,2020-11-23,1031,75695
nation,Wales,W92000004,2020-11-22,717,74664
nation,Wales,W92000004,2020-11-21,680,73947
nation,Wales,W92000004,2020-11-20,936,73267
nation,Wales,W92000004,2020-11-19,920,72331
nation,Wales,W92000004,2020-11-18,987,71411
nation,Wales,W92000004,2020-11-17,1040,70424
nation,Wales,W92000004,2020-11-16,993,69384
nation,Wales,W92000004,2020-11-15,628,68391
nation,Wales,W92000004,2020-11-14,628,67763
nation,Wales,W92000004,2020-11-13,859,67135
nation,Wales,W92000004,2020-11-12,772,66276
nation,Wales,W92000004,2020-11-11,855,65504
nation,Wales,W92000004,2020-11-10,963,64649
nation,Wales,W92000004,2020-11-09,1011,63686
nation,Wales,W92000004,2020-11-08,696,62675
nation,Wales,W92000004,2020-11-07,605,61979
nation,Wales,W92000004,2020-11-06,877,61374
nation,Wales,W92000004,2020-11-05,1017,60497
nation,Wales,W92000004,2020-11-04,1094,59480
nation,Wales,W92000004,2020-11-03,1234,58386
nation,Wales,W92000004,2020-11-02,1410,57152
nation,Wales,W92000004,2020-11-01,948,55742
nation,Wales,W92000004,2020-10-31,879,54794
nation,Wales,W92000004,2020-10-30,1241,53915
nation,Wales,W92000004,2020-10-29,1583,52674
nation,Wales,W92000004,2020-10-28,1357,51091
nation,Wales,W92000004,2020-10-27,1478,49734
nation,Wales,W92000004,2020-10-26,1556,48256
nation,Wales,W92000004,2020-10-25,940,46700
nation,Wales,W92000004,2020-10-24,1025,45760
nation,Wales,W92000004,2020-10-23,1197,44735
nation,Wales,W92000004,2020-10-22,1056,43538
nation,Wales,W92000004,2020-10-21,1266,42482
nation,Wales,W92000004,2020-10-20,1237,41216
nation,Wales,W92000004,2020-10-19,1111,39979
nation,Wales,W92000004,2020-10-18,716,38868
nation,Wales,W92000004,2020-10-17,708,38152
nation,Wales,W92000004,2020-10-16,952,37444
nation,Wales,W92000004,2020-10-15,791,36492
nation,Wales,W92000004,2020-10-14,904,35701
nation,Wales,W92000004,2020-10-13,952,34797
nation,Wales,W92000004,2020-10-12,782,33845
nation,Wales,W92000004,2020-10-11,626,33063
nation,Wales,W92000004,2020-10-10,619,32437
nation,Wales,W92000004,2020-10-09,782,31818
nation,Wales,W92000004,2020-10-08,827,31036
nation,Wales,W92000004,2020-10-07,851,30209
nation,Wales,W92000004,2020-10-06,771,29358
nation,Wales,W92000004,2020-10-05,703,28587
nation,Wales,W92000004,2020-10-04,614,27884
nation,Wales,W92000004,2020-10-03,518,27270
nation,Wales,W92000004,2020-10-02,601,26752
nation,Wales,W92000004,2020-10-01,627,26151
nation,Wales,W92000004,2020-09-30,601,25524
nation,Wales,W92000004,2020-09-29,466,24923
nation,Wales,W92000004,2020-09-28,426,24457
nation,Wales,W92000004,2020-09-27,317,24031
nation,Wales,W92000004,2020-09-26,403,23714
nation,Wales,W92000004,2020-09-25,385,23311
nation,Wales,W92000004,2020-09-24,316,22926
nation,Wales,W92000004,2020-09-23,378,22610
nation,Wales,W92000004,2020-09-22,379,22232
nation,Wales,W92000004,2020-09-21,313,21853
nation,Wales,W92000004,2020-09-20,252,21540
nation,Wales,W92000004,2020-09-19,280,21288
nation,Wales,W92000004,2020-09-18,246,21008
nation,Wales,W92000004,2020-09-17,261,20762
nation,Wales,W92000004,2020-09-16,207,20501
nation,Wales,W92000004,2020-09-15,164,20294
nation,Wales,W92000004,2020-09-14,191,20130
nation,Wales,W92000004,2020-09-13,164,19939
nation,Wales,W92000004,2020-09-12,140,19775
nation,Wales,W92000004,2020-09-11,145,19635
nation,Wales,W92000004,2020-09-10,186,19490
nation,Wales,W92000004,2020-09-09,158,19304
nation,Wales,W92000004,2020-09-08,143,19146
nation,Wales,W92000004,2020-09-07,159,19003
nation,Wales,W92000004,2020-09-06,131,18844
nation,Wales,W92000004,2020-09-05,128,18713
nation,Wales,W92000004,2020-09-04,149,18585
nation,Wales,W92000004,2020-09-03,125,18436
nation,Wales,W92000004,2020-09-02,95,18311
nation,Wales,W92000004,2020-09-01,57,18216
nation,Wales,W92000004,2020-08-31,44,18159
nation,Wales,W92000004,2020-08-30,46,18115
nation,Wales,W92000004,2020-08-29,44,18069
nation,Wales,W92000004,2020-08-28,52,18025
nation,Wales,W92000004,2020-08-27,50,17973
nation,Wales,W92000004,2020-08-26,44,17923
nation,Wales,W92000004,2020-08-25,50,17879
nation,Wales,W92000004,2020-08-24,36,17829
nation,Wales,W92000004,2020-08-23,11,17793
nation,Wales,W92000004,2020-08-22,19,17782
nation,Wales,W92000004,2020-08-21,22,17763
nation,Wales,W92000004,2020-08-20,31,17741
nation,Wales,W92000004,2020-08-19,35,17710
nation,Wales,W92000004,2020-08-18,38,17675
nation,Wales,W92000004,2020-08-17,19,17637
nation,Wales,W92000004,2020-08-16,18,17618
nation,Wales,W92000004,2020-08-15,10,17600
nation,Wales,W92000004,2020-08-14,17,17590
nation,Wales,W92000004,2020-08-13,17,17573
nation,Wales,W92000004,2020-08-12,24,17556
nation,Wales,W92000004,2020-08-11,27,17532
nation,Wales,W92000004,2020-08-10,19,17505
nation,Wales,W92000004,2020-08-09,8,17486
nation,Wales,W92000004,2020-08-08,5,17478
nation,Wales,W92000004,2020-08-07,15,17473
nation,Wales,W92000004,2020-08-06,22,17458
nation,Wales,W92000004,2020-08-05,22,17436
nation,Wales,W92000004,2020-08-04,24,17414
nation,Wales,W92000004,2020-08-03,22,17390
nation,Wales,W92000004,2020-08-02,14,17368
nation,Wales,W92000004,2020-08-01,16,17354
nation,Wales,W92000004,2020-07-31,16,17338
nation,Wales,W92000004,2020-07-30,30,17322
nation,Wales,W92000004,2020-07-29,27,17292
nation,Wales,W92000004,2020-07-28,27,17265
nation,Wales,W92000004,2020-07-27,23,17238
nation,Wales,W92000004,2020-07-26,35,17215
nation,Wales,W92000004,2020-07-25,24,17180
nation,Wales,W92000004,2020-07-24,30,17156
nation,Wales,W92000004,2020-07-23,31,17126
nation,Wales,W92000004,2020-07-22,25,17095
nation,Wales,W92000004,2020-07-21,61,17070
nation,Wales,W92000004,2020-07-20,43,17009
nation,Wales,W92000004,2020-07-19,10,16966
nation,Wales,W92000004,2020-07-18,11,16956
nation,Wales,W92000004,2020-07-17,17,16945
nation,Wales,W92000004,2020-07-16,25,16928
nation,Wales,W92000004,2020-07-15,18,16903
nation,Wales,W92000004,2020-07-14,23,16885
nation,Wales,W92000004,2020-07-13,24,16862
nation,Wales,W92000004,2020-07-12,10,16838
nation,Wales,W92000004,2020-07-11,12,16828
nation,Wales,W92000004,2020-07-10,29,16816
nation,Wales,W92000004,2020-07-09,22,16787
nation,Wales,W92000004,2020-07-08,14,16765
nation,Wales,W92000004,2020-07-07,29,16751
nation,Wales,W92000004,2020-07-06,35,16722
nation,Wales,W92000004,2020-07-05,12,16687
nation,Wales,W92000004,2020-07-04,9,16675
nation,Wales,W92000004,2020-07-03,19,16666
nation,Wales,W92000004,2020-07-02,28,16647
nation,Wales,W92000004,2020-07-01,27,16619
nation,Wales,W92000004,2020-06-30,35,16592
nation,Wales,W92000004,2020-06-29,43,16557
nation,Wales,W92000004,2020-06-28,28,16514
nation,Wales,W92000004,2020-06-27,140,16486
nation,Wales,W92000004,2020-06-26,19,16346
nation,Wales,W92000004,2020-06-25,60,16327
nation,Wales,W92000004,2020-06-24,37,16267
nation,Wales,W92000004,2020-06-23,131,16230
nation,Wales,W92000004,2020-06-22,66,16099
nation,Wales,W92000004,2020-06-21,76,16033
nation,Wales,W92000004,2020-06-20,47,15957
nation,Wales,W92000004,2020-06-19,140,15910
nation,Wales,W92000004,2020-06-18,62,15770
nation,Wales,W92000004,2020-06-17,64,15708
nation,Wales,W92000004,2020-06-16,82,15644
nation,Wales,W92000004,2020-06-15,66,15562
nation,Wales,W92000004,2020-06-14,54,15496
nation,Wales,W92000004,2020-06-13,70,15442
nation,Wales,W92000004,2020-06-12,75,15372
nation,Wales,W92000004,2020-06-11,66,15297
nation,Wales,W92000004,2020-06-10,67,15231
nation,Wales,W92000004,2020-06-09,62,15164
nation,Wales,W92000004,2020-06-08,74,15102
nation,Wales,W92000004,2020-06-07,34,15028
nation,Wales,W92000004,2020-06-06,53,14994
nation,Wales,W92000004,2020-06-05,55,14941
nation,Wales,W92000004,2020-06-04,60,14886
nation,Wales,W92000004,2020-06-03,75,14826
nation,Wales,W92000004,2020-06-02,73,14751
nation,Wales,W92000004,2020-06-01,64,14678
nation,Wales,W92000004,2020-05-31,46,14614
nation,Wales,W92000004,2020-05-30,70,14568
nation,Wales,W92000004,2020-05-29,106,14498
nation,Wales,W92000004,2020-05-28,102,14392
nation,Wales,W92000004,2020-05-27,118,14290
nation,Wales,W92000004,2020-05-26,102,14172
nation,Wales,W92000004,2020-05-25,105,14070
nation,Wales,W92000004,2020-05-24,82,13965
nation,Wales,W92000004,2020-05-23,122,13883
nation,Wales,W92000004,2020-05-22,137,13761
nation,Wales,W92000004,2020-05-21,132,13624
nation,Wales,W92000004,2020-05-20,166,13492
nation,Wales,W92000004,2020-05-19,213,13326
nation,Wales,W92000004,2020-05-18,168,13113
nation,Wales,W92000004,2020-05-17,118,12945
nation,Wales,W92000004,2020-05-16,166,12827
nation,Wales,W92000004,2020-05-15,179,12661
nation,Wales,W92000004,2020-05-14,132,12482
nation,Wales,W92000004,2020-05-13,153,12350
nation,Wales,W92000004,2020-05-12,150,12197
nation,Wales,W92000004,2020-05-11,178,12047
nation,Wales,W92000004,2020-05-10,107,11869
nation,Wales,W92000004,2020-05-09,136,11762
nation,Wales,W92000004,2020-05-08,115,11626
nation,Wales,W92000004,2020-05-07,176,11511
nation,Wales,W92000004,2020-05-06,171,11335
nation,Wales,W92000004,2020-05-05,175,11164
nation,Wales,W92000004,2020-05-04,139,10989
nation,Wales,W92000004,2020-05-03,105,10850
nation,Wales,W92000004,2020-05-02,179,10745
nation,Wales,W92000004,2020-05-01,176,10566
nation,Wales,W92000004,2020-04-30,200,10390
nation,Wales,W92000004,2020-04-29,176,10190
nation,Wales,W92000004,2020-04-28,153,10014
nation,Wales,W92000004,2020-04-27,172,9861
nation,Wales,W92000004,2020-04-26,121,9689
nation,Wales,W92000004,2020-04-25,136,9568
nation,Wales,W92000004,2020-04-24,213,9432
nation,Wales,W92000004,2020-04-23,201,9219
nation,Wales,W92000004,2020-04-22,253,9018
nation,Wales,W92000004,2020-04-21,259,8765
nation,Wales,W92000004,2020-04-20,281,8506
nation,Wales,W92000004,2020-04-19,181,8225
nation,Wales,W92000004,2020-04-18,247,8044
nation,Wales,W92000004,2020-04-17,324,7797
nation,Wales,W92000004,2020-04-16,363,7473
nation,Wales,W92000004,2020-04-15,361,7110
nation,Wales,W92000004,2020-04-14,317,6749
nation,Wales,W92000004,2020-04-13,273,6432
nation,Wales,W92000004,2020-04-12,247,6159
nation,Wales,W92000004,2020-04-11,247,5912
nation,Wales,W92000004,2020-04-10,308,5665
nation,Wales,W92000004,2020-04-09,391,5357
nation,Wales,W92000004,2020-04-08,386,4966
nation,Wales,W92000004,2020-04-07,386,4580
nation,Wales,W92000004,2020-04-06,383,4194
nation,Wales,W92000004,2020-04-05,223,3811
nation,Wales,W92000004,2020-04-04,282,3588
nation,Wales,W92000004,2020-04-03,330,3306
nation,Wales,W92000004,2020-04-02,336,2976
nation,Wales,W92000004,2020-04-01,327,2640
nation,Wales,W92000004,2020-03-31,277,2313
nation,Wales,W92000004,2020-03-30,343,2036
nation,Wales,W92000004,2020-03-29,159,1693
nation,Wales,W92000004,2020-03-28,167,1534
nation,Wales,W92000004,2020-03-27,193,1367
nation,Wales,W92000004,2020-03-26,177,1174
nation,Wales,W92000004,2020-03-25,190,997
nation,Wales,W92000004,2020-03-24,141,807
nation,Wales,W92000004,2020-03-23,133,666
nation,Wales,W92000004,2020-03-22,76,533
nation,Wales,W92000004,2020-03-21,75,457
nation,Wales,W92000004,2020-03-20,73,382
nation,Wales,W92000004,2020-03-19,60,309
nation,Wales,W92000004,2020-03-18,36,249
nation,Wales,W92000004,2020-03-17,37,213
nation,Wales,W92000004,2020-03-16,37,176
nation,Wales,W92000004,2020-03-15,32,139
nation,Wales,W92000004,2020-03-14,19,107
nation,Wales,W92000004,2020-03-13,28,88
nation,Wales,W92000004,2020-03-12,25,60
nation,Wales,W92000004,2020-03-11,15,35
nation,Wales,W92000004,2020-03-10,12,20
nation,Wales,W92000004,2020-03-09,3,8
nation,Wales,W92000004,2020-03-08,1,5
nation,Wales,W92000004,2020-03-07,2,4
nation,Wales,W92000004,2020-03-06,0,2
nation,Wales,W92000004,2020-03-05,0,2
nation,Wales,W92000004,2020-03-04,1,2
nation,Wales,W92000004,2020-03-03,0,1
nation,Wales,W92000004,2020-03-02,0,1
nation,Wales,W92000004,2020-03-01,0,1
nation,Wales,W92000004,2020-02-29,0,1
nation,Wales,W92000004,2020-02-28,0,1
nation,Wales,W92000004,2020-02-27,1,1
