areaType,areaName,areaCode,date,newPillarOneTestsByPublishDate,newPillarTwoTestsByPublishDate,newPillarThreeTestsByPublishDate,newPillarFourTestsByPublishDate,newTestsByPublishDate,cumPillarOneTestsByPublishDate,cumPillarTwoTestsByPublishDate,cumPillarThreeTestsByPublishDate,cumPillarFourTestsByPublishDate,cumTestsByPublishDate
overview,United Kingdom,K02000001,2021-01-18,69517,467511,2993,19918,559939,16425195,42069013,1958344,4811185,65263737
overview,United Kingdom,K02000001,2021-01-17,63053,332684,636,21592,417965,16355678,41574690,1955351,4791267,64676986
overview,United Kingdom,K02000001,2021-01-16,79605,389799,640,22530,492574,16292628,41234634,1954715,4769675,64251652
overview,United Kingdom,K02000001,2021-01-15,85313,490024,2831,22685,600853,16213023,40834871,1954075,4747145,63749114
overview,United Kingdom,K02000001,2021-01-14,84870,576959,3009,34541,699379,16127711,40335754,1951244,4724460,63139169
overview,United Kingdom,K02000001,2021-01-13,94843,500327,2781,34516,632467,16042841,39749577,1948235,4689919,62430572
overview,United Kingdom,K02000001,2021-01-12,99235,447659,2763,38487,588144,15940850,39237923,1945454,4655403,61779630
overview,United Kingdom,K02000001,2021-01-11,73163,444386,1922,19398,538869,15841617,38781269,1942691,4595158,61160735
overview,United Kingdom,K02000001,2021-01-10,70373,371809,575,43692,486449,15768454,38323478,1940201,4575760,60607893
overview,United Kingdom,K02000001,2021-01-09,80508,447503,946,39291,568248,15698081,37949285,1939626,4532068,60119060
overview,United Kingdom,K02000001,2021-01-08,89752,557473,2570,32998,682793,15617577,37499573,1938920,4492777,59548847
overview,United Kingdom,K02000001,2021-01-07,97158,502113,3490,21026,623787,15527825,36936747,1936355,4459779,58860706
overview,United Kingdom,K02000001,2021-01-06,94932,445142,3206,17937,561217,15430667,36429445,1932865,4438753,58231730
overview,United Kingdom,K02000001,2021-01-05,100110,383697,2522,14995,501324,15335735,35971102,1929659,4415937,57652433
overview,United Kingdom,K02000001,2021-01-04,72190,378918,1989,13503,466600,15232991,35583403,1927137,4400824,57144355
overview,United Kingdom,K02000001,2021-01-03,62391,354571,718,11808,429488,15150009,35203050,1925148,4387304,56665511
overview,United Kingdom,K02000001,2021-01-02,64718,345633,550,1172,412073,15087618,34847580,1924430,4375496,56235124
overview,United Kingdom,K02000001,2021-01-01,59346,344619,596,18839,423400,15022990,34501048,1923880,4374324,55822242
overview,United Kingdom,K02000001,2020-12-31,79254,403219,2974,90,485537,14963644,34155477,1923284,4355485,55397890
overview,United Kingdom,K02000001,2020-12-30,83792,317551,2448,19791,423582,14884302,33732977,1920310,4355395,54892984
overview,United Kingdom,K02000001,2020-12-29,65937,257586,1959,21963,347445,14800425,33413136,1917862,4335604,54467027
overview,United Kingdom,K02000001,2020-12-28,57893,293247,642,6098,357880,14734579,33154011,1915903,4313641,54118134
overview,United Kingdom,K02000001,2020-12-27,53061,299641,588,0,353290,14676686,32859968,1915261,4307543,53759458
overview,United Kingdom,K02000001,2020-12-26,45832,224044,735,0,270611,14623625,32491556,1914673,4307543,53337397
overview,United Kingdom,K02000001,2020-12-25,44400,294624,588,0,339612,14577793,32266966,1913938,4307543,53066240
overview,United Kingdom,K02000001,2020-12-24,79218,383905,3078,72,466273,14533393,31972127,1913350,4307543,52726413
overview,United Kingdom,K02000001,2020-12-23,87735,403973,3105,18045,512858,14454175,31587793,1910272,4307471,52259711
overview,United Kingdom,K02000001,2020-12-22,91358,347583,2349,14962,456252,14366420,31183458,1907699,4289426,51747003
overview,United Kingdom,K02000001,2020-12-21,68678,335252,2457,19745,426132,14272637,30835586,1904556,4274464,51287243
overview,United Kingdom,K02000001,2020-12-20,68750,337258,480,27462,433950,14195457,30499388,1901588,4254718,50851151
overview,United Kingdom,K02000001,2020-12-19,85095,344498,1662,10991,442246,14126707,30162031,1901108,4227256,50417102
overview,United Kingdom,K02000001,2020-12-18,86552,286039,2718,18843,394152,14041612,29817391,1899446,4216265,49974714
overview,United Kingdom,K02000001,2020-12-17,91519,272784,2651,11325,378279,13955023,29530375,1896728,4197422,49579548
overview,United Kingdom,K02000001,2020-12-16,93680,255332,3549,15981,368542,13863505,29235184,1894077,4186097,49178863
overview,United Kingdom,K02000001,2020-12-15,96381,194396,2679,13583,307039,13769912,28979694,1890528,4170116,48810250
overview,United Kingdom,K02000001,2020-12-14,74189,191349,2172,10234,277944,13664776,28785232,1887707,4150453,48488168
overview,United Kingdom,K02000001,2020-12-13,67277,230518,365,14478,312638,13590587,28593857,1885535,4139108,48209087
overview,United Kingdom,K02000001,2020-12-12,74650,264712,966,19129,359457,13523311,28363320,1885170,4124630,47896431
overview,United Kingdom,K02000001,2020-12-11,86426,285377,2896,20811,395510,13448661,28098589,1884204,4105501,47536955
overview,United Kingdom,K02000001,2020-12-10,89800,288925,2611,22900,404236,13362235,27813111,1881308,4084690,47141344
overview,United Kingdom,K02000001,2020-12-09,94192,259307,2401,16546,372446,13272436,27524151,1878697,4055715,46730999
overview,United Kingdom,K02000001,2020-12-08,88307,193825,1990,13098,297220,13165306,27264784,1875444,4039169,46344703
overview,United Kingdom,K02000001,2020-12-07,69258,136057,2074,10666,218055,13077001,27070864,1873301,4026071,46047237
overview,United Kingdom,K02000001,2020-12-06,62236,194677,335,15874,273122,13005379,26934742,1871227,4015405,45826753
overview,United Kingdom,K02000001,2020-12-05,77373,257878,1417,19548,356216,12943144,26740020,1870892,3999531,45553587
overview,United Kingdom,K02000001,2020-12-04,84819,274488,3393,22414,385114,12865771,26482099,1869475,3979983,45197328
overview,United Kingdom,K02000001,2020-12-03,87529,277949,2916,24822,393216,12780952,26207536,1866082,3957569,44812139
overview,United Kingdom,K02000001,2020-12-02,92946,236521,2932,24119,356518,12691950,25928892,1862831,3932747,44416420
overview,United Kingdom,K02000001,2020-12-01,88113,204744,2563,19501,314921,12599004,25692320,1859899,3908628,44059851
overview,United Kingdom,K02000001,2020-11-30,66275,130663,1674,17897,216509,12508475,25483842,1856762,3880502,43729581
overview,United Kingdom,K02000001,2020-11-29,60243,133585,478,26071,220377,12442200,25334757,1855054,3847012,43479023
overview,United Kingdom,K02000001,2020-11-28,73096,210867,729,27163,311855,12379830,25201157,1853770,3820941,43255698
overview,United Kingdom,K02000001,2020-11-27,83971,221367,2757,29386,337481,12306748,24990087,1853041,3793778,42943654
overview,United Kingdom,K02000001,2020-11-26,86178,266666,3521,31580,387945,12222777,24768450,1850284,3764392,42605903
overview,United Kingdom,K02000001,2020-11-25,90440,235738,2955,30464,359597,12136016,24501669,1846709,3732812,42217206
overview,United Kingdom,K02000001,2020-11-24,94663,193647,2862,23628,314800,12047544,24265137,1843754,3702348,41858783
overview,United Kingdom,K02000001,2020-11-23,68486,116831,2387,27216,214920,11950359,24070442,1840762,3672080,41533643
overview,United Kingdom,K02000001,2020-11-22,60607,171975,417,46459,279458,11880462,23953113,1838375,3644864,41316814
overview,United Kingdom,K02000001,2020-11-21,79718,250462,903,38860,369943,11815788,23780874,1837835,3598405,41032902
overview,United Kingdom,K02000001,2020-11-20,79868,274623,2952,38438,395881,11736070,23530373,1836157,3559545,40662145
overview,United Kingdom,K02000001,2020-11-19,89859,268024,2912,39134,399929,11656202,23255669,1833205,3521107,40266183
overview,United Kingdom,K02000001,2020-11-18,92530,244412,3072,27612,367626,11564754,22981446,1829873,3481973,39858046
overview,United Kingdom,K02000001,2020-11-17,87362,184211,2832,12141,286546,11470365,22728537,1826789,3454361,39480052
overview,United Kingdom,K02000001,2020-11-16,68340,148910,2440,16939,236629,11382248,22544155,1823853,3438070,39188326
overview,United Kingdom,K02000001,2020-11-15,62837,201208,796,19821,284662,11313396,22377164,1821024,3421131,38932715
overview,United Kingdom,K02000001,2020-11-14,76044,254629,895,13111,344679,11252054,22175887,1820091,3401310,38649342
overview,United Kingdom,K02000001,2020-11-13,85762,278448,2802,18904,385916,11176010,21921151,1819196,3388199,38304556
overview,United Kingdom,K02000001,2020-11-12,88945,273346,3694,18014,383999,11090248,21642589,1816394,3369295,37918526
overview,United Kingdom,K02000001,2020-11-11,89693,263690,3498,24762,381643,11000634,21369089,1812655,3351281,37533659
overview,United Kingdom,K02000001,2020-11-10,88116,197430,3590,21005,310141,10909496,21103371,1809897,3324347,37147111
overview,United Kingdom,K02000001,2020-11-09,68317,160066,2787,19121,250291,10821827,20905846,1806232,3303342,36837247
overview,United Kingdom,K02000001,2020-11-08,63578,199582,629,22575,286364,10752723,20745721,1803443,3284221,36586108
overview,United Kingdom,K02000001,2020-11-07,71369,237923,866,22371,332529,10686113,20546139,1802790,3261646,36296688
overview,United Kingdom,K02000001,2020-11-06,82883,258509,3490,17767,362649,10614744,20308216,1801645,3239275,35963880
overview,United Kingdom,K02000001,2020-11-05,80051,244080,3603,27817,355551,10531861,20049707,1798155,3221416,35601139
overview,United Kingdom,K02000001,2020-11-04,89630,195950,3120,19972,308672,10450905,19802946,1794522,3193599,35241972
overview,United Kingdom,K02000001,2020-11-03,75197,177027,3612,19650,275486,10353713,19602448,1791402,3173627,34921190
overview,United Kingdom,K02000001,2020-11-02,66290,121737,2289,29005,219321,10276026,19422209,1787750,3148578,34634563
overview,United Kingdom,K02000001,2020-11-01,57972,185050,647,39340,283009,10208773,19287665,1784221,3119573,34400232
overview,United Kingdom,K02000001,2020-10-31,73983,202171,1011,31067,308232,10148888,19102615,1783572,3080233,34115308
overview,United Kingdom,K02000001,2020-10-30,76479,200623,2905,50230,330237,10072464,18900444,1782112,3049166,33804186
overview,United Kingdom,K02000001,2020-10-29,74031,243222,3266,57566,378085,9995421,18696990,1778958,2998936,33470305
overview,United Kingdom,K02000001,2020-10-28,81764,203880,3338,54840,343822,9919094,18453768,1775688,2941370,33089920
overview,United Kingdom,K02000001,2020-10-27,80017,176922,3214,50982,311135,9837190,18249888,1772350,2886530,32745958
overview,United Kingdom,K02000001,2020-10-26,63458,158147,2489,40256,264350,9754345,18068846,1769123,2825802,32418116
overview,United Kingdom,K02000001,2020-10-25,60363,230863,622,29888,321736,9688390,17910699,1766634,2785546,32151269
overview,United Kingdom,K02000001,2020-10-24,71743,210368,1463,35785,319359,9628027,17679836,1766012,2755658,31829533
overview,United Kingdom,K02000001,2020-10-23,82458,229950,3618,35710,351736,9556284,17469468,1764549,2719873,31510174
overview,United Kingdom,K02000001,2020-10-22,81879,231440,3419,27174,343912,9473664,17239518,1760657,2684163,31158002
overview,United Kingdom,K02000001,2020-10-21,84279,198286,3511,28785,314861,9388370,17006668,1757150,2656989,30809177
overview,United Kingdom,K02000001,2020-10-20,77740,180880,3886,21376,283882,9298879,16802826,1753268,2628204,30483177
overview,United Kingdom,K02000001,2020-10-19,64568,169118,3192,26652,263530,9218826,16621946,1749346,2597797,30187915
overview,United Kingdom,K02000001,2020-10-18,57355,223529,495,26009,307388,9152008,16452828,1746154,2571145,29922135
overview,United Kingdom,K02000001,2020-10-17,69597,207980,1226,30839,309642,9094653,16229299,1745659,2545136,29614747
overview,United Kingdom,K02000001,2020-10-16,75060,214369,4419,24408,318256,9025056,16021319,1744433,2514297,29305105
overview,United Kingdom,K02000001,2020-10-15,79441,199272,3742,26401,308856,8950022,15806950,1739991,2489889,28986852
overview,United Kingdom,K02000001,2020-10-14,80081,193713,3891,22838,300523,8870205,15607678,1736207,2463488,28677578
overview,United Kingdom,K02000001,2020-10-13,70587,179296,3163,15096,268142,8784309,15413965,1732156,2440650,28371080
overview,United Kingdom,K02000001,2020-10-12,57007,142204,2698,20138,222047,8711370,15199391,1728821,2416341,28055923
overview,United Kingdom,K02000001,2020-10-11,53227,184411,523,21317,259478,8652307,15057187,1726046,2396203,27831743
overview,United Kingdom,K02000001,2020-10-10,67243,188947,1307,24479,281976,8599080,14872776,1725523,2374886,27572265
overview,United Kingdom,K02000001,2020-10-09,74421,202840,5303,20256,302820,8531838,14683829,1724216,2350407,27290290
overview,United Kingdom,K02000001,2020-10-08,72777,198144,4112,15071,290104,8457417,14480989,1718913,2330151,26987470
overview,United Kingdom,K02000001,2020-10-07,77676,160785,4140,16943,259544,8384660,14264515,1714765,2315080,26679020
overview,United Kingdom,K02000001,2020-10-06,76527,163589,4473,21220,265809,8305495,14103730,1710627,2298137,26417989
overview,United Kingdom,K02000001,2020-10-05,58387,174251,3483,40482,276603,8228153,13939698,1706119,2273168,26147138
overview,United Kingdom,K02000001,2020-10-04,53982,169488,1275,26878,251623,8169503,13765447,1702636,2228265,25865851
overview,United Kingdom,K02000001,2020-10-03,63888,189095,1944,33819,288746,8115521,13595959,1701361,2201387,25614228
overview,United Kingdom,K02000001,2020-10-02,72038,177562,6411,20729,276740,8051633,13406864,1699417,2167568,25325482
overview,United Kingdom,K02000001,2020-10-01,70429,168669,5282,27172,271552,7979421,13229302,1692898,2146839,25048460
overview,United Kingdom,K02000001,2020-09-30,77402,156459,5705,22232,261798,7914504,13049925,1687636,2119667,24771732
overview,United Kingdom,K02000001,2020-09-29,69549,141378,5088,21285,237300,7834371,12893466,1681735,2097435,24507007
overview,United Kingdom,K02000001,2020-09-28,57960,140442,3786,29735,231923,7763328,12739860,1676544,2069380,24249112
overview,United Kingdom,K02000001,2020-09-27,56615,170285,1154,39384,267438,7704890,12599418,1672758,2039645,24016711
overview,United Kingdom,K02000001,2020-09-26,66608,167881,2708,23100,260297,7648275,12429133,1671604,2000261,23749273
overview,United Kingdom,K02000001,2020-09-25,73080,185140,6276,34222,298718,7581667,12261252,1668896,1977161,23488976
overview,United Kingdom,K02000001,2020-09-24,73243,172120,6261,23144,274768,7507248,12076112,1662536,1942940,23188836
overview,United Kingdom,K02000001,2020-09-23,78497,153771,6063,31097,269428,7431367,11893836,1656020,1919796,22901019
overview,United Kingdom,K02000001,2020-09-22,71959,146401,5770,22229,246359,7351890,11740065,1649957,1874884,22616796
overview,United Kingdom,K02000001,2020-09-21,58353,130512,4106,25088,218059,7279277,11618072,1644127,1848562,22390038
overview,United Kingdom,K02000001,2020-09-20,55398,164325,994,26382,247099,7220924,11487560,1640021,1823474,22171979
overview,United Kingdom,K02000001,2020-09-19,68993,170892,2538,23274,265697,7165527,11323235,1639027,1797092,21924881
overview,United Kingdom,K02000001,2020-09-18,79167,173342,7808,29594,289911,7096534,11152343,1636489,1773818,21659184
overview,United Kingdom,K02000001,2020-09-17,75947,157252,6647,27448,267294,7016469,10979001,1628603,1744224,21368297
overview,United Kingdom,K02000001,2020-09-16,79465,156754,6339,42738,285296,6939268,10821749,1621817,1716776,21099610
overview,United Kingdom,K02000001,2020-09-15,72641,150505,6370,59306,288822,6856685,10664995,1615478,1674038,20811196
overview,United Kingdom,K02000001,2020-09-14,55037,152681,4666,8808,221192,6782913,10514490,1609108,1614732,20521243
overview,United Kingdom,K02000001,2020-09-13,50178,162995,1172,12730,227075,6727876,10361809,1604347,1597993,20292025
overview,United Kingdom,K02000001,2020-09-12,62516,158650,3043,7760,231969,6677698,10198814,1603175,1585263,20064950
overview,United Kingdom,K02000001,2020-09-11,65672,172968,7895,4304,250839,6615182,10040164,1600132,1577503,19832981
overview,United Kingdom,K02000001,2020-09-10,63735,158713,5858,12006,240312,6548410,9828673,1592107,1573199,19542389
overview,United Kingdom,K02000001,2020-09-09,72385,133274,5893,15913,227465,6484675,9661212,1586249,1561193,19293329
overview,United Kingdom,K02000001,2020-09-08,63688,123163,6184,16574,209609,6411254,9523615,1580356,1545280,19060505
overview,United Kingdom,K02000001,2020-09-07,48888,130364,3797,12643,195692,6346514,9374047,1573945,1528706,18823212
overview,United Kingdom,K02000001,2020-09-06,43098,126832,1256,18788,189974,6297611,9243683,1570154,1514218,18625666
overview,United Kingdom,K02000001,2020-09-05,54511,111608,2807,22662,191588,6254553,9116851,1568893,1491995,18432292
overview,United Kingdom,K02000001,2020-09-04,62040,126743,6780,14900,210463,6200042,9005243,1566086,1469333,18240704
overview,United Kingdom,K02000001,2020-09-03,58914,122445,6579,18945,206883,6138002,8879551,1559306,1454433,18031292
overview,United Kingdom,K02000001,2020-09-02,62197,119575,6078,15371,203221,6078093,8757106,1552662,1435488,17823349
overview,United Kingdom,K02000001,2020-09-01,49760,114598,3995,7334,175687,6015665,8637531,1546584,1420117,17619897
overview,United Kingdom,K02000001,2020-08-31,39267,119287,1420,21960,181934,5966038,8522933,1542589,1412783,17444343
overview,United Kingdom,K02000001,2020-08-30,41083,125788,759,14435,182065,5926771,8403646,1541169,1390823,17262409
overview,United Kingdom,K02000001,2020-08-29,44361,126213,2309,10627,183510,5885688,8277858,1540410,1376388,17080344
overview,United Kingdom,K02000001,2020-08-28,53267,115417,6886,21641,197211,5841327,8151645,1538101,1365761,16896834
overview,United Kingdom,K02000001,2020-08-27,54836,123367,6994,18219,203416,5788060,8035569,1531215,1344120,16698964
overview,United Kingdom,K02000001,2020-08-26,58643,125818,6138,18236,208835,5732837,7900579,1524132,1325901,16483449
overview,United Kingdom,K02000001,2020-08-25,59359,103799,5682,17660,186500,5672807,7774761,1517976,1307665,16273209
overview,United Kingdom,K02000001,2020-08-24,43696,93317,3996,12384,153393,5613279,7649983,1512294,1290005,16065561
overview,United Kingdom,K02000001,2020-08-23,41150,114721,821,18517,175209,5569570,7556666,1508298,1277621,15912155
overview,United Kingdom,K02000001,2020-08-22,49830,121555,3195,6875,181455,5527808,7441945,1507477,1259104,15736334
overview,United Kingdom,K02000001,2020-08-21,56061,124274,7455,3570,191360,5477978,7320390,1504282,1252229,15554879
overview,United Kingdom,K02000001,2020-08-20,55361,115266,6590,6716,183933,5421917,7196116,1496724,1248659,15363416
overview,United Kingdom,K02000001,2020-08-19,59626,116290,5838,8680,190434,5365745,7080850,1488710,1241960,15177265
overview,United Kingdom,K02000001,2020-08-18,59427,93798,5575,4210,163010,5306149,6966008,1482697,1233280,14988134
overview,United Kingdom,K02000001,2020-08-17,44720,95888,3910,5656,150174,5246714,6872210,1477057,1229070,14825051
overview,United Kingdom,K02000001,2020-08-16,42216,120040,1132,5888,169276,5201976,6776322,1473129,1223414,14674841
overview,United Kingdom,K02000001,2020-08-15,52233,122681,2481,5592,182987,5157816,6656282,1472093,1217454,14503645
overview,United Kingdom,K02000001,2020-08-14,53832,113927,6630,3568,177957,5105583,6533601,1469575,1211862,14320621
overview,United Kingdom,K02000001,2020-08-13,54444,104989,6315,4109,169857,5051751,6419674,1462945,1208366,14142736
overview,United Kingdom,K02000001,2020-08-12,58702,109281,6054,10407,184444,4996120,6314685,1456630,1204077,13971512
overview,United Kingdom,K02000001,2020-08-11,56755,90779,5978,12799,166311,4935810,6205404,1450576,1193507,13785297
overview,United Kingdom,K02000001,2020-08-10,44983,90844,3961,24273,164061,4878926,6114625,1444531,1180388,13618470
overview,United Kingdom,K02000001,2020-08-09,43726,109488,1246,11747,166207,4833679,6023445,1440570,1155667,13453361
overview,United Kingdom,K02000001,2020-08-08,49344,97482,2598,15752,165176,4789417,5913957,1439143,1143845,13286362
overview,United Kingdom,K02000001,2020-08-07,54094,102046,5614,20110,181864,4740073,5816475,1436545,1127998,13121091
overview,United Kingdom,K02000001,2020-08-06,59113,103600,6272,16995,185980,4685979,5714429,1430931,1107641,12938980
overview,United Kingdom,K02000001,2020-08-05,59374,93177,6564,15404,174519,4626141,5610829,1424659,1086414,12748043
overview,United Kingdom,K02000001,2020-08-04,56731,84014,6350,16327,163422,4565775,5517652,1418095,1070469,12571991
overview,United Kingdom,K02000001,2020-08-03,44861,78430,4537,30838,158666,4508349,5433638,1411407,1053752,12407146
overview,United Kingdom,K02000001,2020-08-02,44562,79526,1201,38497,163786,4463488,5355208,1406870,1025371,12250937
overview,United Kingdom,K02000001,2020-08-01,46229,84770,2628,28461,162088,4417700,5275682,1405668,976217,12075267
overview,United Kingdom,K02000001,2020-07-31,51120,95882,6893,36325,190220,4371471,5190912,1402811,947756,11912950
overview,United Kingdom,K02000001,2020-07-30,54365,99669,7844,44778,206656,4320354,5095030,1395918,911431,11722733
overview,United Kingdom,K02000001,2020-07-29,55197,88122,7688,14473,165480,4265628,4995361,1388010,866653,11515652
overview,United Kingdom,K02000001,2020-07-28,55096,75515,7128,17207,154946,4210244,4907239,1380320,852180,11349983
overview,United Kingdom,K02000001,2020-07-27,43402,38863,5281,11544,99090,4155149,4831724,1373192,834973,11195038
overview,United Kingdom,K02000001,2020-07-26,40977,63572,1623,7252,113424,4111747,4792861,1367911,823198,11095717
overview,United Kingdom,K02000001,2020-07-25,46013,88032,3107,5802,142954,4068747,4729289,1366023,811877,10975936
overview,United Kingdom,K02000001,2020-07-24,48482,92297,9586,6864,157229,4022736,4641257,1362916,806075,10832984
overview,United Kingdom,K02000001,2020-07-23,51129,83164,9698,8142,152133,3973719,4548960,1353286,799211,10675176
overview,United Kingdom,K02000001,2020-07-22,54435,77027,9391,6742,147595,3922601,4465796,1343588,791069,10523054
overview,United Kingdom,K02000001,2020-07-21,52480,69214,9532,11333,142559,3868166,4388769,1334197,784327,10375459
overview,United Kingdom,K02000001,2020-07-20,43230,40863,7716,9932,101741,3815687,4319555,1324665,772994,10232901
overview,United Kingdom,K02000001,2020-07-19,39747,62825,1720,16676,120968,3771479,4278692,1316883,763062,10130116
overview,United Kingdom,K02000001,2020-07-18,42558,89139,3946,4750,140393,3731733,4215866,1315163,746386,10009148
overview,United Kingdom,K02000001,2020-07-17,49443,107813,12556,7813,177625,3689175,4126728,1311040,741636,9868579
overview,United Kingdom,K02000001,2020-07-16,50434,98781,13777,2974,165966,3639292,4018915,1298484,733823,9690514
overview,United Kingdom,K02000001,2020-07-15,53790,75826,13532,8915,152063,3588561,3920134,1284707,730849,9524251
overview,United Kingdom,K02000001,2020-07-14,53820,58675,13434,6192,132121,3531286,3844308,1271175,721934,9368703
overview,United Kingdom,K02000001,2020-07-13,41340,33420,11241,11402,97403,3477000,3785633,1257311,715742,9235686
overview,United Kingdom,K02000001,2020-07-12,34930,51679,2822,12496,101927,3436603,3752213,1246070,704340,9139226
overview,United Kingdom,K02000001,2020-07-11,46023,78071,8148,2648,134890,3401296,3700534,1243248,691595,9036673
overview,United Kingdom,K02000001,2020-07-10,47258,80867,18619,8120,154864,3355273,3622463,1234887,688947,8901570
overview,United Kingdom,K02000001,2020-07-09,47426,84422,21715,8233,161796,3307912,3541596,1216268,680827,8746603
overview,United Kingdom,K02000001,2020-07-08,51027,69291,22147,10627,153092,3260306,3457174,1194553,672594,8584627
overview,United Kingdom,K02000001,2020-07-07,49319,51370,18050,7499,126238,3209459,3387883,1172356,661928,8431626
overview,United Kingdom,K02000001,2020-07-06,40321,23212,15750,15001,94284,3160140,3336513,1154020,654359,8305032
overview,United Kingdom,K02000001,2020-07-05,37602,39382,3527,16804,97315,3119819,3313301,1138066,639186,8210372
overview,United Kingdom,K02000001,2020-07-04,40466,52707,10282,22645,126100,3081496,3273919,1134075,622187,8111677
overview,United Kingdom,K02000001,2020-07-03,46818,67360,30553,27835,172566,3040901,3221213,1123615,599542,7985271
overview,United Kingdom,K02000001,2020-07-02,46473,65657,27525,29604,169259,2993828,3153853,1092830,571707,7812218
overview,United Kingdom,K02000001,2020-07-01,49258,63378,29401,15094,157131,2947392,3088196,1066325,541918,7643831
overview,United Kingdom,K02000001,2020-06-30,47474,49893,26622,20798,144787,2897765,3024818,1036898,526804,7486285
overview,United Kingdom,K02000001,2020-06-29,39169,23403,22559,20253,105384,2850314,2974925,1010203,496544,7331986
overview,United Kingdom,K02000001,2020-06-28,30656,33797,5928,19848,90229,2808681,2951522,987644,460799,7208646
overview,United Kingdom,K02000001,2020-06-27,40854,50043,14929,11915,117741,2777265,2917725,981256,433568,7109814
overview,United Kingdom,K02000001,2020-06-26,43839,49553,35711,15825,144928,2736411,2867682,966327,421653,6992073
overview,United Kingdom,K02000001,2020-06-25,42153,51020,36438,25565,155176,2692572,2818129,930616,405828,6847145
overview,United Kingdom,K02000001,2020-06-24,43620,44420,36102,16161,140303,2629977,2743980,894195,380263,6648415
overview,United Kingdom,K02000001,2020-06-23,45784,20972,35006,28918,130680,2586357,2699560,857323,364102,6507342
overview,United Kingdom,K02000001,2020-06-22,36984,22958,26084,16931,102957,2540573,2678588,822058,343330,6384549
overview,United Kingdom,K02000001,2020-06-21,29457,27645,9902,9510,76514,2500489,2655630,795915,326398,6278432
overview,United Kingdom,K02000001,2020-06-20,36118,44446,20426,16981,117971,2470849,2627985,786013,316888,6201735
overview,United Kingdom,K02000001,2020-06-19,40640,46551,41155,5189,133535,2434449,2583539,764585,299907,6082480
overview,United Kingdom,K02000001,2020-06-18,41620,44959,44895,4380,135854,2393809,2536988,722961,294718,5948476
overview,United Kingdom,K02000001,2020-06-17,43035,40829,44082,3685,131631,2348319,2492029,678176,290338,5808862
overview,United Kingdom,K02000001,2020-06-16,42540,36422,39895,3578,122435,2305284,2451200,632146,286653,5675283
overview,United Kingdom,K02000001,2020-06-15,35711,32097,28186,5343,101337,2262744,2414778,592204,283075,5552801
overview,United Kingdom,K02000001,2020-06-14,30700,35988,13452,3825,83965,2227033,2382681,562314,277732,5449760
overview,United Kingdom,K02000001,2020-06-13,37983,58061,21337,3028,120409,2195481,2346693,548794,273907,5364875
overview,United Kingdom,K02000001,2020-06-12,40426,54790,46952,4931,147099,2156643,2288632,525020,270879,5241174
overview,United Kingdom,K02000001,2020-06-11,40058,58855,46491,3940,149344,2115412,2233842,477493,265948,5092695
overview,United Kingdom,K02000001,2020-06-10,43200,54652,42979,4678,145509,2074094,2174987,430461,262008,4941550
overview,United Kingdom,K02000001,2020-06-09,43052,48554,37147,4349,133102,2030819,2120335,386984,257330,4795468
overview,United Kingdom,K02000001,2020-06-08,32206,34563,27978,3698,98445,1987767,2071781,349578,252981,4662107
overview,United Kingdom,K02000001,2020-06-07,30792,52998,16694,3638,104122,1955561,2001765,320871,249283,4527480
overview,United Kingdom,K02000001,2020-06-06,35636,54926,22720,4299,117581,1924659,1948767,303264,245645,4422335
overview,United Kingdom,K02000001,2020-06-05,37693,60974,41619,4723,145009,1888571,1893841,280524,241346,4304282
overview,United Kingdom,K02000001,2020-06-04,39593,55852,42899,5880,144224,1849908,1832867,238522,236014,4157311
overview,United Kingdom,K02000001,2020-06-03,39735,56939,40385,6384,143443,1810315,1777015,194467,230134,4011931
overview,United Kingdom,K02000001,2020-06-02,38163,48104,36013,6903,129183,1770451,1720076,155344,223750,3869621
overview,United Kingdom,K02000001,2020-06-01,29998,34765,30357,6451,101571,1731901,1671972,119088,216847,3739808
overview,United Kingdom,K02000001,2020-05-31,27520,47743,23110,7061,105434,1701944,1637207,88731,210396,3638278
overview,United Kingdom,K02000001,2020-05-30,31755,58112,,7520,97387,1674424,1589464,,202450,3466338
overview,United Kingdom,K02000001,2020-05-29,37085,58465,,11002,106552,1642666,1531352,,194930,3368948
overview,United Kingdom,K02000001,2020-05-28,37933,46701,,18100,102734,1605581,1472887,,183928,3262396
overview,United Kingdom,K02000001,2020-05-27,35670,34659,,12685,83014,1567647,1426186,,165828,3159661
overview,United Kingdom,K02000001,2020-05-26,29708,34057,,14334,78099,1531977,1391527,,153141,3076645
overview,United Kingdom,K02000001,2020-05-25,26780,42601,,9097,78478,1502093,1357470,,138807,2998370
overview,United Kingdom,K02000001,2020-05-24,27475,24369,,7789,59633,1475312,1247364,,127256,2849932
overview,United Kingdom,K02000001,2020-05-23,32230,47672,,12410,92312,1447834,1222995,,119467,2790296
overview,United Kingdom,K02000001,2020-05-22,35915,48145,,8083,92143,1415607,1175323,,107057,2697987
overview,United Kingdom,K02000001,2020-05-21,37728,55670,,14521,107919,1379691,1127178,,98974,2605843
overview,United Kingdom,K02000001,2020-05-20,38296,43107,,6416,87819,1341954,1071508,,84453,2497915
overview,United Kingdom,K02000001,2020-05-19,35196,44457,,8473,88126,1303659,1028401,,78037,2410097
overview,United Kingdom,K02000001,2020-05-18,28835,34193,,9504,72532,1273612,987076,,69564,2330252
overview,United Kingdom,K02000001,2020-05-17,24746,50544,,6851,82141,1244725,952883,,60060,2257668
overview,United Kingdom,K02000001,2020-05-16,31549,56713,,5091,93353,1219979,902339,,53209,2175527
overview,United Kingdom,K02000001,2020-05-15,37324,50722,,5888,93934,1188430,845626,,48118,2082174
overview,United Kingdom,K02000001,2020-05-14,32207,49388,,3571,85166,1151107,794904,,40182,1986193
overview,United Kingdom,K02000001,2020-05-13,31828,48885,,2759,83472,1118887,745516,,36611,1901014
overview,United Kingdom,K02000001,2020-05-12,32077,40291,,2491,74859,1086365,696631,,33852,1816848
overview,United Kingdom,K02000001,2020-05-11,25462,41654,,3244,70360,1054288,656340,,31361,1741989
overview,United Kingdom,K02000001,2020-05-10,26327,47214,,3401,76942,1028743,614686,,28117,1671546
overview,United Kingdom,K02000001,2020-05-09,28412,46174,,2616,77202,1002416,567472,,24716,1594604
overview,United Kingdom,K02000001,2020-05-08,32492,42344,,3056,77892,974004,521298,,22100,1517402
overview,United Kingdom,K02000001,2020-05-07,33588,43153,,2171,78912,941508,478954,,19044,1439506
overview,United Kingdom,K02000001,2020-05-06,32667,40610,,1484,74761,907921,435801,,16873,1360595
overview,United Kingdom,K02000001,2020-05-05,32350,33453,,1641,67444,875253,392801,,15389,1283443
overview,United Kingdom,K02000001,2020-05-04,26866,44898,,1304,73068,842903,359348,,18513,1220764
overview,United Kingdom,K02000001,2020-05-03,25867,42336,,614,68817,814140,314450,,12136,1140726
overview,United Kingdom,K02000001,2020-05-02,28052,35507,,0,63559,788273,272114,,11522,1071909
overview,United Kingdom,K02000001,2020-05-01,39095,35047,,751,74893,760219,236607,,11522,1008348
overview,United Kingdom,K02000001,2020-04-30,39753,43390,,1072,84215,721124,201560,,10771,933455
overview,United Kingdom,K02000001,2020-04-29,32150,33493,,1150,66793,681371,158226,,9699,849296
overview,United Kingdom,K02000001,2020-04-28,23648,21615,,242,45505,647084,124733,,8549,780366
overview,United Kingdom,K02000001,2020-04-27,16440,15013,,1834,33287,623435,103118,,8307,734860
overview,United Kingdom,K02000001,2020-04-26,17968,13642,,0,31610,606882,88105,,6473,701460
overview,United Kingdom,K02000001,2020-04-25,17939,11119,,0,29058,588914,74463,,6473,669850
overview,United Kingdom,K02000001,2020-04-24,21981,6244,,535,28760,570975,63344,,6473,640792
overview,United Kingdom,K02000001,2020-04-23,20365,7659,,508,28532,548993,57100,,5938,612031
overview,United Kingdom,K02000001,2020-04-22,20088,2985,,487,23560,528625,49441,,5430,583496
overview,United Kingdom,K02000001,2020-04-21,20063,2700,,51,22814,508536,46456,,4943,559935
overview,United Kingdom,K02000001,2020-04-20,14908,2457,,605,17970,488473,43756,,4892,537121
overview,United Kingdom,K02000001,2020-04-19,13460,5856,,0,19316,455793,41299,,4287,501379
overview,United Kingdom,K02000001,2020-04-18,16460,4789,,377,21626,442333,35443,,4287,482063
overview,United Kingdom,K02000001,2020-04-17,17308,3773,,308,21389,425873,30654,,3910,460437
overview,United Kingdom,K02000001,2020-04-16,17763,3143,,422,21328,408508,26881,,3602,438991
overview,United Kingdom,K02000001,2020-04-15,16166,2323,,176,18665,390731,23738,,3180,417649
overview,United Kingdom,K02000001,2020-04-14,13950,2041,,3,15994,374497,21415,,3004,398916
overview,United Kingdom,K02000001,2020-04-13,12081,2486,,415,14982,360275,19374,,3001,382650
overview,United Kingdom,K02000001,2020-04-12,12017,2489,,0,14506,348193,16888,,2586,367667
overview,United Kingdom,K02000001,2020-04-11,15020,2630,,350,18000,336176,14399,,2399,352974
overview,United Kingdom,K02000001,2020-04-10,15892,1845,,354,18091,321156,11769,,2049,334974
overview,United Kingdom,K02000001,2020-04-09,17188,1655,,273,19116,305217,9924,,1695,316836
overview,United Kingdom,K02000001,2020-04-08,15194,1249,,0,16443,288119,8628,,1422,298169
overview,United Kingdom,K02000001,2020-04-07,13266,1153,,4,14423,272925,7379,,1422,281726
overview,United Kingdom,K02000001,2020-04-06,12858,826,,91,13775,259659,6226,,1418,267303
overview,United Kingdom,K02000001,2020-04-05,11663,1070,,505,13238,246169,5400,,1327,252896
overview,United Kingdom,K02000001,2020-04-04,15103,796,,181,16080,234506,4330,,822,239658
overview,United Kingdom,K02000001,2020-04-03,13616,677,,336,14629,219403,3534,,641,223578
overview,United Kingdom,K02000001,2020-04-02,12854,603,,166,13623,179190,2857,,305,182352
overview,United Kingdom,K02000001,2020-04-01,11256,668,,23,11947,164844,2254,,139,167237
overview,United Kingdom,K02000001,2020-03-31,11267,629,,,11896,153588,1586,,,155174
