#REF!,,,,,,,,,,,,,,
,,,,,,,,,,,,,,
,Pre-existing condition,Number of COVID-19 deaths,Proportion of all COVID-19 deaths,,,,,,,,,,,
,,,,,,,,,,,,,,
Males under 65,none, 113 ,15%,,,,,,,,,,,
,Influenza and pneumonia, 59 ,8%,,,,,,,,,,,
,Cirrhosis and other disease of liver, 67 ,9%,,,,,,,,,,,
,Chronic lower respiratory diseases, 77 ,10%,,,,,,,,,,,
,Ischaemic heart diseases, 90 ,12%,,,,,,,,,,,
,Diabetes, 98 ,13%,,,,,,,,,,,
,Total Deaths, 756 ,,,,,,,,,,,,
,,,,,,,,,,,,,,
Males 65+,none, 280 ,6%,,,,,,,,,,,
,Influenza and pneumonia, 328 ,7%,,,,,,,,,,,
,Cerebrovascular disease, 356 ,8%,,,,,,,,,,,
,Chronic lower respiratory diseases, 460 ,10%,,,,,,,,,,,
,Ischaemic heart diseases, 944 ,20%,,,,,,,,,,,
,Dementia and Alzheimer Disease, 988 ,21%,,,,,,,,,,,
,Total Deaths," 4,686 ",,,,,,,,,,,,
,,,,,,,,,,,,,,
Females under 65,none, 60 ,12%,,,,,,,,,,,
,Cirrhosis and other disease of liver, 31 ,6%,,,,,,,,,,,
,Influenza and pneumonia, 37 ,8%,,,,,,,,,,,
,Diabetes, 48 ,10%,,,,,,,,,,,
,Ischaemic heart diseases, 49 ,10%,,,,,,,,,,,
,Chronic lower respiratory diseases, 103 ,21%,,,,,,,,,,,
,Total Deaths, 493 ,,,,,,,,,,,,
,,,,,,,,,,,,,,
Females 65+,none, 279 ,6%,,,,,,,,,,,
,Cerebrovascular disease, 302 ,6%,,,,,,,,,,,
,Influenza and pneumonia, 349 ,7%,,,,,,,,,,,
,Ischaemic heart diseases, 382 ,8%,,,,,,,,,,,
,Chronic lower respiratory diseases, 597 ,13%,,,,,,,,,,,
,Dementia and Alzheimer Disease," 1,577 ",34%,,,,,,,,,,,
,Total Deaths," 4,674 ",,,,,,,,,,,,
,,,,,,,,,,,,,,
Note:,,,,,,,,,,,,,,
Further information on pre-existing conditions can be found in the publication.,,,,,,,,,,,,,,
#REF!,,,,,,,,,,,,,,
,,,,,,,,,,,,,,
2) The rows for conditions do not sum to the total number of deaths because only the most common 5 conditions are listed here.,,,,,,,,,,,,,,
,,,,,,,,,,,,,,
� Crown Copyright 2021,,,,,,,,,,,,,,
,,,,,,,,,,,,,,
#REF!,,,,,,,,,,,,,,
,,,,,,,,,,,,,,
,,,,,,,,,,,,,,
,,,,,,,,,,,,,,
,,,,,,,,,,,,,,
,,,,,,,,,,,,,,
,,,,,,,,,,,,,,
,,,,,,,,,,,,,,
