#REF!,,,,,,,,,,,,,,
,,,,,,,,,,,,,,
,,,,,,,,,,,,,,
Cause of death,Quintile,Persons,,,,Males,,,,Females,,,,
,,Deaths,Rate,Lower CI,Upper CI,Deaths,Rate,Lower CI,Upper CI,Deaths,Rate,Lower CI,Upper CI,
All causes,1 (most deprived),"19,255",2140.2,2111.5,2168.9,"9,798",2535.0,2486.7,2583.3,"9,457",1816.1,1781.3,1850.9,
,2,"17,545",1729.7,1705.6,1753.8,"8,887",2090.7,2049.5,2131.8,"8,658",1454.0,1425.0,1483.1,
,3,"16,222",1473.1,1451.9,1494.4,"8,201",1740.2,1704.6,1775.7,"8,021",1260.8,1234.7,1286.9,
,4,"14,446",1291.3,1271.7,1311.1,"7,275",1531.4,1498.2,1564.5,"7,171",1106.7,1082.5,1130.9,
,5 (least deprived),"12,552",1125.7,1107.3,1144.2,"6,043",1307.4,1276.5,1338.4,"6,509",987.0,964.4,1009.6,
COVID-19,1 (most deprived),"2,786",317.0,305.3,328.7,"1,391",383.7,363.2,404.2,"1,395",267.0,253.0,280.9,
,2,"2,271",225.8,216.5,235.0,"1,167",289.9,273.0,306.9,"1,104",183.2,172.4,194.0,
,3,"1,859",168.9,161.3,176.6,964,207.5,194.2,220.8,895,138.8,129.8,147.9,
,4,"1,729",155.4,148.1,162.7,877,190.7,177.8,203.6,852,130.4,121.7,139.1,
,5 (least deprived),"1,481",133.2,126.4,139.9,751,166.2,154.2,178.3,730,108.4,110.6,116.3,
,,,,,,,,,,,,,,
Footnotes,,,,,,,,,,,,,,
"1) Age-standardised mortality rates are presented per 100,000 people and standardised to the 2013 European Standard Population. Age-standardised mortality rates allow for differences in the age structure of populations and therefore allow valid comparisons to be made between geographical areas, the sexes and over time. ",,,,,,,,,,,,,,
,,,,,,,,,,,,,,
"2) The lower and upper 95% confidence limits have been provided. These form a confidence interval, which is a measure of the statistical precision of an estimate and shows the range of uncertainty around the estimated figure. Calculations based on small numbers of events are often subject to random fluctuations. As a general rule, if the confidence interval around one figure overlaps with the interval around another, we cannot say with certainty that there is more than a chance difference between the two figures.",,,,,,,,,,,,,,
,,,,,,,,,,,,,,
,,,,,,,,,,,,,,
"3) Rates have been calculated using 2019 mid-year population estimates, the most up-to-date estimates for quintiles that were available when this table was published.  Populations have been adjusted proportionately to account for the fact that the period of deaths being measured is greater than one year.",,,,,,,,,,,,,,
,,,,,,,,,,,,,,
"4) Cause of death was defined using the International Classification of Diseases, Tenth Revision (ICD-10) codes U07.1 and U07.2. Figures include deaths where coronavirus (COVID-19) was the underlying cause or was mentioned on the death certificate as a contributory factor. ",,,,,,,,,,,,,,
,,,,,,,,,,,,,,
"5) Deprivation quintiles are based on the Scottish Index of Multiple Deprivation, version 2020 (SIMD 2020) which is the official measure of relative deprivation for small areas in Scotland. It is designed to identify those small areas where there are the highest concentrations of several different types of deprivation. SIMD quintiles range from 1 to 5, with 1 being the most deprived and 5 being the least deprived. ",,,,,,,,,,,,,,
,,,,,,,,,,,,,,
6) More information about SIMD can be found at:,,,,,,,,,,,,,,
Scottish Government Website,,,,,,,,,,,,,,
Scottish Index of Multiple Deprivation,,,,,,,,,,,,,,
#REF!,,,,,,,,,,,,,,
,,,,,,,,,,,,,,
,,,,,,,,,,,,,,
� Crown Copyright 2021,,,,,,,,,,,,,,
,,,,,,,,,,,,,,
,,,,,,,,,,,,,,
,,,,,,,,,,,,,,
,,,,,,,,,,,,,,
,,,,,,,,,,,,,,
,,,,,,,,,,,,,,
,,,,,,,,,,,,,,
,,,,,,,,,,,,,,
,,,,,,,,,,,,,,
,,,,,,,,,,,,,,
