#REF!,,,,,,,,,,,,,,,
,,,,,,,,,,,,,,,
,,,,,,,,,,,,,,,
,Deaths involving COVID-195,,,,,All deaths,,,,,,,,,
,Number of deaths,"Age-standardised rate per 100,000 population4",Lower confidence limit3,Upper Confidence limit3,,Number of deaths,"Age-standardised rate per 100,000 population4",Lower confidence limit3,Upper Confidence limit3,,,,,,
,,,,,,,,,,,,,,,
,,,,,,,,,,,,,,,
,,,,,,,,,,,,,,,
,,,,,,,,,,,,,,,
,,,,,,,,,,,,,,,
SOC Major Group6,,,,,,,,,,,,,,,
"1 - Managers, Directors and Senior Officials", 68 ,23.9,17.9,29.8,, 682 ,228.8,210.7,247.0,,,,,,
2 - Professional Occupations, 40 ,6.6,4.4,8.7,, 694 ,114.6,105.7,123.5,,,,,,
3 - Associate Professional and Technical Occupations, 50 ,15.9,11.2,20.6,, 637 ,188,172.4,203.6,,,,,,
4 - Administrative and Secretarial Occupations, 55 ,19.7,14.4,25.0,, 614 ,212.1,195.1,229.2,,,,,,
5 - Skilled Trades Occupations, 105 ,31.4,25.4,37.5,," 1,800 ",543.4,518.2,568.6,,,,,,
"6 - Caring, Leisure and Other Service Occupations", 92 ,32.1,25.5,38.7,, 930 ,319.2,298.5,339.9,,,,,,
7 - Sales and Customer Service Occupations, 47 ,29.1,20.6,37.5,, 578 ,330.2,302.6,357.8,,,,,,
"8 - Process, Plant and Machine Operatives", 130 ,61.2,50.6,71.9,," 1,274 ",614,579.9,648.1,,,,,,
9 - Elementary Occupations, 110 ,38.0,30.8,45.3,," 1,602 ",556.4,528.8,584.0,,,,,,
,,,,,,,,,,,,,,,
SOC Sub-Major Group6,,,,,,,,,,,,,,,
11 - Corporate Managers and Directors, 37 ,18.0,11.7,24.2,, 384 ,184.4,164.6,204.2,,,,,,
12 - Other Managers and Proprietors, 31 ,34.6,22.2,47.0,, 298 ,326.4,287.9,364.9,,,,,,
"21 - Science, Research, Engineering and Technology Professionals", 8 ,.,.,.,, 171 ,125.2,105.6,144.9,,,,,,
22 - Health Professionals, 10 ,5.6,1.9,9.3,, 177 ,116.4,98.0,134.9,,,,,,
23 - Teaching and Educational Professionals, 9 ,.,.,.,, 167 ,119.5,100.3,138.6,,,,,,
"24 - Business, Media and Public Service Professionals", 13 ,7.7,3.4,11.9,, 179 ,104.0,88.3,119.7,,,,,,
"31 - Science, Engineering and Technology Associate Professionals", 8 ,.,.,.,, 84 ,159.5,124.9,194.1,,,,,,
32 - Health and Social Care Associate Professionals, 6 ,.,.,.,, 81 ,164.4,126.4,202.4,,,,,,
33 - Protective Service Occupations, 7 ,.,.,.,, 67 ,273.2,194.5,352.0,,,,,,
"34 - Culture, Media and Sports Occupations", 12 ,30.9,12.7,49.1,, 138 ,343.8,282.9,404.6,,,,,,
35 - Business and Public Service Associate Professionals, 17 ,11.8,5.7,17.9,, 267 ,165.4,143.8,187.1,,,,,,
41 - Administrative Occupations, 47 ,22.6,15.9,29.2,, 501 ,230.4,209.7,251.1,,,,,,
42 - Secretarial and Related Occupations, 8 ,.,.,.,, 113 ,186.9,149.2,224.6,,,,,,
51 - Skilled Agricultural and Related Trades, 13 ,27.1,12.4,41.8,, 236 ,577.1,501.5,652.7,,,,,,
"52 - Skilled Metal, Electrical and Electronic Trades", 29 ,27.8,17.6,38.0,, 510 ,493.1,449.9,536.4,,,,,,
53 - Skilled Construction and Building Trades, 31 ,46.6,29.9,63.3,, 654 ,595.8,550.2,641.4,,,,,,
"54 - Textiles, Printing and Other Skilled Trades", 32 ,46.6,29.9,63.3,, 400 ,572.5,514.6,630.4,,,,,,
61 - Caring Personal Service Occupations, 74 ,31.8,24.5,39.1,, 718 ,305.0,282.5,327.5,,,,,,
"62 - Leisure, Travel and Related Personal Service Occupations", 18 ,32.9,17.5,48.3,, 212 ,374.3,323.3,425.5,,,,,,
71 - Sales Occupations, 35 ,31.0,20.6,41.5,, 443 ,367.1,332.1,402.1,,,,,,
72 - Customer Service Occupations, 12 ,25.1,10.7,39.5,, 135 ,255.3,210.8,299.8,,,,,,
"81 - Process, Plant and Machine Operatives", 48 ,68.5,49.0,88.0,, 587 ,831.3,763.6,899.0,,,,,,
82 - Transport and Mobile Machine Drivers and Operatives, 82 ,58.5,45.7,71.4,, 687 ,508.2,468.9,547.4,,,,,,
91 - Elementary Trades and Related Occupations, 27 ,59.6,36.8,82.5,, 503 ,1066.8,972.8,1160.8,,,,,,
92 - Elementary Administration and Service Occupations, 83 ,34.2,26.8,41.7,," 1,099 ",456.2,428.8,483.5,,,,,,
,,,,,,,,,,,,,,,
Health care worker7, 29 ,12.9,7.9,17.9,, 341 ,147.1,130.6,163.6,,,,,,
,,,,,,,,,,,,,,,
Social care worker7, 63 ,41.1,30.9,51.4,, 563 ,368.9,338.1,399.6,,,,,,
,,,,,,,,,,,,,,,
All occupations, 697 ,25.2,23.3,27.1,," 8,811 ",306.3,299.8,312.8,,,,,,
,,,,,,,,,,,,,,,
Footnotes,,,,,,,,,,,,,,,
"1) Age-standardised mortality rates are presented per 100,000 people and standardised to the 2013 European Standard Population.  ",,,,,,,,,,,,,,,
2) Includes people aged 20-64 years who were not retired at the time of death and for whom a valid ocupation was provided at the time of death certification.,,,,,,,,,,,,,,,
"3) The lower and upper confidence limits have been provided. These form a confidence interval, which is a measure of the statistical precision of an estimate and shows the range of uncertainty around the estimated figure. Calculations based on small numbers of events are often subject to random fluctuations. As a general rule, if the confidence interval around one figure overlaps with the interval around another, we cannot say with certainty that there is more than a chance difference between the two figures.",,,,,,,,,,,,,,,
,,,,,,,,,,,,,,,
4) Rates are not calculated when numbers of deaths are below 10,,,,,,,,,,,,,,,
"5) All deaths where COVID-19 is mentioned on the death cate, whether as the underlying cause or a contributory cause.",,,,,,,,,,,,,,,
6) Occupations defined using the Standard Occupation Classification (SOC 2010). Definitions of all groups and individual occupations can be found on the ONS Website.,,,,,,,,,,,,,,,
7) These categories were created by ONS by combining specified 4 digit SOC codes.  More information on the codes used to create these groupings is available on the ONS Website.,,,,,,,,,,,,,,,
8) Populations by occupation group for calculation of rates were taken from the Annual Population Survey.  Populations have been adjusted proportionately to account for the fact that the period of deaths measured is greater than one year.,,,,,,,,,,,,,,,
,,,,,,,,,,,,,,,
,,,,,,,,,,,,,,,
� Crown Copyright 2021,,,,,,,,,,,,,,,
,,,,,,,,,,,,,,,
,,,,,,,,,,,,,,,
,,,,,,,,,,,,,,,
,,,,,,,,,,,,,,,
,,,,,,,,,,,,,,,
,,,,,,,,,,,,,,,
,,,,,,,,,,,,,,,
,,,,,,,,,,,,,,,
,,,,,,,,,,,,,,,
,,,,,,,,,,,,,,,
,,,,,,,,,,,,,,,
,,,,,,,,,,,,,,,
,,,,,,,,,,,,,,,
,,,,,,,,,,,,,,,
,,,,,,,,,,,,,,,
,,,,,,,,,,,,,,,
,,,,,,,,,,,,,,,
,,,,,,,,,,,,,,,
,,,,,,,,,,,,,,,
,,,,,,,,,,,,,,,
,,,,,,,,,,,,,,,
,,,,,,,,,,,,,,,
,,,,,,,,,,,,,,,
,,,,,,,,,,,,,,,
,,,,,,,,,,,,,,,
,,,,,,,,,,,,,,,
,,,,,,,,,,,,,,,
,,,,,,,,,,,,,,,
,,,,,,,,,,,,,,,
,,,,,,,,,,,,,,,
,,,,,,,,,,,,,,,
