#REF!,,,,,,,,,,,,
,,,,,,,,,,,,
Month,Pre-existing condition,Number of COVID-19 deaths,Proportion of all COVID-19 deaths,,,,,,,,,
,,,,,,,,,,,,
March,none, 26 ,9%,,,,,,,,,
,Diabetes, 20 ,7%,,,,,,,,,
,Influenza and pneumonia, 21 ,7%,,,,,,,,,
,Dementia and Alzheimer's Disease, 30 ,10%,,,,,,,,,
,Ischaemic heart diseases, 51 ,17%,,,,,,,,,
,Chronic lower respiratory diseases, 53 ,18%,,,,,,,,,
,Total Deaths, 297 ,,,,,,,,,,
April,none, 216 ,9%,,,,,,,,,
,Diseases of the urinary system, 110 ,4%,,,,,,,,,
,Cerebrovascular disease, 152 ,6%,,,,,,,,,
,Chronic lower respiratory diseases, 279 ,11%,,,,,,,,,
,Ischaemic heart diseases, 317 ,13%,,,,,,,,,
,Dementia and Alzheimer's Disease, 782 ,31%,,,,,,,,,
,Total Deaths," 2,506 ",,,,,,,,,,
May,none, 88 ,7%,,,,,,,,,
,"Symptoms, signs and ill-defined conditions", 55 ,5%,,,,,,,,,
,Cerebrovascular disease, 65 ,6%,,,,,,,,,
,Chronic lower respiratory diseases, 89 ,8%,,,,,,,,,
,Ischaemic heart diseases, 134 ,11%,,,,,,,,,
,Dementia and Alzheimer's Disease, 442 ,38%,,,,,,,,,
,Total Deaths," 1,175 ",,,,,,,,,,
June,none, 14 ,7%,,,,,,,,,
,Influenza and pneumonia, 11 ,6%,,,,,,,,,
,Cerebrovascular disease, 12 ,6%,,,,,,,,,
,Chronic lower respiratory diseases, 18 ,9%,,,,,,,,,
,Ischaemic heart diseases, 25 ,13%,,,,,,,,,
,Dementia and Alzheimer's Disease, 56 ,28%,,,,,,,,,
,Total Deaths, 197 ,,,,,,,,,,
July,none, 1 ,3%,,,,,,,,,
,Diseases of the musculoskeletal system and connective tissue, 2 ,5%,,,,,,,,,
,Cerebrovascular disease, 3 ,8%,,,,,,,,,
,Chronic lower respiratory diseases, 4 ,11%,,,,,,,,,
,Dementia and Alzheimer's Disease, 9 ,24%,,,,,,,,,
,Ischaemic heart diseases, 10 ,27%,,,,,,,,,
,Total Deaths, 37 ,,,,,,,,,,
August,none, 1 ,3%,,,,,,,,,
,Chronic lower respiratory diseases, 2 ,5%,,,,,,,,,
,Influenza and pneumonia, 2 ,5%,,,,,,,,,
,Cerebrovascular disease, 2 ,5%,,,,,,,,,
,Ischaemic heart diseases, 3 ,8%,,,,,,,,,
,Dementia and Alzheimer's Disease, 7 ,19%,,,,,,,,,
,Total Deaths, 19 ,,,,,,,,,,
September,none, 4 ,9%,,,,,,,,,
,"Symptoms, signs and ill-defined conditions", 3 ,7%,,,,,,,,,
,Diabetes, 3 ,7%,,,,,,,,,
,Chronic lower respiratory diseases, 5 ,11%,,,,,,,,,
,Ischaemic heart diseases, 7 ,16%,,,,,,,,,
,Dementia and Alzheimer's Disease, 10 ,23%,,,,,,,,,
,Total Deaths, 44 ,,,,,,,,,,
October,none, 29 ,6%,,,,,,,,,
,Diabetes, 32 ,7%,,,,,,,,,
,Cerebrovascular disease, 38 ,8%,,,,,,,,,
,Chronic lower respiratory diseases, 69 ,14%,,,,,,,,,
,Ischaemic heart diseases, 69 ,14%,,,,,,,,,
,Dementia and Alzheimer's Disease, 92 ,19%,,,,,,,,,
,Total Deaths, 487 ,,,,,,,,,,
November,none, 42 ,4%,,,,,,,,,
,Cerebrovascular disease, 82 ,8%,,,,,,,,,
,Influenza and pneumonia, 92 ,9%,,,,,,,,,
,Chronic lower respiratory diseases, 127 ,12%,,,,,,,,,
,Ischaemic heart diseases, 181 ,17%,,,,,,,,,
,Dementia and Alzheimer's Disease, 225 ,21%,,,,,,,,,
,Total Deaths," 1,076 ",,,,,,,,,,
December,none, 47 ,5%,,,,,,,,,
,Cerebrovascular disease, 63 ,6%,,,,,,,,,
,Chronic lower respiratory diseases, 96 ,9%,,,,,,,,,
,Influenza and pneumonia, 107 ,11%,,,,,,,,,
,Ischaemic heart diseases, 155 ,15%,,,,,,,,,
,Dementia and Alzheimer's Disease, 268 ,26%,,,,,,,,,
,Total Deaths," 1,014 ",,,,,,,,,,
,none, 130 ,7%,,,,,,,,,
,Cerebrovascular disease, 127 ,7%,,,,,,,,,
,Influenza and pneumonia, 168 ,10%,,,,,,,,,
January,Ischaemic heart diseases, 213 ,12%,,,,,,,,,
,Chronic lower respiratory diseases, 221 ,13%,,,,,,,,,
,Dementia and Alzheimer's Disease, 374 ,21%,,,,,,,,,
,Total Deaths," 1,766 ",,,,,,,,,,
,none, 60 ,6%,,,,,,,,,
,Cerebrovascular disease, 87 ,8%,,,,,,,,,
,Chronic lower respiratory diseases, 147 ,14%,,,,,,,,,
February,Influenza and pneumonia, 148 ,14%,,,,,,,,,
,Dementia and Alzheimer's Disease, 159 ,15%,,,,,,,,,
,Ischaemic heart diseases, 169 ,16%,,,,,,,,,
,Total Deaths," 1,065 ",,,,,,,,,,
,none, 24 ,7%,,,,,,,,,
,Cerebrovascular disease, 26 ,8%,,,,,,,,,
,Chronic lower respiratory diseases, 38 ,12%,,,,,,,,,
March ,Dementia and Alzheimer's Disease, 43 ,13%,,,,,,,,,
,Ischaemic heart diseases, 43 ,13%,,,,,,,,,
,Influenza and pneumonia, 48 ,15%,,,,,,,,,
,Total Deaths, 323 ,,,,,,,,,,
April,none, 6 ,7%,,,,,,,,,
,Influenza and pneumonia, 9 ,10%,,,,,,,,,
,Cerebrovascular disease, 10 ,11%,,,,,,,,,
,Ischaemic heart diseases, 11 ,12%,,,,,,,,,
,Chronic lower respiratory diseases, 13 ,14%,,,,,,,,,
,Dementia and Alzheimer Disease, 14 ,15%,,,,,,,,,
,Total Deaths, 91 ,,,,,,,,,,
May,none, 3 ,11%,,,,,,,,,
,Influenza and pneumonia, 2 ,7%,,,,,,,,,
,Chronic lower respiratory diseases, 3 ,11%,,,,,,,,,
,Dementia and Alzheimer Disease, 3 ,11%,,,,,,,,,
,Diabetes, 3 ,11%,,,,,,,,,
,Ischaemic heart diseases, 8 ,29%,,,,,,,,,
,Total Deaths, 28 ,,,,,,,,,,
Mar 20 - May 21 combined,none, 691 ,7%,,,,,,,,,
,Cerebrovascular disease, 686 ,7%,,,,,,,,,
,Influenza and pneumonia, 740 ,7%,,,,,,,,,
,Chronic lower respiratory diseases," 1,164 ",11%,,,,,,,,,
,Ischaemic heart diseases," 1,397 ",14%,,,,,,,,,
,Dementia and Alzheimer's Disease," 2,514 ",25%,,,,,,,,,
,Total Deaths," 10,126 ",,,,,,,,,,
,,,,,,,,,,,,
Note:,,,,,,,,,,,,
Further information on pre-existing conditions can be found in the publication.,,,,,,,,,,,,
#REF!,,,,,,,,,,,,
,,,,,,,,,,,,
2) The rows for conditions do not sum to the total number of deaths because only the most common 5 conditions are listed here.,,,,,,,,,,,,
,,,,,,,,,,,,
� Crown Copyright 2021,,,,,,,,,,,,
,,,,,,,,,,,,
#REF!,,,,,,,,,,,,
,,,,,,,,,,,,
,,,,,,,,,,,,
,,,,,,,,,,,,
,,,,,,,,,,,,
,,,,,,,,,,,,
,,,,,,,,,,,,
,,,,,,,,,,,,
