#REF!,,,,,,,,,,,,,,
,,,,,,,,,,,,,,
,Pre-existing condition,Number of COVID-19 deaths,Proportion of all COVID-19 deaths,,,,,,,,,,,
,,,,,,,,,,,,,,
Males under 65,none, 100 ,15%,,,,,,,,,,,
,Influenza and pneumonia, 56 ,8%,,,,,,,,,,,
,Cirrhosis and other disease of liver, 60 ,9%,,,,,,,,,,,
,Chronic lower respiratory diseases, 69 ,10%,,,,,,,,,,,
,Ischaemic heart diseases, 84 ,12%,,,,,,,,,,,
,Diabetes, 91 ,13%,,,,,,,,,,,
,Total Deaths, 688 ,,,,,,,,,,,,
,,,,,,,,,,,,,,
Males 65+,none, 268 ,6%,,,,,,,,,,,
,Influenza and pneumonia, 314 ,7%,,,,,,,,,,,
,Cerebrovascular disease, 347 ,8%,,,,,,,,,,,
,Chronic lower respiratory diseases, 421 ,9%,,,,,,,,,,,
,Ischaemic heart diseases, 899 ,20%,,,,,,,,,,,
,Dementia and Alzheimer's Disease, 960 ,22%,,,,,,,,,,,
,Total Deaths," 4,454 ",,,,,,,,,,,,
,,,,,,,,,,,,,,
Females under 65,none, 52 ,12%,,,,,,,,,,,
,Cirrhosis and other disease of liver, 28 ,6%,,,,,,,,,,,
,Influenza and pneumonia, 35 ,8%,,,,,,,,,,,
,Diabetes, 44 ,10%,,,,,,,,,,,
,Ischaemic heart diseases, 46 ,10%,,,,,,,,,,,
,Chronic lower respiratory diseases, 95 ,21%,,,,,,,,,,,
,Total Deaths, 445 ,,,,,,,,,,,,
,,,,,,,,,,,,,,
Females 65+,none, 271 ,6%,,,,,,,,,,,
,Cerebrovascular disease, 291 ,6%,,,,,,,,,,,
,Influenza and pneumonia, 335 ,7%,,,,,,,,,,,
,Ischaemic heart diseases, 368 ,8%,,,,,,,,,,,
,Chronic lower respiratory diseases, 579 ,13%,,,,,,,,,,,
,Dementia and Alzheimer's Disease," 1,549 ",34%,,,,,,,,,,,
,Total Deaths," 4,531 ",,,,,,,,,,,,
,,,,,,,,,,,,,,
Note:,,,,,,,,,,,,,,
Further information on pre-existing conditions can be found in the publication.,,,,,,,,,,,,,,
#REF!,,,,,,,,,,,,,,
,,,,,,,,,,,,,,
2) The rows for conditions do not sum to the total number of deaths because only the most common 5 conditions are listed here.,,,,,,,,,,,,,,
,,,,,,,,,,,,,,
� Crown Copyright 2021,,,,,,,,,,,,,,
,,,,,,,,,,,,,,
#REF!,,,,,,,,,,,,,,
,,,,,,,,,,,,,,
,,,,,,,,,,,,,,
,,,,,,,,,,,,,,
,,,,,,,,,,,,,,
,,,,,,,,,,,,,,
,,,,,,,,,,,,,,
,,,,,,,,,,,,,,
