#REF!,,,,,,,,,,,,
,,,,,,,,,,,,
Month,Rank,Cause,ICD codes,Deaths1,Percentage of all deaths,,,,,,,
,,,,,,,,,,,,
March 2020,1,Dementia and Alzheimer Disease,"F01, F03, G30",656,11.6%,11.6,,,,,,
,2,Ischaemic heart diseases,I20-I25,598,10.6%,10.6,,,,,,
,3,Cerebrovascular disease,I60-I69,378,6.7%,6.7,,,,,,
,4,"Malignant neoplasm of trachea, bronchus and lung",C33-C34,365,6.5%,6.5,,,,,,
,5,Chronic lower respiratory diseases,J40-J47,278,4.9%,4.9,,,,,,
April 2020,1,COVID,U07,"2,413",31.4%,31.4,,,,,,
,2,Dementia and Alzheimer Disease,"F01, F03, G30",784,10.2%,10.2,,,,,,
,3,Ischaemic heart diseases,I20-I25,575,7.5%,7.5,,,,,,
,4,Cerebrovascular disease,I60-I69,375,4.9%,4.9,,,,,,
,5,"Malignant neoplasm of trachea, bronchus and lung",C33-C34,331,4.3%,4.3,,,,,,
May 2020,1,COVID,U07,"1,065",18.4%,18.4,,,,,,
,2,Ischaemic heart diseases,I20-I25,561,9.7%,9.7,,,,,,
,3,Dementia and Alzheimer Disease,"F01, F03, G30",501,8.7%,8.7,,,,,,
,4,Cerebrovascular disease,I60-I69,319,5.5%,5.5,,,,,,
,5,"Malignant neoplasm of trachea, bronchus and lung",C33-C34,286,4.9%,4.9,,,,,,
June 2020,1,Ischaemic heart diseases,I20-I25,478,10.8%,10.8,,,,,,
,2,Dementia and Alzheimer Disease,"F01, F03, G30",393,8.8%,8.8,,,,,,
,3,"Malignant neoplasm of trachea, bronchus and lung",C33-C34,287,6.5%,6.5,,,,,,
,4,Cerebrovascular disease,I60-I69,277,6.2%,6.2,,,,,,
,5,Chronic lower respiratory diseases,J40-J47,205,4.6%,4.6,,,,,,
July 2020,1,Ischaemic heart diseases,I20-I25,531,11.8%,11.8,,,,,,
,2,Dementia and Alzheimer Disease,"F01, F03, G30",416,9.2%,9.2,,,,,,
,3,Cerebrovascular disease,I60-I69,315,7.0%,7,,,,,,
,4,"Malignant neoplasm of trachea, bronchus and lung",C33-C34,313,7.0%,7,,,,,,
,5,Chronic lower respiratory diseases,J40-J47,162,3.6%,3.6,,,,,,
August 2020,1,Ischaemic heart diseases,I20-I25,504,11.4%,11.4,,,,,,
,2,Dementia and Alzheimer Disease,"F01, F03, G30",415,9.4%,9.4,,,,,,
,3,"Malignant neoplasm of trachea, bronchus and lung",C33-C34,326,7.4%,7.4,,,,,,
,4,Cerebrovascular disease,I60-I69,273,6.2%,6.2,,,,,,
,5,Chronic lower respiratory diseases,J40-J47,191,4.3%,4.3,,,,,,
September 2020,1,Ischaemic heart diseases,I20-I25,508,11.3%,11.3,,,,,,
,2,Dementia and Alzheimer Disease,"F01, F03, G30",440,9.8%,9.8,,,,,,
,3,"Malignant neoplasm of trachea, bronchus and lung",C33-C34,320,7.1%,7.1,,,,,,
,4,Cerebrovascular disease,I60-I69,307,6.8%,6.8,,,,,,
,5,Chronic lower respiratory diseases,J40-J47,215,4.8%,4.8,,,,,,
October 2020,1,Ischaemic heart diseases,I20-I25,574,11.0%,11,,,,,,
,2,Dementia and Alzheimer Disease,"F01, F03, G30",497,9.5%,9.5,,,,,,
,3,COVID,U07,440,8.5%,8.5,,,,,,
,4,Cerebrovascular disease,I60-I69,329,6.3%,6.3,,,,,,
,5,"Malignant neoplasm of trachea, bronchus and lung",C33-C34,316,6.1%,6.1,,,,,,
November 2020,1,COVID,U07,934,16.5%,16.5,,,,,,
,2,Ischaemic heart diseases,I20-I25,566,10.0%,10,,,,,,
,3,Dementia and Alzheimer Disease,"F01, F03, G30",503,8.9%,8.9,,,,,,
,4,Cerebrovascular disease,I60-I69,309,5.5%,5.5,,,,,,
,5,"Malignant neoplasm of trachea, bronchus and lung",C33-C34,295,5.2%,5.2,,,,,,
December 2020,1,COVID,U07,846,13.9%,13.9,,,,,,
,2,Ischaemic heart diseases,I20-I25,642,10.5%,10.5,,,,,,
,3,Dementia and Alzheimer Disease,"F01, F03, G30",519,8.5%,8.5,,,,,,
,4,Cerebrovascular disease,I60-I69,363,6.0%,6,,,,,,
,5,"Malignant neoplasm of trachea, bronchus and lung",C33-C34,358,5.9%,5.9,,,,,,
January 2021,1,COVID,U07,"1,538",23.0%,23,,,,,,
,2,Ischaemic heart diseases,I20-I25,623,9.3%,9.3,,,,,,
,3,Dementia and Alzheimer Disease,"F01, F03, G30",517,7.7%,7.7,,,,,,
,4,Cerebrovascular disease,I60-I69,345,5.2%,5.2,,,,,,
,5,"Malignant neoplasm of trachea, bronchus and lung",C33-C34,338,5.1%,5.1,,,,,,
February 2021,1,COVID,U07,886,16.3%,16.3,,,,,,
,2,Ischaemic heart diseases,I20-I25,552,10.2%,10.2,,,,,,
,3,Dementia and Alzheimer Disease,"F01, F03, G30",484,8.9%,8.9,,,,,,
,4,Cerebrovascular disease,I60-I69,321,5.9%,5.9,,,,,,
,5,"Malignant neoplasm of trachea, bronchus and lung",C33-C34,297,5.5%,5.5,,,,,,
March 2021,1,Ischaemic heart diseases,I20-I25,577,11.7%,11.7,,,,,,
,2,Dementia and Alzheimer Disease,"F01, F03, G30",460,9.3%,9.3,,,,,,
,3,"Malignant neoplasm of trachea, bronchus and lung",C33-C34,342,6.9%,6.9,,,,,,
,4,Cerebrovascular disease,I60-I69,314,6.4%,6.4,,,,,,
,5,"Symptoms, signs and ill-defined conditions",R00-R99,242,4.9%,4.9,,,,,,
April 2021,1,Ischaemic heart diseases,I20-I25,497,11.4%,11.4,,,,,,
,2,Dementia and Alzheimer Disease,"F01, F03, G30",418,9.6%,9.6,,,,,,
,3,"Malignant neoplasm of trachea, bronchus and lung",C33-C34,326,7.5%,7.5,,,,,,
,4,Cerebrovascular disease,I60-I69,279,6.4%,6.4,,,,,,
,5,Chronic lower respiratory diseases,J40-J47,180,4.1%,4.1,,,,,,
May 2021,1,Ischaemic heart diseases,I20-I25,576,12.6%,,,,,,,
,2,Dementia and Alzheimer Disease,"F01, F03, G30",424,9.3%,,,,,,,
,3,"Malignant neoplasm of trachea, bronchus and lung",C33-C34,330,7.2%,,,,,,,
,4,Cerebrovascular disease,I60-I69,276,6.0%,,,,,,,
,5,"Symptoms, signs and ill-defined conditions",R00-R99,191,4.2%,,,,,,,
March 2020 - May 2021 combined,1,COVID,U07,"8,909",11.1%,11.8,,,,,,
,2,Ischaemic heart diseases,I20-I25,"8,411",10.5%,10.3,,,,,,
,3,Dementia and Alzheimer Disease,"F01, F03, G30","7,426",9.3%,9.3,,,,,,
,4,"Malignant neoplasm of trachea, bronchus and lung",C33-C34,"4,834",6.0%,6,,,,,,
,5,Cerebrovascular disease,I60-I69,"4,786",6.0%,6,,,,,,
,,,,,,,,,,,,
Footnote:,,,,,,,,,,,,
1) Numbers are provisional and subject to future revisions,,,,,,,,,,,,
#REF!,,,,,,,,,,,,
,,,,,,,,,,,,
,,,,,,,,,,,,
� Crown Copyright 2021,,,,,,,,,,,,
,,,,,,,,,,,,
#REF!,,,,,,,,,,,,
5,"Symptoms, signs and ill-defined conditions",242,,,,,,,,,,
4,Cerebrovascular disease,314,,,,,,,,,,
3,"Malignant neoplasm of trachea, bronchus and lung",342,,,,,,,,,,
2,Dementia and Alzheimer Disease,460,,,,,,,,,,
1,Ischaemic heart diseases,577,,,,,,,,,,
,,,,,,,,,,,,
5,"Malignant neoplasm of trachea, bronchus and lung",295,,,,,,,,,,
4,Cerebrovascular disease,309,,,,,,,,,,
3,Dementia and Alzheimer Disease,503,,,,,,,,,,
2,Ischaemic heart diseases,566,,,,,,,,,,
1,COVID,934,,,,,,,,,,
,,,,,,,,,,,,
5,"Malignant neoplasm of trachea, bronchus and lung",316,,,,,,,,,,
4,Cerebrovascular disease,329,,,,,,,,,,
3,COVID,440,,,,,,,,,,
2,Dementia and Alzheimer Disease,497,,,,,,,,,,
1,Ischaemic heart diseases,574,,,,,,,,,,
,,,,,,,,,,,,
5,Chronic lower respiratory diseases,215,,,,,,,,,,
4,Cerebrovascular disease,307,,,,,,,,,,
3,"Malignant neoplasm of trachea, bronchus and lung",320,,,,,,,,,,
2,Dementia and Alzheimer Disease,440,,,,,,,,,,
1,Ischaemic heart diseases,508,,,,,,,,,,
,,,,,,,,,,,,
5,Chronic lower respiratory diseases,191,,,,,,,,,,
4,Cerebrovascular disease,273,,,,,,,,,,
3,"Malignant neoplasm of trachea, bronchus and lung",326,,,,,,,,,,
2,Dementia and Alzheimer Disease,415,,,,,,,,,,
1,Ischaemic heart diseases,504,,,,,,,,,,
,,,,,,,,,,,,
5,Chronic lower respiratory diseases,162,,,,,,,,,,
4,"Malignant neoplasm of trachea, bronchus and lung",313,,,,,,,,,,
3,Cerebrovascular disease,315,,,,,,,,,,
2,Dementia and Alzheimer Disease,416,,,,,,,,,,
1,Ischaemic heart diseases,531,,,,,,,,,,
,,,,,,,,,,,,
5,Chronic lower respiratory diseases,205,,,,,,,,,,
4,Cerebrovascular disease,277,,,,,,,,,,
3,"Malignant neoplasm of trachea, bronchus and lung",287,,,,,,,,,,
2,Dementia and Alzheimer Disease,393,,,,,,,,,,
1,Ischaemic heart diseases,478,,,,,,,,,,
,,,,,,,,,,,,
5,"Malignant neoplasm of trachea, bronchus and lung",286,,,,,,,,,,
4,Cerebrovascular disease,319,,,,,,,,,,
3,Dementia and Alzheimer Disease,501,,,,,,,,,,
2,Ischaemic heart diseases,561,,,,,,,,,,
1,COVID,1065,,,,,,,,,,
,,,,,,,,,,,,
5,"Malignant neoplasm of trachea, bronchus and lung",331,,,,,,,,,,
4,Cerebrovascular disease,375,,,,,,,,,,
3,Ischaemic heart diseases,575,,,,,,,,,,
2,Dementia and Alzheimer Disease,784,,,,,,,,,,
1,COVID,2413,,,,,,,,,,
,,,,,,,,,,,,
5,Chronic lower respiratory diseases,278,,,,,,,,,,
4,"Malignant neoplasm of trachea, bronchus and lung",365,,,,,,,,,,
3,Cerebrovascular disease,378,,,,,,,,,,
2,Ischaemic heart diseases,598,,,,,,,,,,
1,Dementia and Alzheimer Disease,656,,,,,,,,,,
,,,,,,,,,,,,
,,,,,,,,,,,,
,,,,,,,,,,,,
,,,,,,,,,,,,
,,,,,,,,,,,,
,,,,,,,,,,,,
,,,,,,,,,,,,
,,,,,,,,,,,,
,,,,,,,,,,,,
,,,,,,,,,,,,
,,,,,,,,,,,,
,,,,,,,,,,,,
,,,,,,,,,,,,
,,,,,,,,,,,,
,,,,,,,,,,,,
,,,,,,,,,,,,
,,,,,,,,,,,,
,,,,,,,,,,,,
,,,,,,,,,,,,
,,,,,,,,,,,,
,,,,,,,,,,,,
,,,,,,,,,,,,
,,,,,,,,,,,,
,,,,,,,,,,,,
,,,,,,,,,,,,
,,,,,,,,,,,,
,,,,,,,,,,,,
,,,,,,,,,,,,
,,,,,,,,,,,,
,,,,,,,,,,,,
,,,,,,,,,,,,
,,,,,,,,,,,,
,,,,,,,,,,,,
,,,,,,,,,,,,
,,,,,,,,,,,,
,,,,,,,,,,,,
,,,,,,,,,,,,
,,,,,,,,,,,,
,,,,,,,,,,,,
,,,,,,,,,,,,
,,,,,,,,,,,,
,,,,,,,,,,,,
,,,,,,,,,,,,
,,,,,,,,,,,,
,,,,,,,,,,,,
,,,,,,,,,,,,
,,,,,,,,,,,,
