"Figure S2: Leading causes of death between 1st March 2020 and 31st July 20201,2",,,,,,,,,,,,,,
,,,,,,,,,,,,,,
Month,Rank,Cause,ICD codes,Deaths1,Percentage of all deaths,,,,,,,,,
,,,,,,,,,,,,,,
March,1,Dementia and Alzheimer's Disease,"F01, F03, G30                                                                        ", 656 ,11.6%,,,,,,,,,
,2,Ischaemic heart diseases,I20-I25                                                                              , 595 ,10.5%,,,,,,,,,
,3,Cerebrovascular disease,I60-I69                                                                              , 379 ,6.7%,,,,,,,,,
,4,"Malignant neoplasm of trachea, bronchus and lung",C33-C34                                                                              , 365 ,6.5%,,,,,,,,,
,5,Chronic lower respiratory diseases,J40-J47                                                                              , 274 ,4.9%,,,,,,,,,
April,1,COVID-19,U07                                                                                  ," 2,410 ",31.3%,,,,,,,,,
,2,Dementia and Alzheimer's Disease,"F01, F03, G30                                                                        ", 784 ,10.2%,,,,,,,,,
,3,Ischaemic heart diseases,I20-I25                                                                              , 577 ,7.5%,,,,,,,,,
,4,Cerebrovascular disease,I60-I69                                                                              , 374 ,4.9%,,,,,,,,,
,5,"Malignant neoplasm of trachea, bronchus and lung",C33-C34                                                                              , 327 ,4.3%,,,,,,,,,
May,1,COVID-19,U07," 1,063 ",18.4%,,,,,,,,,
,2,Ischaemic heart diseases,I20-I25, 549 ,9.5%,,,,,,,,,
,3,Dementia and Alzheimer's Disease,"F01, F03, G30", 500 ,8.7%,,,,,,,,,
,4,Cerebrovascular disease,I60-I69, 319 ,5.5%,,,,,,,,,
,5,"Malignant neoplasm of trachea, bronchus and lung",C33-C34, 284 ,4.9%,,,,,,,,,
June,1,Ischaemic heart diseases,I20-I25, 472 ,10.6%,,,,,,,,,
,2,Dementia and Alzheimer' Disease,"F01, F03, G30", 394 ,8.9%,,,,,,,,,
,3,"Malignant neoplasm of trachea, bronchus and lung",C33-C34, 286 ,6.4%,,,,,,,,,
,4,Cerebrovascular disease,I60-I69, 278 ,6.3%,,,,,,,,,
,5,"Symptoms, signs and ill-defined conditions",R00-R99, 238 ,5.4%,,,,,,,,,
July,1,Ischaemic heart diseases,I20-I25, 509 ,11.6%,,,,,,,,,
,2,Dementia and Alzheimer's Disease,"F01, F03, G30", 416 ,9.5%,,,,,,,,,
,3,Cerebrovascular disease,I60-I69, 313 ,7.1%,,,,,,,,,
,4,"Malignant neoplasm of trachea, bronchus and lung",C33-C34, 312 ,7.1%,,,,,,,,,
,5,"Symptoms, signs and ill-defined conditions",R00-R99, 173 ,3.9%,,,,,,,,,
March - July combined,1,COVID-19,U07," 3,905 ",14.0%,,,,,,,,,
,2,Dementia and Alzheimer's Disease,"F01, F03, G30"," 2,750 ",9.8%,,,,,,,,,
,3,Ischaemic heart diseases,I20-I25," 2,702 ",9.7%,,,,,,,,,
,4,Cerebrovascular disease,I60-I69," 1,663 ",6.0%,,,,,,,,,
,5,"Malignant neoplasm of trachea, bronchus and lung",C33-C34," 1,574 ",5.6%,,,,,,,,,
,,,,,,,,,,,,,,
Footnote:,,,,,,,,,,,,,,
1) Numbers are provisional and subject to future revisions,,,,,,,,,,,,,,
2) Figures are for deaths occurring between 1 March 2020 and 31 July 2020. Figures only include deaths that were registered by 9 August 2020. More information on registration delays can be found on the NRS website:,,,,,,,,,,,,,,
,,,,,,,,,,,,,,
,,,,,,,,,,,,,,
� Crown Copyright 2020,,,,,,,,,,,,,,
,,,,,,,,,,,,,,
,,,,,,,,,,,,,,
5,"Malignant neoplasm of trachea, bronchus and lung",1574,,,,,,,,,,,,
4,Cerebrovascular disease,1663,,,,,,,,,,,,
3,Ischaemic heart diseases,2702,,,,,,,,,,,,
2,Dementia and Alzheimer's Disease,2750,,,,,,,,,,,,
1,COVID-19,3905,,,,,,,,,,,,
,,,,,,,,,,,,,,
5,"Symptoms, signs and ill-defined conditions",173,,,,,,,,,,,,
4,"Malignant neoplasm of trachea, bronchus and lung",312,,,,,,,,,,,,
3,Cerebrovascular disease,313,,,,,,,,,,,,
2,Dementia and Alzheimer's Disease,416,,,,,,,,,,,,
1,Ischaemic heart diseases,509,,,,,,,,,,,,
,,,,,,,,,,,,,,
5,"Symptoms, signs and ill-defined conditions",238,,,,,,,,,,,,
4,Cerebrovascular disease,278,,,,,,,,,,,,
3,"Malignant neoplasm of trachea, bronchus and lung",286,,,,,,,,,,,,
2,Dementia and Alzheimer' Disease,394,,,,,,,,,,,,
1,Ischaemic heart diseases,472,,,,,,,,,,,,
,,,,,,,,,,,,,,
5,"Malignant neoplasm of trachea, bronchus and lung",284,,,,,,,,,,,,
4,Cerebrovascular disease,319,,,,,,,,,,,,
3,Dementia and Alzheimer's Disease,500,,,,,,,,,,,,
2,Ischaemic heart diseases,549,,,,,,,,,,,,
1,COVID-19,1063,,,,,,,,,,,,
,,,,,,,,,,,,,,
5,"Malignant neoplasm of trachea, bronchus and lung",327,,,,,,,,,,,,
4,Cerebrovascular disease,374,,,,,,,,,,,,
3,Ischaemic heart diseases,577,,,,,,,,,,,,
2,Dementia and Alzheimer's Disease,784,,,,,,,,,,,,
1,COVID-19,2410,,,,,,,,,,,,
,,,,,,,,,,,,,,
5,Chronic lower respiratory diseases,274,,,,,,,,,,,,
4,"Malignant neoplasm of trachea, bronchus and lung",365,,,,,,,,,,,,
3,Cerebrovascular disease,379,,,,,,,,,,,,
2,Ischaemic heart diseases,595,,,,,,,,,,,,
1,Dementia and Alzheimer's Disease,656,,,,,,,,,,,,
,,,,,,,,,,,,,,
,,,,,,,,,,,,,,
,,,,,,,,,,,,,,
,,,,,,,,,,,,,,
,,,,,,,,,,,,,,
,,,,,,,,,,,,,,
,,,,,,,,,,,,,,
,,,,,,,,,,,,,,
,,,,,,,,,,,,,,
,,,,,,,,,,,,,,
