#REF!,,,,,,,,,,,,,,
,,,,,,,,,,,,,,
,Pre-existing condition,Number of COVID-19 deaths,Proportion of all COVID-19 deaths,,,,,,,,,,,
,,,,,,,,,,,,,,
Males under 65,none, 100 ,15%,,,,,,,,,,,
,Influenza and pneumonia, 56 ,8%,,,,,,,,,,,
,Cirrhosis and other disease of liver, 60 ,9%,,,,,,,,,,,
,Chronic lower respiratory diseases, 69 ,10%,,,,,,,,,,,
,Ischaemic heart diseases, 83 ,12%,,,,,,,,,,,
,Diabetes, 90 ,13%,,,,,,,,,,,
,Total Deaths, 687 ,,,,,,,,,,,,
,,,,,,,,,,,,,,
Males 65+,none, 268 ,6%,,,,,,,,,,,
,Influenza and pneumonia, 314 ,7%,,,,,,,,,,,
,Cerebrovascular disease, 347 ,8%,,,,,,,,,,,
,Chronic lower respiratory diseases, 420 ,9%,,,,,,,,,,,
,Ischaemic heart diseases, 894 ,20%,,,,,,,,,,,
,Dementia and Alzheimer's Disease, 960 ,22%,,,,,,,,,,,
,Total Deaths," 4,451 ",,,,,,,,,,,,
,,,,,,,,,,,,,,
Females under 65,none, 51 ,12%,,,,,,,,,,,
,Cirrhosis and other disease of liver, 27 ,6%,,,,,,,,,,,
,Influenza and pneumonia, 34 ,8%,,,,,,,,,,,
,Diabetes, 43 ,10%,,,,,,,,,,,
,Ischaemic heart diseases, 46 ,10%,,,,,,,,,,,
,Chronic lower respiratory diseases, 94 ,21%,,,,,,,,,,,
,Total Deaths, 439 ,,,,,,,,,,,,
,,,,,,,,,,,,,,
Females 65+,none, 269 ,6%,,,,,,,,,,,
,Cerebrovascular disease, 291 ,6%,,,,,,,,,,,
,Influenza and pneumonia, 334 ,7%,,,,,,,,,,,
,Ischaemic heart diseases, 365 ,8%,,,,,,,,,,,
,Chronic lower respiratory diseases, 578 ,13%,,,,,,,,,,,
,Dementia and Alzheimer's Disease," 1,546 ",34%,,,,,,,,,,,
,Total Deaths," 4,520 ",,,,,,,,,,,,
,,,,,,,,,,,,,,
Note:,,,,,,,,,,,,,,
Further information on pre-existing conditions can be found in the publication.,,,,,,,,,,,,,,
#REF!,,,,,,,,,,,,,,
,,,,,,,,,,,,,,
2) The rows for conditions do not sum to the total number of deaths because only the most common 5 conditions are listed here.,,,,,,,,,,,,,,
,,,,,,,,,,,,,,
� Crown Copyright 2021,,,,,,,,,,,,,,
,,,,,,,,,,,,,,
#REF!,,,,,,,,,,,,,,
,,,,,,,,,,,,,,
,,,,,,,,,,,,,,
,,,,,,,,,,,,,,
,,,,,,,,,,,,,,
,,,,,,,,,,,,,,
,,,,,,,,,,,,,,
,,,,,,,,,,,,,,
