"Figure 5: Excess Deaths  by underlying cause of death1 and location, week 12 2020 to most recent, 2021",,,,,,,,,,,,,,
,,,,,,,,,,,,,,
,Excess deaths - week 12 2020 to week 19 2021,,,,,Excess deaths weeks 12-53 2020,,,,,Excess deaths weeks 1-19 2021,,,
Location of death,Hospital,Care Home,Home/ Non-institution,Other institution,,Hospital,Care Home,Home/ Non-institution,Other institution,,Hospital,Care Home,Home/ Non-institution,Other institution
,,,,,,,,,,,,,,
Registered deaths: five year average (2015-2019)1,,,,,,,,,,,,,,
,,,,,,,,,,,,,,
Cancer,"8,763","4,077","5,662",117,,"5,937","2,770","3,859",82,,"2,826","1,307","1,803",35
Dementia / Alzheimer's,"1,533","4,866",607,57,,981,"3,131",401,38,,552,"1,735",206,19
Circulatory,"8,970","3,016","5,423",44,,"5,894","1,949","3,577",29,,"3,076","1,067","1,846",15
Respiratory,"5,239","1,394","1,528",14,,"3,163",827,965,9,,"2,076",567,563,5
Other,"8,446","2,190","4,527",53,,"5,573","1,439","3,030",36,,"2,873",751,"1,497",17
All,"32,957","15,554","17,749",284,,"21,553","10,124","11,832",193,,"11,404","5,430","5,917",91
Registered deaths:,,,,,,,,,,,,,,
,,,,,,,,,,,,,,
Cancer,"6,999","3,310","8,481",58,,"4,752","2,345","5,792",50,,"2,247",965,"2,689",8
Dementia / Alzheimer's,"1,137","4,675","1,036",62,,747,"3,348",715,39,,390,"1,327",321,23
Circulatory,"7,731","2,833","7,162",52,,"5,182","2,004","4,760",34,,"2,549",829,"2,402",18
Respiratory,"3,180",897,"1,644",15,,"2,110",678,"1,111",12,,"1,070",219,533,3
COVID-19,"5,287","3,073",517,20,,"3,198","2,504",343,3,,"2,089",569,174,17
Other,"8,208","2,467","6,321",68,,"5,425","1,787","4,259",45,,"2,783",680,"2,062",23
All,"32,542","17,255","25,161",275,,"21,414","12,666","16,980",183,,"11,128","4,589","8,181",92
Difference,,,,,,,,,,,,,,
,,,,,,,,,,,,,,
Cancer,"-1,764",-767,"2,819",-59,,"-1,185",-425,"1,933",-32,,-579,-342,886,-27
Dementia / Alzheimer's,-396,-191,429,5,,-234,217,314,1,,-162,-408,115,4
Circulatory,"-1,239",-183,"1,739",8,,-712,55,"1,183",5,,-527,-238,556,3
Respiratory,"-2,059",-497,116,1,,"-1,053",-149,146,3,,"-1,006",-348,-30,-2
COVID-19,"5,287","3,073",517,20,,"3,198","2,504",343,3,,"2,089",569,174,17
Other,-238,277,"1,794",15,,-148,348,"1,229",9,,-90,-71,565,6
All,-415,"1,701","7,412",-9,,-139,"2,542","5,148",-10,,-276,-841,"2,264",1
,,,,,,,,,,,,,,
Footnote,,,,,,,,,,,,,,
1) The ICD 10 codes for disease categories are as follows:,,,,,,,,,,,,,,
Cancer: C00-C97,,,,,,,,,,,,,,
"Dementia and Alzheimer's: F01, F03 and G30",,,,,,,,,,,,,,
Circulatory: I00:I99,,,,,,,,,,,,,,
Respiratory: J00-J99,,,,,,,,,,,,,,
COVID-19: U07,,,,,,,,,,,,,,
"2) Excess deaths are calculated by comparing the current year to the five year average frrom previous years. This average is based on the actual number of death registrations recorded for each corresponding week between 2015 and 2019. Moveable public holidays, when registration offices are closed, affect the number of registrations made in the published weeks and in the corresponding weeks in previous years. Usually, the previous five years are used to compare against the most recent year to calculate excess deaths. Due to the fact that excess deaths will be used to examine the effect of the pandemic, it is felt that deaths in 2021 should be compared against non-pandemic years, hence why the five years prior to the pandemic are averaged here.",,,,,,,,,,,,,,
,,,,,,,,,,,,,,
,,,,,,,,,,,,,,
,,,,,,,,,,,,,,
,,,,,,,,,,,,,,
,,,,,,,,,,,,,,
,,,,,,,,,,,,,,
,,,,,,,,,,,,,,
� Crown Copyright 2021,,,,,,,,,,,,,,
