#REF!,,,,,,,,,,,,,,,,,,,,,,,,,,,,,,,,,,,,,,,,,,,,,,,,,,,,,,,,,,,,,,,,,,,,,,,,,,,,,,,,,,,,,,,
,,,,,,,,,,,,,,,,,,,,,,,,,,,,,,,,,,,,,,,,,,,,,,,,,,,,,,,,,,,,,,Error bars working,,,,,,,,,,,,,,,,,,,,,,,,,
,Mar,,,Apr,,,May,,,Jun,,,Jul,,,Aug,,,Sep,,,Oct,,,Nov,,,Dec,,,Jan,,,Feb,,,Mar,,,April,,,May,,,June,,,July,,,March 2020 to July 2021,,,,,All deaths involving COVID-19,,,,,,Deaths where COVID-19 was the underlying cause,,,,,,,,,,,,,,,,,,,,,,,,
,age standardised rate,lower confidence interval,upper confidence interval,age standardised rate,lower confidence interval,upper confidence interval,age standardised rate,lower confidence interval,upper confidence interval,age standardised rate,lower confidence interval,upper confidence interval,age standardised rate,lower confidence interval,upper confidence interval,age standardised rate,lower confidence interval,upper confidence interval,age standardised rate,lower confidence interval,upper confidence interval,age standardised rate,lower confidence interval,upper confidence interval,age standardised rate,lower confidence interval,upper confidence interval,age standardised rate,lower confidence interval,upper confidence interval,age standardised rate,lower confidence interval,upper confidence interval,age standardised rate,lower confidence interval,upper confidence interval,age standardised rate,lower confidence interval,upper confidence interval,age standardised rate,lower confidence interval,upper confidence interval,age standardised rate,lower confidence interval,upper confidence interval,age standardised rate,lower confidence interval,upper confidence interval,age standardised rate,lower confidence interval,upper confidence interval,age standardised rate,lower confidence interval,upper confidence interval,,,All deaths involving COVID-19,,,,,,ULC,,,,,,,,,,,,,,,,,,,,,,,,
,,,,,,,,,,,,,,,,,,,,,,,,,,,,,,,,,,,,,,,,,,,,,,,,,,,,,,,,,persons,,females,,males,,persons,,females,,males,,,,,,,,,,,,,,,,,,,,
,,,,,,,,,,,,,,,,,,,,,,,,,,,,,,,,,,,,,,,,,,,,,,,,,,,,,,,,,,,,,,,,,,,,,,,,,,,,,,,,,,,,,,,
All deaths involving COVID-195,,,,,,,,,,,,,,,,,,,,,,,,,,,,,,,,,,,,,,,,,,,,,,,,,,,,,,,,,,,,,,,,,,,,,,,,,,,,,,,,,,,,,,,
,,,,,,,,,,,,,,,,,,,,,,,,,,,,,,,,,,,,,,,,,,,,,,,,,,,,,,,,,,,,,,,,,,,,,,,,,,,,,,,,,,,,,,,
,,,,,,,,,,,,,,,,,,,,,,,,,,,,,,,,,,,,,,,,,,,,,,,,,,,,,,,,,,,,,,,,,,,,,,,,,,,,,,,,,,,,,,,
Persons,65.3,57.9,72.8,584.9,562.7,607.2,268.7,253.5,283.8,46.7,40.2,53.2,8.4,5.7,11.1,4.3,2.4,6.3,10.1,7.1,13.1,106.2,96.8,115.6,247.7,233.0,262.4,224.2,210.5,237.9,390.4,372.4,408.3,259.2,243.7,274.6,70.2,62.5,77.8,20.6,16.4,24.9,6.1,3.8,8.3,14.7,11.1,18.3,43.6,37.6,49.6,138.3,135.6,140.9,,,,,,,,,,,,,,,,,,,,,,,,,,,,,,,,,
Females,47.7,39.3,56.1,479.7,453.6,505.8,239.4,221.0,257.7,44.8,36.6,53.1,9.1,5.4,12.7,4.9,2.2,7.6,6.2,3.1,9.2,82.0,71.1,93.0,195.3,178.2,212.3,183.5,167.3,199.7,332.7,311.1,354.4,220.5,201.8,239.2,62.3,52.7,71.9,17.4,12.2,22.5,6.4,3.3,9.4,10.6,6.5,14.7,28.8,22.3,35.4,115.0,111.9,118.2,,,,,,,,,,,,,,,,,,,,,,,,,,,,,,,,,
Males,87.5,74.2,100.9,723.3,684.2,762.3,307.8,281.7,333.9,49.3,38.4,60.3,7.2,3.2,11.2,3.2,0.5,5.9,15.3,9.5,21.1,139.2,122.4,156.1,319.2,292.9,345.5,280.5,256.3,304.7,467.8,436.9,498.6,309.2,282.8,335.7,81.0,68.1,93.9,25.0,17.6,32.3,5.6,2.2,9.0,20.8,14.2,27.3,64.3,52.8,75.7,169.3,164.6,173.9,,,,,,,,,,,,,,,,,,,,,,,,,,,,,,,,,
Deaths where COVID-19 was the underlying cause,,,,,,,,,,,,,,,,,,,,,,,,,,,,,,,,,,,,,,,,,,,,,,,,,,,,,,,,,,,,,,,,,,,,,,,,,,,,,,,,,,,,,,,
,,,,,,,,,,,,,,,,,,,,,,,,,,,,,,,,,,,,,,,,,,,,,,,,,,,,,,,,,,,,,,,,,,,,,,,,,,,,,,,,,,,,,,,
,,,,,,,,,,,,,,,,,,,,,,,,,,,,,,,,,,,,,,,,,,,,,,,,,,,,,,,,,,,,,,,,,,,,,,,,,,,,,,,,,,,,,,,
Persons,58.5,51.5,65.6,563.6,541.7,585.4,243.8,229.4,258.3,35.9,30.2,41.7,3.6,1.8,5.4,2.1,0.7,3.5,8.1,5.4,10.8,96.1,87.1,105.1,215.4,201.6,229.1,187.2,174.7,199.8,340.2,323.4,356.9,215.5,201.4,229.7,51.9,45.3,58.5,12.1,8.8,15.3,4.0,2.1,5.8,11.8,8.6,14.9,35.8,30.4,41.3,121.6,119.1,124.0,,,,,,,,,,,,,,,,,,,,,,,,,,,,,,,,,
Females,42.7,34.8,50.6,461.5,435.9,487.1,216.1,198.7,233.6,35.7,28.3,43.0,4.1,1.7,6.6,3.1,0.9,5.2,4.6,2.0,7.2,71.4,61.2,81.6,168.0,152.2,183.8,151.5,136.8,166.3,284.2,264.1,304.3,186.7,169.5,204.0,48.0,39.6,56.4,11.1,7.0,15.3,4.7,2.0,7.3,7.4,4.0,10.9,23.7,17.8,29.7,100.6,97.6,103.5,,,,,,,,,,,,,,,,,,,,,,,,,,,,,,,,,
Males,78.7,66.0,91.5,698.5,660.0,736.9,280.2,255.2,305.2,36.3,26.8,45.8,2.9,0.3,5.5,0.5,-0.5,1.4,12.8,7.4,18.2,129.7,113.4,146.0,279.7,255.0,304.4,237.0,214.7,259.3,415.6,386.4,444.8,252.8,228.9,276.8,56.9,46.0,67.8,13.1,7.9,18.2,3.1,0.5,5.6,18.2,12.1,24.4,52.9,42.5,63.2,149.6,145.2,154.0,,,,,,,,,,,,,,,,,,,,,,,,,,,,,,,,,
,,,,,,,,,,,,,,,,,,,,,,,,,,,,,,,,,,,,,,,,,,,,,,,,,,,,,,,,,,,,,,,,,,,,,,,,,,,,,,,,,,,,,,,
Footnotes:,,,,,,,,,,,,,,,,,,,,,,,,,,,,,,,,,,,,,,,,,,,,,,,,,,,,,,,,April,4.3,4.2,5.1,5.2,7.3,7.4,3.2,3.3,4.2,4.1,5.1,5.2,,,,,,,,,,,,,,,,,,,
"1) Age-standardised mortality rates are presented per 100,000 people and standardised to the 2013 European Standard Population. Age-standardised mortality rates allow for differences in the age structure of populations and therefore allow valid comparisons to be made between geographical areas, the sexes and over time. ",,,,,,,,,,,,,,,,,,,,,,,,,,,,,,,,,,,,,,,,,,,,,,,,,,,,,,,,May,2.2,2.3,3.0,3.1,3.4,3.4,1.8,1.9,2.6,2.7,2.5,2.6,,,,,,,,,,,,,,,,,,,
,,,,,,,,,,,,,,,,,,,,,,,,,,,,,,,,,,,,,,,,,,,,,,,,,,,,,,,,,3.6,3.6,4.1,4.1,6.5,6.6,3.1,3.2,3.5,3.4,6.2,6.1,,,,,,,,,,,,,,,,,,,
,,,,,,,,,,,,,,,,,,,,,,,,,,,,,,,,,,,,,,,,,,,,,,,,,,,,,,,,Total,2.6,2.7,3.2,3.1,4.6,4.7,2.4,3.0,6.2,6.1,6.2,6.1,,,,,,,,,,,,,,,,,,,
"2) The lower and upper 95% confidence limits have been provided. These form a confidence interval, which is a measure of the statistical precision of an estimate and shows the range of uncertainty around the estimated figure. Calculations based on small numbers of events are often subject to random fluctuations. As a general rule, if the confidence interval around one figure overlaps with the interval around another, we cannot say with certainty that there is more than a chance difference between the two figures.",,,,,,,,,,,,,,,,,,,,,,,,,,,,,,,,,,,,,,,,,,,,,,,,,,,,,,,,,,,,,,,,,,,,,,,,,,,,,,,,,,,,,,,
,,,,,,,,,,,,,,,,,,,,,,,,,,,,,,,,,,,,,,,,,,,,,,,,,,,,,,,,,,,,,,,,,,,,,,,,,,,,,,,,,,,,,,,
,,,,,,,,,,,,,,,,,,,,,,,,,,,,,,,,,,,,,,,,,,,,,,,,,,,,,,,,,,,,,,,,,,,,,,,,,,,,,,,,,,,,,,,
3) Monthly populations have been calculated by interpolating between mid-year population estimates and population projections. These were updated in July 2021 to take account of the 2020 mid-year population estimates and this will have resulted in minor revisions to previously published rates.,,,,,,,,,,,,,,,,,,,,,,,,,,,,,,,,,,,,,,,,,,,,,,,,,,,,,,,,,,,,,,,,,,,,,,,,,,,,,,,,,,,,,,,
4) Numbers are provisional and subject to future revision.,,,,,,,,,,,,,,,,,,,,,,,,,,,,,,,,,,,,,,,,,,,,,,,,,,,,,,,,,,,,,,,,,,,,,,,,,,,,,,,,,,,,,,,
"5) All deaths where COVID-19 is mentioned on the death certificate, whether as the underlying cause or a contributory cause.",,,,,,,,,,,,,,,,,,,,,,,,,,,,,,,,,,,,,,,,,,,,,,,,,,,,,,,,,,,,,,,,,,,,,,,,,,,,,,,,,,,,,,,
#REF!,,,,,,,,,,,,,,,,,,,,,,,,,,,,,,,,,,,,,,,,,,,,,,,,,,,,,,,,,,,,,,,,,,,,,,,,,,,,,,,,,,,,,,,
,,,,,,,,,,,,,,,,,,,,,,,,,,,,,,,,,,,,,,,,,,,,,,,,,,,,,,,,,,,,,,,,,,,,,,,,,,,,,,,,,,,,,,,
� Crown Copyright 2021,,,,,,,,,,,,,,,,,,,,,,,,,,,,,,,,,,,,,,,,,,,,,,,,,,,,,,,,,,,,,,,,,,,,,,,,,,,,,,,,,,,,,,,
,,,,,,,,,,,,,,,,,,,,,,,,,,,,,,,,,,,,,,,,,,,,,,,,,,,,,,,,,,,,,,,,,,,,,,,,,,,,,,,,,,,,,,,
#REF!,,,,,,,,,,,,,,,,,,,,,,,,,,,,,,,,,,,,,,,,,,,,,,,,,,,,,,,,,,,,,,,,,,,,,,,,,,,,,,,,,,,,,,,
#REF!,,,,,,,,,,,,,,,,,,,,,,,,,,,,,,,,,,,,,,,,,,,,,,,,,,,,,,,,,,,,,,,,,,,,,,,,,,,,,,,,,,,,,,,
