#REF!,,,,,,,,,,,,
,,,,,,,,,,,,
Month,Rank,Cause,ICD codes,Deaths1,Percentage of all deaths,,,,,,,
,,,,,,,,,,,,
March 2020,1,Dementia and Alzheimer Disease,"F01, F03, G30",656,11.6%,11.6,,,,,,
,2,Ischaemic heart diseases,I20-I25,596,10.6%,10.6,,,,,,
,3,Cerebrovascular disease,I60-I69,379,6.7%,6.7,,,,,,
,4,"Malignant neoplasm of trachea, bronchus and lung",C33-C34,365,6.5%,6.5,,,,,,
,5,Chronic lower respiratory diseases,J40-J47,279,4.9%,4.9,,,,,,
April 2020,1,COVID,U07,"2,413",31.4%,31.4,,,,,,
,2,Dementia and Alzheimer Disease,"F01, F03, G30",784,10.2%,10.2,,,,,,
,3,Ischaemic heart diseases,I20-I25,577,7.5%,7.5,,,,,,
,4,Cerebrovascular disease,I60-I69,375,4.9%,4.9,,,,,,
,5,"Malignant neoplasm of trachea, bronchus and lung",C33-C34,331,4.3%,4.3,,,,,,
May 2020,1,COVID,U07,"1,065",18.4%,18.4,,,,,,
,2,Ischaemic heart diseases,I20-I25,563,9.7%,9.7,,,,,,
,3,Dementia and Alzheimer Disease,"F01, F03, G30",501,8.7%,8.7,,,,,,
,4,Cerebrovascular disease,I60-I69,319,5.5%,5.5,,,,,,
,5,"Malignant neoplasm of trachea, bronchus and lung",C33-C34,286,4.9%,4.9,,,,,,
June 2020,1,Ischaemic heart diseases,I20-I25,481,10.8%,10.8,,,,,,
,2,Dementia and Alzheimer Disease,"F01, F03, G30",393,8.8%,8.8,,,,,,
,3,"Malignant neoplasm of trachea, bronchus and lung",C33-C34,287,6.5%,6.5,,,,,,
,4,Cerebrovascular disease,I60-I69,277,6.2%,6.2,,,,,,
,5,Chronic lower respiratory diseases,J40-J47,205,4.6%,4.6,,,,,,
July 2020,1,Ischaemic heart diseases,I20-I25,534,11.9%,11.9,,,,,,
,2,Dementia and Alzheimer Disease,"F01, F03, G30",416,9.2%,9.2,,,,,,
,3,Cerebrovascular disease,I60-I69,315,7.0%,7,,,,,,
,4,"Malignant neoplasm of trachea, bronchus and lung",C33-C34,313,7.0%,7,,,,,,
,5,Chronic lower respiratory diseases,J40-J47,162,3.6%,3.6,,,,,,
August 2020,1,Ischaemic heart diseases,I20-I25,506,11.4%,11.4,,,,,,
,2,Dementia and Alzheimer Disease,"F01, F03, G30",415,9.4%,9.4,,,,,,
,3,"Malignant neoplasm of trachea, bronchus and lung",C33-C34,326,7.4%,7.4,,,,,,
,4,Cerebrovascular disease,I60-I69,273,6.2%,6.2,,,,,,
,5,Chronic lower respiratory diseases,J40-J47,191,4.3%,4.3,,,,,,
September 2020,1,Ischaemic heart diseases,I20-I25,514,11.5%,11.5,,,,,,
,2,Dementia and Alzheimer Disease,"F01, F03, G30",440,9.8%,9.8,,,,,,
,3,"Malignant neoplasm of trachea, bronchus and lung",C33-C34,321,7.2%,7.2,,,,,,
,4,Cerebrovascular disease,I60-I69,307,6.8%,6.8,,,,,,
,5,Chronic lower respiratory diseases,J40-J47,215,4.8%,4.8,,,,,,
October 2020,1,Ischaemic heart diseases,I20-I25,584,11.2%,11.2,,,,,,
,2,Dementia and Alzheimer Disease,"F01, F03, G30",497,9.5%,9.5,,,,,,
,3,COVID,U07,440,8.4%,8.4,,,,,,
,4,Cerebrovascular disease,I60-I69,330,6.3%,6.3,,,,,,
,5,"Malignant neoplasm of trachea, bronchus and lung",C33-C34,316,6.1%,6.1,,,,,,
November 2020,1,COVID,U07,934,16.5%,16.5,,,,,,
,2,Ischaemic heart diseases,I20-I25,571,10.1%,10.1,,,,,,
,3,Dementia and Alzheimer Disease,"F01, F03, G30",503,8.9%,8.9,,,,,,
,4,Cerebrovascular disease,I60-I69,311,5.5%,5.5,,,,,,
,5,"Malignant neoplasm of trachea, bronchus and lung",C33-C34,295,5.2%,5.2,,,,,,
December 2020,1,COVID,U07,846,13.9%,13.9,,,,,,
,2,Ischaemic heart diseases,I20-I25,643,10.6%,10.6,,,,,,
,3,Dementia and Alzheimer Disease,"F01, F03, G30",518,8.5%,8.5,,,,,,
,4,Cerebrovascular disease,I60-I69,362,5.9%,5.9,,,,,,
,5,"Malignant neoplasm of trachea, bronchus and lung",C33-C34,358,5.9%,5.9,,,,,,
January 2021,1,COVID,U07,"1,538",23.0%,23,,,,,,
,2,Ischaemic heart diseases,I20-I25,620,9.3%,9.3,,,,,,
,3,Dementia and Alzheimer Disease,"F01, F03, G30",517,7.7%,7.7,,,,,,
,4,Cerebrovascular disease,I60-I69,344,5.1%,5.1,,,,,,
,5,"Malignant neoplasm of trachea, bronchus and lung",C33-C34,338,5.1%,5.1,,,,,,
February 2021,1,COVID,U07,887,16.3%,16.3,,,,,,
,2,Ischaemic heart diseases,I20-I25,547,10.1%,10.1,,,,,,
,3,Dementia and Alzheimer Disease,"F01, F03, G30",484,8.9%,8.9,,,,,,
,4,Cerebrovascular disease,I60-I69,321,5.9%,5.9,,,,,,
,5,"Malignant neoplasm of trachea, bronchus and lung",C33-C34,297,5.5%,5.5,,,,,,
March 2021,1,Ischaemic heart diseases,I20-I25,575,11.6%,11.6,,,,,,
,2,Dementia and Alzheimer Disease,"F01, F03, G30",461,9.3%,9.3,,,,,,
,3,"Malignant neoplasm of trachea, bronchus and lung",C33-C34,342,6.9%,6.9,,,,,,
,4,Cerebrovascular disease,I60-I69,315,6.4%,6.4,,,,,,
,5,COVID,U07,238,4.8%,4.8,,,,,,
April 2021,1,Ischaemic heart diseases,I20-I25,518,11.6%,11.6,,,,,,
,2,Dementia and Alzheimer Disease,"F01, F03, G30",418,9.4%,9.4,,,,,,
,3,"Malignant neoplasm of trachea, bronchus and lung",C33-C34,329,7.4%,7.4,,,,,,
,4,Cerebrovascular disease,I60-I69,281,6.3%,6.3,,,,,,
,5,Chronic lower respiratory diseases,J40-J47,181,4.1%,4.1,,,,,,
May 2021,1,Ischaemic heart diseases,I20-I25,600,12.7%,12.7,,,,,,
,2,Dementia and Alzheimer Disease,"F01, F03, G30",424,9.0%,9,,,,,,
,3,"Malignant neoplasm of trachea, bronchus and lung",C33-C34,330,7.0%,7,,,,,,
,4,Cerebrovascular disease,I60-I69,280,5.9%,5.9,,,,,,
,5,"Symptoms, signs and ill-defined conditions",R00-R99,217,4.6%,4.6,,,,,,
June 2021,1,Ischaemic heart diseases,I20-I25,510,10.9%,10.9,,,,,,
,2,Dementia and Alzheimer Disease,"F01, F03, G30",418,9.0%,9,,,,,,
,3,"Malignant neoplasm of trachea, bronchus and lung",C33-C34,338,7.2%,7.2,,,,,,
,4,Cerebrovascular disease,I60-I69,290,6.2%,6.2,,,,,,
,5,"Symptoms, signs and ill-defined conditions",R00-R99,236,5.1%,5.1,,,,,,
July 2021,1,Ischaemic heart diseases,I20-I25,557,11.4%,11.4,,,,,,
,2,Dementia and Alzheimer Disease,"F01, F03, G30",505,10.4%,10.4,,,,,,
,3,"Malignant neoplasm of trachea, bronchus and lung",C33-C34,297,6.1%,6.1,,,,,,
,4,Cerebrovascular disease,I60-I69,281,5.8%,5.8,,,,,,
,5,"Symptoms, signs and ill-defined conditions",R00-R99,231,4.7%,4.7,,,,,,
March 2020 - July 2021 combined,1,Ischaemic heart diseases,I20-I25,"9,496",10.6%,10.6,,,,,,
,2,COVID,U07,"9,129",10.2%,10.2,,,,,,
,3,Dementia and Alzheimer Disease,"F01, F03, G30","8,350",9.3%,9.3,,,,,,
,4,"Malignant neoplasm of trachea, bronchus and lung",C33-C34,"5,469",6.1%,6.1,,,,,,
,5,Cerebrovascular disease,I60-I69,"5,360",6.0%,6,,,,,,
,,,,,,,,,,,,
,,,,,,,,,,,,
Footnote:,,,,,,,,,,,,
1) Numbers are provisional and subject to future revisions,,,,,,,,,,,,
#REF!,,,,,,,,,,,,
,,,,,,,,,,,,
,,,,,,,,,,,,
� Crown Copyright 2021,,,,,,,,,,,,
,,,,,,,,,,,,
,,,,,,,,,,,,
,,,,,,,,,,,,
,,,,,,,,,,,,
,,,,,,,,,,,,
,,,,,,,,,,,,
,,,,,,,,,,,,
,,,,,,,,,,,,
,,,,,,,,,,,,
,,,,,,,,,,,,
