#REF!,,,,,,,,,,,,,,,,,,,,,,,,,,,,,,,,,,,,,,,,,,,,,,,,,,,,,,,,,,,,,,,,,,,,,,,,,
,,,,,,,,,,,,,,,,,,,,,,,,,,,,,,,,,,,,,,,,,,,,,,,,,,,,,,,,,,,,,,,,,,,,,,,,,
,,March 2020,,,,April 2020,,,,May 2020,,,,June 2020,,,,July 2020,,,,August 2020,,,,September 2020,,,,October 2020,,,,November 2020,,,,December 2020,,,,January 2021,,,,February 2021,,,,March 2021,,,,April 2021,,,,May 2021,,,,June 2021,,,,July 2021,,,,March 2020 - July 2021,,,
,,,,,,,,,,,,,,,,,,,,,,,,,,,,,,,,,,,,,,,,,,,,,,,,,,,,,,,,,,,,,,,,,,,,,,,,,
,,age standardised rate,lower confidence interval,upper confidence interval,Number of deaths,age standardised rate,lower confidence interval,upper confidence interval,Number of deaths,age standardised rate,lower confidence interval,upper confidence interval,Number of deaths,age standardised rate,lower confidence interval,upper confidence interval,Number of deaths,age standardised rate,lower confidence interval,upper confidence interval,Number of deaths,age standardised rate,lower confidence interval,upper confidence interval,Number of deaths,age standardised rate,lower confidence interval,upper confidence interval,Number of deaths,age standardised rate,lower confidence interval,upper confidence interval,Number of deaths,age standardised rate,lower confidence interval,upper confidence interval,Number of deaths,age standardised rate,lower confidence interval,upper confidence interval,Number of deaths,age standardised rate,lower confidence interval,upper confidence interval,Number of deaths,age standardised rate,lower confidence interval,upper confidence interval,Number of deaths,age standardised rate,lower confidence interval,upper confidence interval,Number of deaths,age standardised rate,lower confidence interval,upper confidence interval,Number of deaths,age standardised rate,lower confidence interval,upper confidence interval,Number of deaths,age standardised rate,lower confidence interval,upper confidence interval,Number of deaths,age standardised rate,lower confidence interval,upper confidence interval,Number of deaths,age standardised rate,lower confidence interval,upper confidence interval,Number of deaths
,,,,,,,,,,,,,,,,,,,,,,,,,,,,,,,,,,,,,,,,,,,,,,,,,,,,,,,,,,,,,,,,,,,,,,,,,
,,,,,,,,,,,,,,,,,,,,,,,,,,,,,,,,,,,,,,,,,,,,,,,,,,,,,,,,,,,,,,,,,,,,,,,,,
All deaths involving COVID-196,Persons,65,58,73,297,585,563,607,"2,506",269,254,284,"1,176",47,40,53,197,8,6,11,37,4,2,6,19,10,7,13,44,106,97,116,487,248,233,262,"1,076",224,211,238,"1,014",390,372,408,"1,766",259,244,275,"1,066",70,63,78,323,21,16,25,91,6,4,8,28,15,11,18,66,44,38,50,202,138,136,141,"10,395"
,Females,48,39,56,125,480,454,506,"1,224",239,221,258,632,45,37,53,114,9,5,13,24,5,2,8,13,6,3,9,16,82,71,93,216,195,178,212,497,184,167,200,486,333,311,354,878,221,202,239,528,62,53,72,163,17,12,23,44,6,3,9,17,11,7,15,26,29,22,35,75,115,112,118,"5,078"
,Males,88,74,101,172,723,684,762,"1,282",308,282,334,544,49,38,60,83,7,3,11,13,3,1,6,6,15,10,21,28,139,122,156,271,319,293,346,579,281,256,305,528,468,437,499,888,309,283,336,538,81,68,94,160,25,18,32,47,6,2,9,11,21,14,27,40,64,53,76,127,169,165,174,"5,317"
Deaths where COVID-19 was the underlying cause,Persons,59,52,66,265,564,542,585,"2,413",244,229,258,"1,065",36,30,42,151,4,2,5,16,2,1,4,9,8,5,11,35,96,87,105,440,215,202,229,934,187,175,200,846,340,323,357,"1,538",216,201,230,887,52,45,59,238,12,9,15,54,4,2,6,18,12,9,15,53,36,30,41,167,122,119,124,"9,129"
,Females,43,35,51,112,462,436,487,"1,178",216,199,234,571,36,28,43,91,4,2,7,11,3,1,5,8,5,2,7,12,71,61,82,188,168,152,184,427,152,137,166,401,284,264,304,751,187,170,204,446,48,40,56,126,11,7,15,28,5,2,7,12,7,4,11,18,24,18,30,62,101,98,104,"4,442"
,Males,79,66,92,153,699,660,737,"1,235",280,255,305,494,36,27,46,60,3,0,6,5,1,-1,1,1,13,7,18,23,130,113,146,252,280,255,304,507,237,215,259,445,416,386,445,787,253,229,277,441,57,46,68,112,13,8,18,26,3,1,6,6,18,12,24,35,53,43,63,105,150,145,154,"4,687"
All deaths,Persons,"1,260","1,229","1,292","5,649","1,787","1,750","1,823","7,691","1,298","1,266","1,329","5,781","1,026",997,"1,056","4,443","1,001",973,"1,030","4,501",981,953,"1,009","4,426","1,030","1,001","1,059","4,485","1,155","1,125","1,185","5,208","1,299","1,267","1,331","5,662","1,346","1,314","1,378","6,093","1,477","1,444","1,510","6,681","1,324","1,290","1,357","5,437","1,085","1,056","1,115","4,940","1,009",981,"1,038","4,459","1,031","1,002","1,059","4,717","1,052","1,023","1,081","4,664","1,064","1,036","1,093","4,872","1,188","1,181","1,196","89,709"
,Females,"1,076","1,037","1,114","2,793","1,518","1,474","1,562","3,835","1,113","1,074","1,151","2,891",889,854,925,"2,227",878,843,913,"2,276",832,798,866,"2,157",895,860,931,"2,254",989,952,"1,025","2,579","1,098","1,059","1,137","2,774","1,158","1,118","1,197","3,032","1,274","1,233","1,315","3,341","1,146","1,105","1,188","2,716",932,896,968,"2,442",873,838,908,"2,222",883,848,918,"2,318",933,897,970,"2,379",946,910,981,"2,497","1,024","1,015","1,034","44,733"
,Males,"1,496","1,443","1,549","2,856","2,123","2,062","2,185","3,856","1,522","1,468","1,575","2,890","1,181","1,133","1,229","2,216","1,152","1,105","1,199","2,225","1,160","1,113","1,207","2,269","1,191","1,142","1,239","2,231","1,360","1,309","1,410","2,629","1,561","1,507","1,615","2,888","1,579","1,526","1,633","3,061","1,735","1,680","1,791","3,340","1,548","1,492","1,604","2,721","1,278","1,229","1,327","2,498","1,177","1,129","1,225","2,237","1,209","1,161","1,256","2,399","1,189","1,141","1,237","2,285","1,209","1,161","1,256","2,375","1,390","1,378","1,403","44,976"
,,,,,,,,,,,,,,,,,,,,,,,,,,,,,,,,,,,,,,,,,,,,,,,,,,,,,,,,,,,,,,,,,,,,,,,,,
Footnotes:,,,,,,,,,,,,,,,,,,,,,,,,,,,,,,,,,,,,,,,,,,,,,,,,,,,,,,,,,,,,,,,,,,,,,,,,,
"1) Age-standardised mortality rates are presented per 100,000 people and standardised to the 2013 European Standard Population. Age-standardised mortality rates allow for differences in the age structure of populations and therefore allow valid comparisons to be made between geographical areas, the sexes and over time. ",,,,,,,,,,,,,,,,,,,,,,,,,,,,,,,,,,,,,,,,,,,,,,,,,,,,,,,,,,,,,,,,,,,,,,,,,
,,,,,,,,,,,,,,,,,,,,,,,,,,,,,,,,,,,,,,,,,,,,,,,,,,,,,,,,,,,,,,,,,,,,,,,,,
"2) The lower and upper 95% confidence limits have been provided. These form a confidence interval, which is a measure of the statistical precision of an estimate and shows the range of uncertainty around the estimated figure. Calculations based on small numbers of events are often subject to random fluctuations. As a general rule, if the confidence interval around one figure overlaps with the interval around another, we cannot say with certainty that there is more than a chance difference between the two figures.",,,,,,,,,,,,,,,,,,,,,,,,,,,,,,,,,,,,,,,,,,,,,,,,,,,,,,,,,,,,,,,,,,,,,,,,,
,,,,,,,,,,,,,,,,,,,,,,,,,,,,,,,,,,,,,,,,,,,,,,,,,,,,,,,,,,,,,,,,,,,,,,,,,
,,,,,,,,,,,,,,,,,,,,,,,,,,,,,,,,,,,,,,,,,,,,,,,,,,,,,,,,,,,,,,,,,,,,,,,,,
3) Monthly populations have been calculated by interpolating between mid-year population estimates and population projections. These were updated in July 2021 to take account of the 2020 mid-year population estimates and this will have resulted in minor revisions to previously published rates.,,,,,,,,,,,,,,,,,,,,,,,,,,,,,,,,,,,,,,,,,,,,,,,,,,,,,,,,,,,,,,,,,,,,,,,,,
4) Numbers are provisional and subject to future revision.,,,,,,,,,,,,,,,,,,,,,,,,,,,,,,,,,,,,,,,,,,,,,,,,,,,,,,,,,,,,,,,,,,,,,,,,,
#REF!,,,,,,,,,,,,,,,,,,,,,,,,,,,,,,,,,,,,,,,,,,,,,,,,,,,,,,,,,,,,,,,,,,,,,,,,,
"6) All deaths where COVID-19 is mentioned on the death certificate, whether as the underlying cause or a contributory cause.",,,,,,,,,,,,,,,,,,,,,,,,,,,,,,,,,,,,,,,,,,,,,,,,,,,,,,,,,,,,,,,,,,,,,,,,,
,,,,,,,,,,,,,,,,,,,,,,,,,,,,,,,,,,,,,,,,,,,,,,,,,,,,,,,,,,,,,,,,,,,,,,,,,
� Crown Copyright 2021,,,,,,,,,,,,,,,,,,,,,,,,,,,,,,,,,,,,,,,,,,,,,,,,,,,,,,,,,,,,,,,,,,,,,,,,,
,,,,,,,,,,,,,,,,,,,,,,,,,,,,,,,,,,,,,,,,,,,,,,,,,,,,,,,,,,,,,,,,,,,,,,,,,
,,,,,,,,,,,,,,,,,,,,,,,,,,,,,,,,,,,,,,,,,,,,,,,,,,,,,,,,,,,,,,,,,,,,,,,,,
,,,,,,,,,,,,,,,,,,,,,,,,,,,,,,,,,,,,,,,,,,,,,,,,,,,,,,,,,,,,,,,,,,,,,,,,,
,,,,,,,,,,,,,,,,,,,,,,,,,,,,,,,,,,,,,,,,,,,,,,,,,,,,,,,,,,,,,,,,,,,,,,,,,
,,,,,,,,,,,,,,,,,,,,,,,,,,,,,,,,,,,,,,,,,,,,,,,,,,,,,,,,,,,,,,,,,,,,,,,,,
,,,,,,,,,,,,,,,,,,,,,,,,,,,,,,,,,,,,,,,,,,,,,,,,,,,,,,,,,,,,,,,,,,,,,,,,,
,,,,,,,,,,,,,,,,,,,,,,,,,,,,,,,,,,,,,,,,,,,,,,,,,,,,,,,,,,,,,,,,,,,,,,,,,
,,,,,,,,,,,,,,,,,,,,,,,,,,,,,,,,,,,,,,,,,,,,,,,,,,,,,,,,,,,,,,,,,,,,,,,,,
,,,,,,,,,,,,,,,,,,,,,,,,,,,,,,,,,,,,,,,,,,,,,,,,,,,,,,,,,,,,,,,,,,,,,,,,,
,,,,,,,,,,,,,,,,,,,,,,,,,,,,,,,,,,,,,,,,,,,,,,,,,,,,,,,,,,,,,,,,,,,,,,,,,
,,,,,,,,,,,,,,,,,,,,,,,,,,,,,,,,,,,,,,,,,,,,,,,,,,,,,,,,,,,,,,,,,,,,,,,,,
,,,,,,,,,,,,,,,,,,,,,,,,,,,,,,,,,,,,,,,,,,,,,,,,,,,,,,,,,,,,,,,,,,,,,,,,,
,,,,,,,,,,,,,,,,,,,,,,,,,,,,,,,,,,,,,,,,,,,,,,,,,,,,,,,,,,,,,,,,,,,,,,,,,
,,,,,,,,,,,,,,,,,,,,,,,,,,,,,,,,,,,,,,,,,,,,,,,,,,,,,,,,,,,,,,,,,,,,,,,,,
,,,,,,,,,,,,,,,,,,,,,,,,,,,,,,,,,,,,,,,,,,,,,,,,,,,,,,,,,,,,,,,,,,,,,,,,,
,,,,,,,,,,,,,,,,,,,,,,,,,,,,,,,,,,,,,,,,,,,,,,,,,,,,,,,,,,,,,,,,,,,,,,,,,
,,,,,,,,,,,,,,,,,,,,,,,,,,,,,,,,,,,,,,,,,,,,,,,,,,,,,,,,,,,,,,,,,,,,,,,,,
