#REF!,,,,,,,,,,,,,,
,,,,,,,,,,,,,,
,Pre-existing condition,Number of COVID-19 deaths,Proportion of all COVID-19 deaths,,,,,,,,,,,
,,,,,,,,,,,,,,
Males under 65,none, 105 ,15%,,,,,,,,,,,
,Influenza and pneumonia, 58 ,8%,,,,,,,,,,,
,Cirrhosis and other disease of liver, 63 ,9%,,,,,,,,,,,
,Chronic lower respiratory diseases, 72 ,10%,,,,,,,,,,,
,Ischaemic heart diseases, 87 ,12%,,,,,,,,,,,
,Diabetes, 95 ,13%,,,,,,,,,,,
,Total Deaths, 723 ,,,,,,,,,,,,
,,,,,,,,,,,,,,
Males 65+,none, 273 ,6%,,,,,,,,,,,
,Influenza and pneumonia, 323 ,7%,,,,,,,,,,,
,Cerebrovascular disease, 352 ,8%,,,,,,,,,,,
,Chronic lower respiratory diseases, 442 ,10%,,,,,,,,,,,
,Ischaemic heart diseases, 929 ,20%,,,,,,,,,,,
,Dementia and Alzheimer Disease, 977 ,21%,,,,,,,,,,,
,Total Deaths," 4,594 ",,,,,,,,,,,,
,,,,,,,,,,,,,,
Females under 65,none, 54 ,11%,,,,,,,,,,,
,Cirrhosis and other disease of liver, 31 ,7%,,,,,,,,,,,
,Influenza and pneumonia, 37 ,8%,,,,,,,,,,,
,Diabetes, 46 ,10%,,,,,,,,,,,
,Ischaemic heart diseases, 47 ,10%,,,,,,,,,,,
,Chronic lower respiratory diseases, 99 ,21%,,,,,,,,,,,
,Total Deaths, 470 ,,,,,,,,,,,,
,,,,,,,,,,,,,,
Females 65+,none, 272 ,6%,,,,,,,,,,,
,Cerebrovascular disease, 299 ,6%,,,,,,,,,,,
,Influenza and pneumonia, 343 ,7%,,,,,,,,,,,
,Ischaemic heart diseases, 376 ,8%,,,,,,,,,,,
,Chronic lower respiratory diseases, 592 ,13%,,,,,,,,,,,
,Dementia and Alzheimer Disease," 1,560 ",34%,,,,,,,,,,,
,Total Deaths," 4,608 ",,,,,,,,,,,,
,,,,,,,,,,,,,,
Note:,,,,,,,,,,,,,,
Further information on pre-existing conditions can be found in the publication.,,,,,,,,,,,,,,
#REF!,,,,,,,,,,,,,,
,,,,,,,,,,,,,,
2) The rows for conditions do not sum to the total number of deaths because only the most common 5 conditions are listed here.,,,,,,,,,,,,,,
,,,,,,,,,,,,,,
� Crown Copyright 2021,,,,,,,,,,,,,,
,,,,,,,,,,,,,,
#REF!,,,,,,,,,,,,,,
,,,,,,,,,,,,,,
,,,,,,,,,,,,,,
,,,,,,,,,,,,,,
,,,,,,,,,,,,,,
,,,,,,,,,,,,,,
,,,,,,,,,,,,,,
,,,,,,,,,,,,,,
