"Figure 6: Excess Deaths  by underlying cause of death1 and location, week 12 to 28, 2020",,,,,,,,,,,,
,,,,,,,,,,,,
Location of death,Hospital,Care Home,Home/ Non-institution,Other institution,,,,,,,,
,,,,,,,,,,,,
Resgistered deaths: five year average,,,,,,,,,,,,
,,,,,,,,,,,,
Cancer,"2,381","1,113","1,593",34,,,,,,,,
Dementia / Alzheimer's,392,"1,258",162,15,,,,,,,,
Circulatory,"2,473",811,"1,471",10,,,,,,,,
Respiratory,"1,342",346,402,3,,,,,,,,
Other,"2,306",583,"1,267",14,,,,,,,,
All,"8,893","4,111","4,895",76,,,,,,,,
Registered deaths: 2020,,,,,,,,,,,,
,,,,,,,,,,,,
Cancer,"1,773",942,"2,500",15,,,,,,,,
Dementia / Alzheimer's,249,"1,621",323,18,,,,,,,,
Circulatory,"1,966",905,"2,052",14,,,,,,,,
Respiratory,861,338,506,4,,,,,,,,
COVID-19,"1,776","1,872",240,7,,,,,,,,
Other,"2,075",815,"1,898",20,,,,,,,,
All,"8,700","6,493","7,519",78,,,,,,,,
Difference,,,,,,,,,,,,
,,,,,,,,,,,,
Cancer,-608,-171,907,-19,,,,,,,,
Dementia / Alzheimer's,-143,363,161,3,,,,,,,,
Circulatory,-507,94,581,4,,,,,,,,
Respiratory,-481,-8,104,1,,,,,,,,
COVID-19,"1,776","1,872",240,7,,,,,,,,
Other,-231,232,631,6,,,,,,,,
All,-193,"2,382","2,624",2,,,,,,,,
,,,,,,,,,,,,
Footnote,,,,,,,,,,,,
1) The ICD 10 codes for disease categories are as follows:,,,,,,,,,,,,
Cancer: C00-C97,,,,,,,,,,,,
"Dementia and Alzheimer's: F01, F03 and G30",,,,,,,,,,,,
Circulatory: I00:I99,,,,,,,,,,,,
Respiratory: J00-J99,,,,,,,,,,,,
COVID-19: U07,,,,,,,,,,,,
,,,,,,,,,,,,
� Crown Copyright 2020,,,,,,,,,,,,
