"Table 3: Provisional1 figures on deaths registered2 in Scotland by location and area of usual residence, 2020 up to 5th July (week 27)",,,,,,,,,,,,,
,,,,,,,,,,,,,
,Deaths where COVID-19 was mentioned on the death certificate,,,,,,Deaths from all causes,,,,,,
,"Care
Home",Home / Non-institution,Hospital,"Other
institution3",All locations,,"Care
Home",Home / Non-institution,Hospital,"Other
institution3",All locations,,
,,,,,,,,,,,,,
,,,,,,,,,,,,,
,,,,,,,,,,,,,
All areas,"1,939",290,"1,937",7,"4,173",,"9,464","10,953","14,852",128,"35,397",,
,,,,,,,,,,,,,
Deaths by NHS Board of usual residence 4,,,,,,,,,,,,,
,,,,,,,,,,,,,
Ayrshire and Arran,132,20,141,0,293,,687,841,"1,287",4,"2,819",,
Borders,12,7,54,0,73,,140,210,382,54,786,,
Dumfries and Galloway,9,1,37,0,47,,212,370,521,0,"1,103",,
Fife,75,17,108,0,200,,547,710,"1,013",0,"2,270",,
Forth Valley,119,24,94,0,237,,574,627,792,5,"1,998",,
Grampian,119,28,111,0,258,,828,"1,011","1,418",2,"3,259",,
Greater Glasgow and Clyde,616,62,645,5,"1,328",,"2,372","2,452","3,248",19,"8,091",,
Highland,38,15,61,0,114,,509,762,841,0,"2,112",,
Lanarkshire,237,51,291,2,581,,"1,123","1,488","1,898",20,"4,529",,
Lothian,422,38,260,0,720,,"1,547","1,420","2,062",1,"5,030",,
Orkney,0,0,2,0,2,,18,78,31,0,127,,
Shetland,5,0,2,0,7,,50,30,34,0,114,,
Tayside,155,27,131,0,313,,788,895,"1,258",23,"2,964",,
Western Isles,0,0,0,0,0,,69,59,67,0,195,,
,,,,,,,,,,,,,
Deaths by Council Area of usual residence4,,,,,,,,,,,,,
,,,,,,,,,,,,,
Aberdeen City,60,7,55,0,122,,307,352,583,0,"1,242",,
Aberdeenshire,57,15,44,0,116,,406,440,598,2,"1,446",,
Angus,51,5,20,0,76,,222,264,327,0,813,,
Argyll and Bute,23,8,33,0,64,,131,261,259,0,651,,
City of Edinburgh,250,18,155,0,423,,938,761,"1,085",0,"2,784",,
Clackmannanshire,35,1,12,0,48,,125,97,135,3,360,,
Dumfries and Galloway,9,1,37,0,47,,212,370,521,0,"1,103",,
Dundee City,84,16,68,0,168,,268,345,508,1,"1,122",,
East Ayrshire,34,5,36,0,75,,176,293,401,3,873,,
East Dunbartonshire,93,4,40,0,137,,268,200,271,0,739,,
East Lothian,54,4,23,0,81,,198,171,274,0,643,,
East Renfrewshire,48,4,48,0,100,,187,152,230,1,570,,
Falkirk,65,15,54,0,134,,299,356,456,0,"1,111",,
Fife,75,17,108,0,200,,547,710,"1,013",0,"2,270",,
Glasgow City,279,27,335,5,646,,"1,115","1,249","1,643",13,"4,020",,
Highland,15,7,28,0,50,,378,501,582,0,"1,461",,
Inverclyde,39,13,64,0,116,,210,225,319,0,754,,
Midlothian,75,5,38,0,118,,184,147,244,0,575,,
Moray,2,6,12,0,20,,115,219,237,0,571,,
Na h-Eileanan Siar,0,0,0,0,0,,69,59,67,0,195,,
North Ayrshire,47,10,49,0,106,,243,313,473,1,"1,030",,
North Lanarkshire,94,22,150,1,267,,479,773,980,12,"2,244",,
Orkney Islands,0,0,2,0,2,,18,78,31,0,127,,
Perth and Kinross,20,6,43,0,69,,298,286,423,22,"1,029",,
Renfrewshire,98,9,98,0,205,,409,373,516,5,"1,303",,
Scottish Borders,12,7,54,0,73,,140,210,382,54,786,,
Shetland Islands,5,0,2,0,7,,50,30,34,0,114,,
South Ayrshire,51,5,56,0,112,,268,235,413,0,916,,
South Lanarkshire,143,29,141,1,314,,644,715,918,8,"2,285",,
Stirling,19,8,28,0,55,,150,174,201,2,527,,
West Dunbartonshire,59,5,60,0,124,,183,253,269,0,705,,
West Lothian,43,11,44,0,98,,227,341,459,1,"1,028",,
,,,,,,,,,,,,,
,,,,,,,,,,,,,
Footnotes,,,,,,,,,,,,,
1) Figures are provisional and subject to change.,,,,,,,,,,,,,
"2) Figures are based on date of registration.  In Scotland deaths must be registered within 8 days although in practice, the average time between death and registration is around 3 days. More information on days between occurrence and registration can be found on the NRS website.",,,,,,,,,,,,,
,,,,,,,,,,,,,
"3) Other institutions include clinics, medical centres, prisons and schools.",,,,,,,,,,,,,
"4) Figures include non-residents.  Deaths are allocated to area based on the usual residence of the deceased0  If the deceased was not a Scottish resident, the death is allocated to the area where the death occurred.",,,,,,,,,,,,,
,,,,,,,,,,,,,
Source: National Records of Scotland.,,,,,,,,,,,,,
,,,,,,,,,,,,,
� Crown Copyright 2020,,,,,,,,,,,,,
