"Figure 6: Excess Deaths  by underlying cause of death1 and location, week 12 to 27, 2020",,,,,,,,,,,,
,,,,,,,,,,,,
Location of death,Hospital,Care Home,Home/ Non-institution,Other institution,,,,,,,,
,,,,,,,,,,,,
Resgistered deaths: five year average,,,,,,,,,,,,
,,,,,,,,,,,,
Cancer,"2,243","1,048","1,502",32,,,,,,,,
Dementia / Alzheimer's,371,"1,190",154,14,,,,,,,,
Circulatory,"2,329",765,"1,386",9,,,,,,,,
Respiratory,"1,277",331,379,3,,,,,,,,
Other,"2,164",547,"1,194",14,,,,,,,,
All,"8,383","3,880","4,615",72,,,,,,,,
Registered deaths: 2020,,,,,,,,,,,,
,,,,,,,,,,,,
Cancer,"1,668",892,"2,375",13,,,,,,,,
Dementia / Alzheimer's,236,"1,567",303,17,,,,,,,,
Circulatory,"1,849",859,"1,940",13,,,,,,,,
Respiratory,816,326,486,4,,,,,,,,
COVID-19,"1,774","1,867",239,7,,,,,,,,
Other,"1,968",781,"1,799",17,,,,,,,,
All,"8,311","6,292","7,142",71,,,,,,,,
Difference,,,,,,,,,,,,
,,,,,,,,,,,,
Cancer,-575,-156,873,-19,,,,,,,,
Dementia / Alzheimer's,-135,377,149,3,,,,,,,,
Circulatory,-480,94,554,4,,,,,,,,
Respiratory,-461,-5,107,1,,,,,,,,
COVID-19,"1,774","1,867",239,7,,,,,,,,
Other,-196,234,605,3,,,,,,,,
All,-72,"2,412","2,527",-1,,,,,,,,
,,,,,,,,,,,,
Footnote,,,,,,,,,,,,
1) The ICD 10 codes for disease categories are as follows:,,,,,,,,,,,,
Cancer: C00-C97,,,,,,,,,,,,
"Dementia and Alzheimer's: F01, F03 and G30",,,,,,,,,,,,
Circulatory: I00:I99,,,,,,,,,,,,
Respiratory: J00-J99,,,,,,,,,,,,
COVID-19: U07,,,,,,,,,,,,
,,,,,,,,,,,,
� Crown Copyright 2020,,,,,,,,,,,,
