"Table 3: Provisional1 figures on deaths registered2 in Scotland by location and area of usual residence, 2020 up to 12th July (week 28)",,,,,,,,,,,,,
,,,,,,,,,,,,,
,Deaths where COVID-19 was mentioned on the death certificate,,,,,,Deaths from all causes,,,,,,
,"Care
Home",Home / Non-institution,Hospital,"Other
institution3",All locations,,"Care
Home",Home / Non-institution,Hospital,"Other
institution3",All locations,,
,,,,,,,,,,,,,
,,,,,,,,,,,,,
,,,,,,,,,,,,,
All areas,"1,947",291,"1,942",7,"4,187",,"9,665","11,330","15,241",135,"36,371",,
,,,,,,,,,,,,,
Deaths by NHS Board of usual residence 4,,,,,,,,,,,,,
,,,,,,,,,,,,,
Ayrshire and Arran,132,20,141,0,293,,703,871,"1,324",4,"2,902",,
Borders,13,7,54,0,74,,144,224,392,60,820,,
Dumfries and Galloway,9,1,37,0,47,,213,387,540,0,"1,140",,
Fife,75,17,109,0,201,,562,730,"1,042",0,"2,334",,
Forth Valley,119,24,94,0,237,,582,640,815,5,"2,042",,
Grampian,120,28,111,0,259,,842,"1,065","1,459",3,"3,369",,
Greater Glasgow and Clyde,617,63,645,5,"1,330",,"2,420","2,535","3,317",19,"8,291",,
Highland,39,15,61,0,115,,529,787,863,0,"2,179",,
Lanarkshire,237,51,292,2,582,,"1,146","1,523","1,951",20,"4,640",,
Lothian,424,38,263,0,725,,"1,575","1,464","2,112",1,"5,152",,
Orkney,0,0,2,0,2,,18,81,32,0,131,,
Shetland,5,0,2,0,7,,51,33,37,0,121,,
Tayside,157,27,131,0,315,,811,927,"1,289",23,"3,050",,
Western Isles,0,0,0,0,0,,69,63,68,0,200,,
,,,,,,,,,,,,,
Deaths by Council Area of usual residence4,,,,,,,,,,,,,
,,,,,,,,,,,,,
Aberdeen City,60,7,55,0,122,,313,370,602,1,"1,286",,
Aberdeenshire,58,15,44,0,117,,413,464,616,2,"1,495",,
Angus,51,5,20,0,76,,228,273,335,0,836,,
Argyll and Bute,23,8,33,0,64,,134,266,263,0,663,,
City of Edinburgh,250,18,158,0,426,,953,774,"1,112",0,"2,839",,
Clackmannanshire,35,1,12,0,48,,125,98,141,3,367,,
Dumfries and Galloway,9,1,37,0,47,,213,387,540,0,"1,140",,
Dundee City,85,16,68,0,169,,276,356,521,1,"1,154",,
East Ayrshire,34,5,36,0,75,,181,309,409,3,902,,
East Dunbartonshire,93,4,40,0,137,,273,204,276,0,753,,
East Lothian,54,4,23,0,81,,204,185,281,0,670,,
East Renfrewshire,48,4,48,0,100,,193,158,239,1,591,,
Falkirk,65,15,54,0,134,,304,362,466,0,"1,132",,
Fife,75,17,109,0,201,,562,730,"1,042",0,"2,334",,
Glasgow City,279,28,335,5,647,,"1,140","1,300","1,676",13,"4,129",,
Highland,16,7,28,0,51,,395,521,600,0,"1,516",,
Inverclyde,39,13,64,0,116,,214,230,325,0,769,,
Midlothian,75,5,38,0,118,,186,150,248,0,584,,
Moray,2,6,12,0,20,,116,231,241,0,588,,
Na h-Eileanan Siar,0,0,0,0,0,,69,63,68,0,200,,
North Ayrshire,47,10,49,0,106,,246,322,488,1,"1,057",,
North Lanarkshire,94,22,151,1,268,,487,794,"1,018",12,"2,311",,
Orkney Islands,0,0,2,0,2,,18,81,32,0,131,,
Perth and Kinross,21,6,43,0,70,,307,298,433,22,"1,060",,
Renfrewshire,99,9,98,0,206,,416,380,528,5,"1,329",,
Scottish Borders,13,7,54,0,74,,144,224,392,60,820,,
Shetland Islands,5,0,2,0,7,,51,33,37,0,121,,
South Ayrshire,51,5,56,0,112,,276,240,427,0,943,,
South Lanarkshire,143,29,141,1,314,,659,729,933,8,"2,329",,
Stirling,19,8,28,0,55,,153,180,208,2,543,,
West Dunbartonshire,59,5,60,0,124,,184,263,273,0,720,,
West Lothian,45,11,44,0,100,,232,355,471,1,"1,059",,
,,,,,,,,,,,,,
,,,,,,,,,,,,,
Footnotes,,,,,,,,,,,,,
1) Figures are provisional and subject to change.,,,,,,,,,,,,,
"2) Figures are based on date of registration.  In Scotland deaths must be registered within 8 days although in practice, the average time between death and registration is around 3 days. More information on days between occurrence and registration can be found on the NRS website.",,,,,,,,,,,,,
,,,,,,,,,,,,,
"3) Other institutions include clinics, medical centres, prisons and schools.",,,,,,,,,,,,,
"4) Figures include non-residents.  Deaths are allocated to area based on the usual residence of the deceased.  If the deceased was not a Scottish resident, the death is allocated to the area where the death occurred.",,,,,,,,,,,,,
,,,,,,,,,,,,,
Source: National Records of Scotland,,,,,,,,,,,,,
,,,,,,,,,,,,,
� Crown Copyright 2020,,,,,,,,,,,,,
