"Figure 3a: COVID-19 deaths registered between weeks 1 and 27, 2020 by age group, Scotland",,,,,,,,,,,,,
"Figure 3b: All deaths registered between weeks 1 and 27, 2020 by age group, Scotland",,,,,,,,,,,,,
,,,,,,,,,,,,,
,Total deaths to date,Proportions,Covid deaths to date,Proportions,,,,,,,,,
Under 1 year,81,0%,0,0%,,,,,,,,,
01-14,45,0%,0,0%,,,,,,,,,
15-44,"1,236",3%,28,1%,,,,,,,,,
45-64,"4,835",14%,345,8%,,,,,,,,,
65-74,"6,293",18%,597,14%,,,,,,,,,
75-84,"10,621",30%,"1,393",33%,,,,,,,,,
85+,"12,286",35%,"1,810",43%,,,,,,,,,
,,,,,,,,,,,,,
� Crown Copyright 2020,,,,,,,,,,,,,
