"Figure 4: COVID-19 deaths registered between weeks 1 and 27 of 2020,  by health board of residence, Scotland",,,,,,,,,,,,,
,,,,,,,,,,,,,
,Total deaths to date,COVID-19 deaths to date,Population (2019),"COVID-19 death rate per 10,000 popualtion1",,,,,,,,,
,,,,,,,,,,,,,
Ayrshire and Arran," 2,819 ",293,"369,360",7.9,,,,,,,,,
Borders, 786 ,73,"115,510",6.3,,,,,,,,,
Dumfries and Galloway," 1,103 ",47,"148,860",3.2,,,,,,,,,
Fife," 2,270 ",200,"373,550",5.4,,,,,,,,,
Forth Valley," 1,998 ",237,"306,640",7.7,,,,,,,,,
Grampian," 3,259 ",258,"585,700",4.4,,,,,,,,,
Greater Glasgow and Clyde," 8,091 ","1,328","1,183,120",11.2,,,,,,,,,
Highland," 2,112 ",114,"321,700",3.5,,,,,,,,,
Lanarkshire," 4,529 ",581,"661,900",8.8,,,,,,,,,
Lothian," 5,030 ",720,"907,580",7.9,,,,,,,,,
Orkney, 127 ,2,"22,270",0.9,,,,,,,,,
Shetland, 114 ,7,"22,920",3.1,,,,,,,,,
Tayside," 2,964 ",313,"417,470",7.5,,,,,,,,,
Western Isles, 195 ,0,"26,720",0.0,,,,,,,,,
,,,,,,,,,,,,,
Footnote:,,,,,,,,,,,,,
"1) These are crude rates per 100,000 people and therefore different to the age satndardised rates published in the monthly extra analysis.",,,,,,,,,,,,,
,,,,,,,,,,,,,
� Crown Copyright 2020,,,,,,,,,,,,,
,,,,,,,,,,,,,
,,,,,,,,,,,,,
,,,,,,,,,,,,,
,,,,,,,,,,,,,
,,,,,,,,,,,,,
