"Figure 3a: COVID-19 deaths registered between weeks 1 and 28, 2020 by age group, Scotland",,,,,,,,,,,,,
"Figure 3b: All deaths registered between weeks 1 and 28, 2020 by age group, Scotland",,,,,,,,,,,,,
,,,,,,,,,,,,,
,Total deaths to date,Proportions,Covid deaths to date,Proportions,,,,,,,,,
Under 1 year,81,0%,0,0%,,,,,,,,,
01-14,48,0%,0,0%,,,,,,,,,
15-44,"1,284",4%,28,1%,,,,,,,,,
45-64,"4,982",14%,345,8%,,,,,,,,,
65-74,"6,488",18%,600,14%,,,,,,,,,
75-84,"10,896",30%,"1,397",33%,,,,,,,,,
85+,"12,592",35%,"1,817",43%,,,,,,,,,
,,,,,,,,,,,,,
� Crown Copyright 2020,,,,,,,,,,,,,
