"Figure 3a: COVID-19 deaths registered between weeks 1 and 26, 2020 by age group, Scotland",,,,,,,,,,,,,
"Figure 3b: All deaths registered between weeks 1 and 26, 2020 by age group, Scotland",,,,,,,,,,,,,
,,,,,,,,,,,,,
,Total deaths to date,Proportions,Covid deaths to date,Proportions,,,,,,,,,
Under 1 year,79,0%,0,0%,,,,,,,,,
01-14,45,0%,0,0%,,,,,,,,,
15-44,"1,183",3%,27,1%,,,,,,,,,
45-64,"4,676",14%,343,8%,,,,,,,,,
65-74,"6,104",18%,597,14%,,,,,,,,,
75-84,"10,342",30%,"1,385",33%,,,,,,,,,
85+,"11,988",35%,"1,803",43%,,,,,,,,,
,,,,,,,,,,,,,
� Crown Copyright 2020,,,,,,,,,,,,,
