"Figure 6: Excess Deaths  by underlying cause of death1 and location, week 12 to 26, 2020",,,,,,,,,,,,
,,,,,,,,,,,,
Location of death,Hospital,Care Home,Home/ Non-institution,Other institution,,,,,,,,
,,,,,,,,,,,,
Resgistered deaths: five year average,,,,,,,,,,,,
,,,,,,,,,,,,
Cancer,"2,102",983,"1,408",30,,,,,,,,
Dementia / Alzheimers,346,"1,122",144,13,,,,,,,,
Circulatory,"2,196",722,"1,303",8,,,,,,,,
Respiratory,"1,206",312,358,3,,,,,,,,
Other,"2,027",514,"1,125",13,,,,,,,,
All,"7,875","3,652","4,337",68,,,,,,,,
Registered deaths: 2020,,,,,,,,,,,,
,,,,,,,,,,,,
Cancer,"1,566",845,"2,232",10,,,,,,,,
Dementia / Alzheimers,223,"1,514",290,16,,,,,,,,
Circulatory,"1,736",823,"1,834",10,,,,,,,,
Respiratory,767,319,461,3,,,,,,,,
COVID-19,"1,767","1,865",239,7,,,,,,,,
Other,"1,850",749,"1,698",12,,,,,,,,
All,"7,909","6,115","6,754",58,,,,,,,,
Difference,,,,,,,,,,,,
,,,,,,,,,,,,
Cancer,-536,-138,824,-20,,,,,,,,
Dementia / Alzheimers,-123,392,146,3,,,,,,,,
Circulatory,-460,101,531,2,,,,,,,,
Respiratory,-439,7,103,0,,,,,,,,
COVID-19,"1,767","1,865",239,7,,,,,,,,
Other,-177,235,573,-1,,,,,,,,
All,34,"2,463","2,417",-10,,,,,,,,
,,,,,,,,,,,,
Footnote,,,,,,,,,,,,
1) The ICD 10 codes for disease categories are as follows:,,,,,,,,,,,,
Cancer: C00-C97,,,,,,,,,,,,
"Dementia and Alzheimer's: F01, F03 and G30",,,,,,,,,,,,
Circulatory: I00:I99,,,,,,,,,,,,
Respiratory: J00-J99,,,,,,,,,,,,
COVID-19: U07,,,,,,,,,,,,
,,,,,,,,,,,,
� Crown Copyright 2020,,,,,,,,,,,,
