"Table 3: Provisional1 figures on deaths registered2 in Scotland by location and area of usual residence, 2020 up to 28th June (week 26)",,,,,,,,,,,,,
,,,,,,,,,,,,,
,Deaths where COVID-19 was mentioned on the death certificate,,,,,,Deaths from all causes,,,,,,
,"Care
Home",Home / Non-institution,Hospital,"Other
institution3",All locations,,"Care
Home",Home / Non-institution,Hospital,"Other
institution3",All locations,,
,,,,,,,,,,,,,
,,,,,,,,,,,,,
,,,,,,,,,,,,,
All areas,"1,934",289,"1,925",7,"4,155",,"9,287","10,565","14,450",115,"34,417",,
,,,,,,,,,,,,,
Deaths by NHS Board of usual residence 4,,,,,,,,,,,,,
,,,,,,,,,,,,,
Ayrshire and Arran,132,20,141,0,293,,672,816,"1,252",3,"2,743",,
Borders,12,7,53,0,72,,133,204,375,49,761,,
Dumfries and Galloway,9,1,37,0,47,,210,347,509,0,"1,066",,
Fife,75,17,108,0,200,,533,676,985,0,"2,194",,
Forth Valley,119,24,93,0,236,,568,610,763,4,"1,945",,
Grampian,119,28,111,0,258,,815,975,"1,383",2,"3,175",,
Greater Glasgow and Clyde,614,62,643,5,"1,324",,"2,331","2,364","3,173",19,"7,887",,
Highland,38,15,61,0,114,,498,732,818,0,"2,048",,
Lanarkshire,237,51,289,2,579,,"1,105","1,443","1,854",18,"4,420",,
Lothian,420,37,256,0,713,,"1,520","1,369","2,000",1,"4,890",,
Orkney,0,0,2,0,2,,18,78,29,0,125,,
Shetland,5,0,2,0,7,,48,30,32,0,110,,
Tayside,154,27,129,0,310,,768,865,"1,211",19,"2,863",,
Western Isles,0,0,0,0,0,,68,56,66,0,190,,
,,,,,,,,,,,,,
Deaths by Council Area of usual residence4,,,,,,,,,,,,,
,,,,,,,,,,,,,
Aberdeen City,60,7,55,0,122,,305,339,562,0,"1,206",,
Aberdeenshire,57,15,44,0,116,,401,427,585,2,"1,415",,
Angus,51,5,19,0,75,,218,260,312,0,790,,
Argyll and Bute,23,8,33,0,64,,130,251,254,0,635,,
City of Edinburgh,249,18,155,0,422,,923,735,"1,057",0,"2,715",,
Clackmannanshire,35,1,11,0,47,,122,97,128,2,349,,
Dumfries and Galloway,9,1,37,0,47,,210,347,509,0,"1,066",,
Dundee City,83,16,67,0,166,,263,328,489,0,"1,080",,
East Ayrshire,34,5,36,0,75,,175,281,392,2,850,,
East Dunbartonshire,93,4,40,0,137,,266,194,265,0,725,,
East Lothian,54,4,22,0,80,,194,163,266,0,623,,
East Renfrewshire,48,4,48,0,100,,180,149,224,1,554,,
Falkirk,65,15,54,0,134,,298,344,442,0,"1,084",,
Fife,75,17,108,0,200,,533,676,985,0,"2,194",,
Glasgow City,277,27,334,5,643,,"1,097","1,206","1,606",13,"3,922",,
Highland,15,7,28,0,50,,368,481,564,0,"1,413",,
Inverclyde,39,13,64,0,116,,206,218,312,0,736,,
Midlothian,75,5,37,0,117,,179,143,232,0,554,,
Moray,2,6,12,0,20,,109,209,236,0,554,,
Na h-Eileanan Siar,0,0,0,0,0,,68,56,66,0,190,,
North Ayrshire,47,10,49,0,106,,237,304,462,1,"1,004",,
North Lanarkshire,94,22,150,1,267,,471,747,959,11,"2,188",,
Orkney Islands,0,0,2,0,2,,18,78,29,0,125,,
Perth and Kinross,20,6,43,0,69,,287,277,410,19,993,,
Renfrewshire,98,9,98,0,205,,400,357,506,5,"1,268",,
Scottish Borders,12,7,53,0,72,,133,204,375,49,761,,
Shetland Islands,5,0,2,0,7,,48,30,32,0,110,,
South Ayrshire,51,5,56,0,112,,260,231,398,0,889,,
South Lanarkshire,143,29,139,1,312,,634,696,895,7,"2,232",,
Stirling,19,8,28,0,55,,148,169,193,2,512,,
West Dunbartonshire,59,5,59,0,123,,182,240,260,0,682,,
West Lothian,42,10,42,0,94,,224,328,445,1,998,,
,,,,,,,,,,,,,
,,,,,,,,,,,,,
Footnotes,,,,,,,,,,,,,
1) Figures are provisional and subject to change.,,,,,,,,,,,,,
"2) Figures are based on date of registration.  In Scotland deaths must be registered within 8 days although in practice, the average time between death and registration is around 3 days. More information on days between occurrence and registration can be found on the NRS website.",,,,,,,,,,,,,
,,,,,,,,,,,,,
"3) Other institutions include clinics, medical centres, prisons and schools.",,,,,,,,,,,,,
"4) Figures include non-residents.  Deaths are allocated to area based on the usual residence of the deceased.  If the deceased was not a Scottish resident, the death is allocated to the area where the death occurred.",,,,,,,,,,,,,
,,,,,,,,,,,,,
Source: National Records of Scotland.,,,,,,,,,,,,,
,,,,,,,,,,,,,
� Crown Copyright 2020,,,,,,,,,,,,,
