"Figure 4: Excess Deaths  by underlying cause of death1 and location, week 12 to most recent, 2020",,,,,,,,,,,,,
,,,,,,,,,,,,,
Location of death,Hospital,Care Home,Home/ Non-institution,Other institution,,,,,,,,,
,,,,,,,,,,,,,
Registered deaths: five year average,,,,,,,,,,,,,
,,,,,,,,,,,,,
Cancer,"5,628","2,626","3,663",78,,,,,,,,,
Dementia / Alzheimer's,915,"2,919",369,36,,,,,,,,,
Circulatory,"5,546","1,832","3,360",27,,,,,,,,,
Respiratory,"2,934",766,902,9,,,,,,,,,
Other,"5,267","1,350","2,895",34,,,,,,,,,
All,"20,294","9,501","11,189",182,,,,,,,,,
Registered deaths: 2020,,,,,,,,,,,,,
,,,,,,,,,,,,,
Cancer,"4,373","2,182","5,398",50,,,,,,,,,
Dementia / Alzheimer's,679,"3,135",668,38,,,,,,,,,
Circulatory,"4,758","1,878","4,418",34,,,,,,,,,
Respiratory,"1,961",643,"1,008",11,,,,,,,,,
COVID-19,"2,901","2,331",305,10,,,,,,,,,
Other,"5,032","1,655","4,033",44,,,,,,,,,
All,"19,704","11,824","15,830",187,,,,,,,,,
Difference,,,,,,,,,,,,,
,,,,,,,,,,,,,
Cancer,"-1,255",-444,"1,735",-28,,,,,,,,,
Dementia / Alzheimer's,-236,216,299,2,,,,,,,,,
Circulatory,-788,46,"1,058",7,,,,,,,,,
Respiratory,-973,-123,106,2,,,,,,,,,
COVID-19,"2,901","2,331",305,10,,,,,,,,,
Other,-235,305,"1,138",10,,,,,,,,,
All,-590,"2,323","4,641",5,,,,,,,,,
,,,,,,,,,,,,,
Footnote,,,,,,,,,,,,,
1) The ICD 10 codes for disease categories are as follows:,,,,,,,,,,,,,
Cancer: C00-C97,,,,,,,,,,,,,
"Dementia and Alzheimer's: F01, F03 and G30",,,,,,,,,,,,,
Circulatory: I00:I99,,,,,,,,,,,,,
Respiratory: J00-J99,,,,,,,,,,,,,
COVID-19: U07,,,,,,,,,,,,,
,,,,,,,,,,,,,
� Crown Copyright 2020,,,,,,,,,,,,,
