"Figure 10: Main pre-existing medical condition in deaths involving COVID-19, by age and sex,  between 1st March 2020 and 30th November 20201.2",,,,,,,,,,,,,,
,,,,,,,,,,,,,,
Month,Pre-existing condition,Number of COVID-19 deaths,Proportion of all COVID-19 deaths,,,,,,,,,,,
,,,,,,,,,,,,,,
Males under 65,none, 57 ,15%,,,,,,,,,,,
,Influenza and pneumonia, 19 ,5%,,,,,,,,,,,
,Cirrhosis and other disease of liver, 35 ,10%,,,,,,,,,,,
,Ischaemic heart diseases, 36 ,10%,,,,,,,,,,,
,Chronic lower respiratory diseases, 42 ,11%,,,,,,,,,,,
,Diabetes, 48 ,13%,,,,,,,,,,,
,Total Deaths, 368 ,,,,,,,,,,,,
,,,,,,,,,,,,,,
Males 65+,none, 162 ,6%,,,,,,,,,,,
,Diabetes, 129 ,5%,,,,,,,,,,,
,Cerebrovascular disease, 190 ,7%,,,,,,,,,,,
,Chronic lower respiratory diseases, 243 ,9%,,,,,,,,,,,
,Ischaemic heart diseases, 527 ,20%,,,,,,,,,,,
,Dementia and Alzheimer Disease, 618 ,24%,,,,,,,,,,,
,Total Deaths," 2,599 ",,,,,,,,,,,,
,,,,,,,,,,,,,,
Females under 65,none, 27 ,14%,,,,,,,,,,,
,Influenza and pneumonia, 14 ,7%,,,,,,,,,,,
,Cirrhosis and other disease of liver, 15 ,8%,,,,,,,,,,,
,Diabetes, 18 ,9%,,,,,,,,,,,
,Ischaemic heart diseases, 19 ,10%,,,,,,,,,,,
,Chronic lower respiratory diseases, 38 ,19%,,,,,,,,,,,
,Total Deaths, 197 ,,,,,,,,,,,,
,,,,,,,,,,,,,,
Females 65+,none, 170 ,6%,,,,,,,,,,,
,"Symptoms, signs and ill-defined conditions", 132 ,5%,,,,,,,,,,,
,Cerebrovascular disease, 162 ,6%,,,,,,,,,,,
,Ischaemic heart diseases, 211 ,8%,,,,,,,,,,,
,Chronic lower respiratory diseases, 323 ,12%,,,,,,,,,,,
,Dementia and Alzheimer Disease," 1,031 ",39%,,,,,,,,,,,
,Total Deaths," 2,658 ",,,,,,,,,,,,
,,,,,,,,,,,,,,
Note:,,,,,,,,,,,,,,
Further information on pre-existing conditions can be found in the publication.,,,,,,,,,,,,,,
1) Figures are for deaths occurring between 1 March 2020 and 30 November 2020. Figures only include deaths that were registered by 9 December. More information on registration delays can be found on the NRS website:,,,,,,,,,,,,,,
,,,,,,,,,,,,,,
2) The rows for conditions do not sum to the total number of deaths because only the most common 5 conditions are listed here.,,,,,,,,,,,,,,
,,,,,,,,,,,,,,
� Crown Copyright 2020,,,,,,,,,,,,,,
,,,,,,,,,,,,,,
,,,,,,,,,,,,,,
,,,,,,,,,,,,,,
,,,,,,,,,,,,,,
,,,,,,,,,,,,,,
,,,,,,,,,,,,,,
,,,,,,,,,,,,,,
,,,,,,,,,,,,,,
,,,,,,,,,,,,,,
