"Figure 4: Excess Deaths  by underlying cause of death1 and location, week 12 to 37, 2020",,,,,,,,,,,,
,,,,,,,,,,,,
Location of death,Hospital,Care Home,Home/ Non-institution,Other institution,,,,,,,,
,,,,,,,,,,,,
Registered deaths: five year average,,,,,,,,,,,,
,,,,,,,,,,,,
Cancer,"3,675","1,732","2,427",53,,,,,,,,
Dementia / Alzheimer's,582,"1,862",243,21,,,,,,,,
Circulatory,"3,647","1,198","2,182",16,,,,,,,,
Respiratory,"1,909",490,587,3,,,,,,,,
Other,"3,462",871,"1,927",22,,,,,,,,
All,"13,280","6,154","7,368",116,,,,,,,,
Registered deaths: 2020,,,,,,,,,,,,
,,,,,,,,,,,,
Cancer,"2,835","1,484","3,674",32,,,,,,,,
Dementia / Alzheimer's,400,"2,174",461,21,,,,,,,,
Circulatory,"3,049","1,284","2,957",24,,,,,,,,
Respiratory,"1,289",452,682,8,,,,,,,,
COVID-19,"1,789","1,880",241,7,,,,,,,,
Other,"3,225","1,143","2,806",31,,,,,,,,
All,"12,587","8,417","10,821",123,,,,,,,,
Difference,,,,,,,,,,,,
,,,,,,,,,,,,
Cancer,-840,-248,"1,247",-21,,,,,,,,
Dementia / Alzheimer's,-182,312,218,0,,,,,,,,
Circulatory,-598,86,775,8,,,,,,,,
Respiratory,-620,-38,95,5,,,,,,,,
COVID-19,"1,789","1,880",241,7,,,,,,,,
Other,-237,272,879,9,,,,,,,,
All,-693,"2,263","3,453",7,,,,,,,,
,,,,,,,,,,,,
Footnote,,,,,,,,,,,,
1) The ICD 10 codes for disease categories are as follows:,,,,,,,,,,,,
Cancer: C00-C97,,,,,,,,,,,,
"Dementia and Alzheimer's: F01, F03 and G30",,,,,,,,,,,,
Circulatory: I00:I99,,,,,,,,,,,,
Respiratory: J00-J99,,,,,,,,,,,,
COVID-19: U07,,,,,,,,,,,,
,,,,,,,,,,,,
� Crown Copyright 2020,,,,,,,,,,,,
