"Figure 10: COVID-19 death rate by SIMD quintile,  between 1st March 2020 and 31st August 20201,2,3,4,5,6,7",,,,,,,,,,,,,,,,
,,,,,,,,,,,,,,,,
,Quintile,Rate,Lower CI,Upper CI,,,,,,,,,,,,
All causes,1 (most deprived),873.2,854.1,892.2,19.1,,,,,,,,,,,
,2,696.6,680.6,712.5,16.0,,,,,,,,,,,
,3,593.5,579.4,607.6,14.1,,,,,,,,,,,
,4,531.7,518.5,545.0,13.2,,,,,,,,,,,
,5 (least deprived),452.3,440.1,464.5,12.2,,,,,,,,,,,
COVID-19,1 (most deprived),123.6,116.2,131.0,7.4,,,,,,,,,,,
,2,92.5,86.5,98.4,6.0,,,,,,,,,,,
,3,73.4,68.3,78.5,5.1,,,,,,,,,,,
,4,69.9,65.0,74.8,4.9,,,,,,,,,,,
,5 (least deprived),59.3,54.8,63.8,4.5,,,,,,,,,,,
,,,,,,,,,,,,,,,,
Footnotes:,,,,,,,,,,,,,,,,
"1) Age-standardised mortality rates are presented per 100,000 people and standardised to the 2013 European Standard Population. Age-standardised mortality rates allow for differences in the age structure of populations and therefore allow valid comparisons to be made between geographical areas, the sexes and over time. ",,,,,,,,,,,,,,,,
,,,,,,,,,,,,,,,,
"2) The lower and upper 95% confidence limits have been provided. These form a confidence interval, which is a measure of the statistical precision of an estimate and shows the range of uncertainty around the estimated figure. Calculations based on small numbers of events are often subject to random fluctuations. As a general rule, if the confidence interval around one figure overlaps with the interval around another, we cannot say with certainty that there is more than a chance difference between the two figures.",,,,,,,,,,,,,,,,
,,,,,,,,,,,,,,,,
,,,,,,,,,,,,,,,,
"3) Rates have been calculated using 2018 mid-year population estimates, the most up-to-date estimates for quintiles that were available when this table was published.",,,,,,,,,,,,,,,,
"4) Causes of death was defined using the International Classification of Diseases, Tenth Revision (ICD-10) codes U07.1 and U07.2. Figures include deaths where coronavirus (COVID-19) was the underlying cause or was mentioned on the death certificate as a contributory factor. ",,,,,,,,,,,,,,,,
,,,,,,,,,,,,,,,,
"5) Deprivation quintiles are based on the Scottish Index of Multiple Deprivation, version 2020 (SIMD 2020) which is the official measure of relative deprivation for small areas in Scotland. It is designed to identify those small areas where there are the highest concentrations of several different types of deprivation. SIMD quintiles range from 1 to 5, with 1 being the most deprived and 5 being the least deprived. ",,,,,,,,,,,,,,,,
,,,,,,,,,,,,,,,,
6) More information about SIMD can be found at:,,,,,,,,,,,,,,,,
Scottish Government website,,,,,,,,,,,,,,,,
Scottish Index of Multiple Deprivation,,,,,,,,,,,,,,,,
7) Figures are for deaths occurring between 1 March 2020 and 31 August 2020. Figures only include deaths that were registered by 10 September 2020. More information on registration delays can be found on the NRS website:,,,,,,,,,,,,,,,,
,,,,,,,,,,,,,,,,
,,,,,,,,,,,,,,,,
� Crown Copyright 2020,,,,,,,,,,,,,,,,
