"Figure 9: Main pre-existing medical condition in deaths involving COVID-19,  between 1st March 2020 and 31st August 20201",,,,,,,,,,,,,,
,,,,,,,,,,,,,,
Month,Pre-existing condition,Number of COVID-19 deaths,Proportion of all COVID-19 deaths,,,,,,,,,,,
,,,,,,,,,,,,,,
March,none, 25 ,8%,,,,,,,,,,,
,Diabetes, 20 ,7%,,,,,,,,,,,
,Influenza and pneumonia, 21 ,7%,,,,,,,,,,,
,Dementia and Alzheimer's Disease, 30 ,10%,,,,,,,,,,,
,Ischaemic heart diseases, 51 ,17%,,,,,,,,,,,
,Chronic lower respiratory diseases, 53 ,18%,,,,,,,,,,,
,Total Deaths, 297 ,,,,,,,,,,,,
April,none, 215 ,9%,,,,,,,,,,,
,Diseases of the urinary system, 110 ,4%,,,,,,,,,,,
,Cerebrovascular disease, 152 ,6%,,,,,,,,,,,
,Chronic lower respiratory diseases, 279 ,11%,,,,,,,,,,,
,Ischaemic heart diseases, 316 ,13%,,,,,,,,,,,
,Dementia and Alzheimer's Disease, 783 ,31%,,,,,,,,,,,
,Total Deaths," 2,504 ",,,,,,,,,,,,
May,none, 89 ,8%,,,,,,,,,,,
,"Symptoms, signs and ill-defined conditions", 55 ,5%,,,,,,,,,,,
,Cerebrovascular disease, 66 ,6%,,,,,,,,,,,
,Chronic lower respiratory diseases, 89 ,8%,,,,,,,,,,,
,Ischaemic heart diseases, 132 ,11%,,,,,,,,,,,
,Dementia and Alzheimer's Disease, 442 ,38%,,,,,,,,,,,
,Total Deaths," 1,175 ",,,,,,,,,,,,
June,none, 14 ,7%,,,,,,,,,,,
,Influenza and pneumonia, 10 ,5%,,,,,,,,,,,
,Cerebrovascular disease, 12 ,6%,,,,,,,,,,,
,Chronic lower respiratory diseases, 19 ,10%,,,,,,,,,,,
,Ischaemic heart diseases, 25 ,13%,,,,,,,,,,,
,Dementia and Alzheimer's Disease, 55 ,28%,,,,,,,,,,,
,Total Deaths, 197 ,,,,,,,,,,,,
July,none, 1 ,3%,,,,,,,,,,,
,Diseases of the musculoskeletal system and connective tissue, 2 ,5%,,,,,,,,,,,
,Cerebrovascular disease, 3 ,8%,,,,,,,,,,,
,Chronic lower respiratory diseases, 4 ,11%,,,,,,,,,,,
,Dementia and Alzheimer's Disease, 9 ,24%,,,,,,,,,,,
,Ischaemic heart diseases, 11 ,29%,,,,,,,,,,,
,Total Deaths, 38 ,100%,,,,,,,,,,,
August,none, 1 ,3%,,,,,,,,,,,
,Chronic lower respiratory diseases, 2 ,5%,,,,,,,,,,,
,Influenza and pneumonia, 2 ,5%,,,,,,,,,,,
,Cerebrovascular disease, 2 ,5%,,,,,,,,,,,
,Ischaemic heart diseases, 4 ,11%,,,,,,,,,,,
,Dementia and Alzheimer Disease, 7 ,18%,,,,,,,,,,,
,Total Deaths, 20 ,53%,,,,,,,,,,,
March - August combined,none, 345 ,8%,,,,,,,,,,,
,Diabetes, 167 ,4%,,,,,,,,,,,
,Cerebrovascular disease, 252 ,6%,,,,,,,,,,,
,Chronic lower respiratory diseases, 446 ,11%,,,,,,,,,,,
,Ischaemic heart diseases, 539 ,13%,,,,,,,,,,,
,Dementia and Alzheimer Disease," 1,326 ",31%,,,,,,,,,,,
,Total Deaths," 4,231 ",,,,,,,,,,,,
,,,,,,,,,,,,,,
Note:,,,,,,,,,,,,,,
Further information on pre-existing conditions can be found on page 17 of the publication.,,,,,,,,,,,,,,
1) Figures are for deaths occurring between 1 March 2020 and 31 August2020. Figures only include deaths that were registered by 10 September. More information on registration delays can be found on the NRS website:,,,,,,,,,,,,,,
,,,,,,,,,,,,,,
,,,,,,,,,,,,,,
� Crown Copyright 2020,,,,,,,,,,,,,,
,,,,,,,,,,,,,,
,,,,,,,,,,,,,,
,,,,,,,,,,,,,,
,,,,,,,,,,,,,,
,,,,,,,,,,,,,,
,,,,,,,,,,,,,,
,,,,,,,,,,,,,,
,,,,,,,,,,,,,,
,,,,,,,,,,,,,,
