"Figure 3a: COVID-19 deaths registered between weeks 1 and 15, 2020 by age group, Scotland",,,,,,,,,,,,,
"Figure 3b: All deaths registered between weeks 1 and 15, 2020 by age group, Scotland",,,,,,,,,,,,,
,Total deaths to date,,Covid deaths to date,,,,,,,,,,
,,Proportions,,Proportions,,,,,,,,,
Under 1 year,49,0.3%,0,0.0%,,,,,,,,,
01-14,27,0.1%,0,0.0%,,,,,,,,,
15-44,641,3.3%,8,0.8%,,,,,,,,,
45-64,2700,13.8%,108,11.2%,,,,,,,,,
65-74,3584,18.4%,183,19.0%,,,,,,,,,
75-84,5828,29.8%,359,37.3%,,,,,,,,,
85+,6697,34.3%,304,31.6%,,,,,,,,,
,,,,,,,,,,,,,
� Crown Copyright 2020,,,,,,,,,,,,,
