"Figure 6: Excess Deaths  by underlying cause of death1 and location, week 12 to 29, 2020",,,,,,,,,,,,
,,,,,,,,,,,,
Location of death,Hospital,Care Home,Home/ Non-institution,Other institution,,,,,,,,
,,,,,,,,,,,,
Resgistered deaths: five year average,,,,,,,,,,,,
,,,,,,,,,,,,
Cancer,"2,510","1,189","1,689",35,,,,,,,,
Dementia / Alzheimer's,412,"1,324",170,15,,,,,,,,
Circulatory,"2,609",852,"1,552",11,,,,,,,,
Respiratory,"1,405",364,423,3,,,,,,,,
Other,"2,439",616,"1,339",15,,,,,,,,
All,"9,374","4,345","5,173",79,,,,,,,,
Registered deaths: 2020,,,,,,,,,,,,
,,,,,,,,,,,,
Cancer,"1,887","1,006","2,639",15,,,,,,,,
Dementia / Alzheimer's,265,"1,693",335,18,,,,,,,,
Circulatory,"2,092",938,"2,155",16,,,,,,,,
Respiratory,907,350,519,4,,,,,,,,
COVID-19,"1,778","1,873",240,7,,,,,,,,
Other,"2,216",850,"2,002",20,,,,,,,,
All,"9,145","6,710","7,890",80,,,,,,,,
Difference,,,,,,,,,,,,
,,,,,,,,,,,,
Cancer,-623,-183,950,-20,,,,,,,,
Dementia / Alzheimer's,-147,369,165,3,,,,,,,,
Circulatory,-517,86,603,5,,,,,,,,
Respiratory,-498,-14,96,1,,,,,,,,
COVID-19,"1,778","1,873",240,7,,,,,,,,
Other,-223,234,663,5,,,,,,,,
All,-229,"2,365","2,717",1,,,,,,,,
,,,,,,,,,,,,
Footnote,,,,,,,,,,,,
1) The ICD 10 codes for disease categories are as follows:,,,,,,,,,,,,
Cancer: C00-C97,,,,,,,,,,,,
"Dementia and Alzheimer's: F01, F03 and G30",,,,,,,,,,,,
Circulatory: I00:I99,,,,,,,,,,,,
Respiratory: J00-J99,,,,,,,,,,,,
COVID-19: U07,,,,,,,,,,,,
,,,,,,,,,,,,
� Crown Copyright 2020,,,,,,,,,,,,
