"Table 3: Provisional1 figures on deaths registered2 in Scotland by location and area of usual residence, 2020 up to 19th July (week 29)",,,,,,,,,,,,,
,,,,,,,,,,,,,
,Deaths where COVID-19 was mentioned on the death certificate,,,,,,Deaths from all causes,,,,,,
,"Care
Home",Home / Non-institution,Hospital,"Other
institution3",All locations,,"Care
Home",Home / Non-institution,Hospital,"Other
institution3",All locations,,
,,,,,,,,,,,,,
,,,,,,,,,,,,,
,,,,,,,,,,,,,
All areas,"1,950",291,"1,945",7,"4,193",,"9,882","11,701","15,686",137,"37,406",,
,,,,,,,,,,,,,
Deaths by NHS Board of usual residence 4,,,,,,,,,,,,,
,,,,,,,,,,,,,
Ayrshire and Arran,132,20,141,0,293,,720,899,"1,370",4,"2,993",,
Borders,13,7,54,0,74,,145,233,405,61,844,,
Dumfries and Galloway,9,1,37,0,47,,220,397,554,0,"1,171",,
Fife,75,17,109,0,201,,576,754,"1,079",0,"2,409",,
Forth Valley,121,24,94,0,239,,609,668,828,5,"2,110",,
Grampian,121,28,111,0,260,,862,"1,098","1,500",3,"3,463",,
Greater Glasgow and Clyde,617,63,645,5,"1,330",,"2,466","2,611","3,414",19,"8,510",,
Highland,39,15,61,0,115,,544,819,889,0,"2,252",,
Lanarkshire,237,51,293,2,583,,"1,163","1,571","2,012",21,"4,767",,
Lothian,424,38,265,0,727,,"1,596","1,515","2,162",1,"5,274",,
Orkney,0,0,2,0,2,,18,82,34,0,134,,
Shetland,5,0,2,0,7,,52,36,38,0,126,,
Tayside,157,27,131,0,315,,838,954,"1,331",23,"3,146",,
Western Isles,0,0,0,0,0,,73,64,70,0,207,,
,,,,,,,,,,,,,
Deaths by Council Area of usual residence4,,,,,,,,,,,,,
,,,,,,,,,,,,,
Aberdeen City,61,7,55,0,123,,321,378,618,1,"1,318",,
Aberdeenshire,58,15,44,0,117,,420,480,636,2,"1,538",,
Angus,51,5,20,0,76,,236,280,343,0,859,,
Argyll and Bute,23,8,33,0,64,,137,278,275,0,690,,
City of Edinburgh,250,18,159,0,427,,966,801,"1,133",0,"2,900",,
Clackmannanshire,35,1,12,0,48,,131,103,143,3,380,,
Dumfries and Galloway,9,1,37,0,47,,220,397,554,0,"1,171",,
Dundee City,85,16,68,0,169,,284,367,540,1,"1,192",,
East Ayrshire,34,5,36,0,75,,186,318,420,3,927,,
East Dunbartonshire,93,4,40,0,137,,276,212,286,0,774,,
East Lothian,54,4,24,0,82,,206,192,290,0,688,,
East Renfrewshire,48,4,48,0,100,,196,162,243,1,602,,
Falkirk,67,15,54,0,136,,315,371,474,0,"1,160",,
Fife,75,17,109,0,201,,576,754,"1,079",0,"2,409",,
Glasgow City,279,28,335,5,647,,"1,165","1,339","1,723",13,"4,240",,
Highland,16,7,28,0,51,,407,541,614,0,"1,562",,
Inverclyde,39,13,64,0,116,,218,233,333,0,784,,
Midlothian,75,5,38,0,118,,189,156,256,0,601,,
Moray,2,6,12,0,20,,121,240,246,0,607,,
Na h-Eileanan Siar,0,0,0,0,0,,73,64,70,0,207,,
North Ayrshire,47,10,49,0,106,,250,335,506,1,"1,092",,
North Lanarkshire,94,22,152,1,269,,494,820,"1,048",12,"2,374",,
Orkney Islands,0,0,2,0,2,,18,82,34,0,134,,
Perth and Kinross,21,6,43,0,70,,318,307,448,22,"1,095",,
Renfrewshire,99,9,98,0,206,,425,395,549,5,"1,374",,
Scottish Borders,13,7,54,0,74,,145,233,405,61,844,,
Shetland Islands,5,0,2,0,7,,52,36,38,0,126,,
South Ayrshire,51,5,56,0,112,,284,246,444,0,974,,
South Lanarkshire,143,29,141,1,314,,669,751,964,9,"2,393",,
Stirling,19,8,28,0,55,,163,194,211,2,570,,
West Dunbartonshire,59,5,60,0,124,,186,270,280,0,736,,
West Lothian,45,11,44,0,100,,235,366,483,1,"1,085",,
,,,,,,,,,,,,,
,,,,,,,,,,,,,
Footnotes,,,,,,,,,,,,,
1) Figures are provisional and subject to change.,,,,,,,,,,,,,
"2) Figures are based on date of registration.  In Scotland deaths must be registered within 8 days although in practice, the average time between death and registration is around 3 days. More information on days between occurrence and registration can be found on the NRS website.",,,,,,,,,,,,,
,,,,,,,,,,,,,
"3) Other institutions include clinics, medical centres, prisons and schools.",,,,,,,,,,,,,
"4) Figures include non-residents.  Deaths are allocated to area based on the usual residence of the deceased.  If the deceased was not a Scottish resident, the death is allocated to the area where the death occurred.",,,,,,,,,,,,,
,,,,,,,,,,,,,
Source: National Records of Scotland.,,,,,,,,,,,,,
,,,,,,,,,,,,,
� Crown Copyright 2020,,,,,,,,,,,,,
