"Figure 3a: COVID-19 deaths registered between weeks 1 and 29, 2020 by age group, Scotland",,,,,,,,,,,,,
"Figure 3b: All deaths registered between weeks 1 and 29, 2020 by age group, Scotland",,,,,,,,,,,,,
,,,,,,,,,,,,,
,Total deaths to date,Proportions,Covid deaths to date,Proportions,,,,,,,,,
Under 1 year,87,0%,0,0%,,,,,,,,,
01-14,49,0%,0,0%,,,,,,,,,
15-44,"1,332",4%,28,1%,,,,,,,,,
45-64,"5,138",14%,345,8%,,,,,,,,,
65-74,"6,677",18%,600,14%,,,,,,,,,
75-84,"11,194",30%,"1,401",33%,,,,,,,,,
85+,"12,929",35%,"1,819",43%,,,,,,,,,
,,,,,,,,,,,,,
� Crown Copyright 2020,,,,,,,,,,,,,
