"Figure 3a: COVID-19 deaths registered between weeks 1 and 22, 2020 by age group, Scotland",,,,,,,,,,,,,
"Figure 3b: All deaths registered between weeks 1 and 22, 2020 by age group, Scotland",,,,,,,,,,,,,
,,,,,,,,,,,,,
,Total deaths to date,Proportions,Covid deaths to date,Proportions,,,,,,,,,
Under 1 year,68,0%,0,0%,,,,,,,,,
01-14,38,0%,0,0%,,,,,,,,,
15-44,984,3%,24,1%,,,,,,,,,
45-64,"4,077",13%,325,8%,,,,,,,,,
65-74,"5,348",18%,573,15%,,,,,,,,,
75-84,"9,051",30%,"1,307",33%,,,,,,,,,
85+,"10,638",35%,"1,682",43%,,,,,,,,,
,,,,,,,,,,,,,
� Crown Copyright 2020,,,,,,,,,,,,,
