"Table 3: Provisional1 figures on deaths registered2 in Scotland by location and area of usual residence, 2020 up to 31st May (week 22)",,,,,,,,,,,,,
,,,,,,,,,,,,,
,Deaths where COVID-19 was mentioned on the death certificate,,,,,,Deaths from all causes,,,,,,
,"Care
Home",Home / Non-institution,Hospital,"Other
institution3",All locations,,"Care
Home",Home / Non-institution,Hospital,"Other
institution3",All locations,,
,,,,,,,,,,,,,
,,,,,,,,,,,,,
,,,,,,,,,,,,,
All areas,"1,818",272,"1,815",6,"3,911",,"8,320","9,001","12,776",107,"30,204",,
,,,,,,,,,,,,,
Deaths by NHS Board of usual residence 4,,,,,,,,,,,,,
,,,,,,,,,,,,,
Ayrshire and Arran,122,20,134,0,276,,607,699,"1,099",3,"2,408",,
Borders,8,6,48,0,62,,110,174,318,49,651,,
Dumfries and Galloway,9,1,37,0,47,,181,295,448,0,924,,
Fife,69,17,103,0,189,,471,588,878,0,"1,937",,
Forth Valley,113,22,84,0,219,,507,506,677,4,"1,694",,
Grampian,112,26,102,0,240,,734,820,"1,221",2,"2,777",,
Greater Glasgow and Clyde,589,57,612,4,"1,262",,"2,103","2,005","2,828",17,"6,953",,
Highland,37,14,60,0,111,,442,621,724,0,"1,787",,
Lanarkshire,217,48,267,2,534,,981,"1,244","1,633",13,"3,871",,
Lothian,398,35,240,0,673,,"1,391","1,157","1,760",0,"4,308",,
Orkney,0,0,2,0,2,,13,72,21,0,106,,
Shetland,5,0,2,0,7,,46,25,29,0,100,,
Tayside,139,26,124,0,289,,680,748,"1,080",19,"2,527",,
Western Isles,0,0,0,0,0,,54,47,60,0,161,,
,,,,,,,,,,,,,
Deaths by Council Area of usual residence4,,,,,,,,,,,,,
,,,,,,,,,,,,,
Aberdeen City,54,6,50,0,110,,275,281,501,0,"1,057",,
Aberdeenshire,56,14,41,0,111,,364,366,520,2,"1,252",,
Angus,41,6,19,0,66,,187,224,267,0,678,,
Argyll and Bute,23,8,33,0,64,,118,219,224,0,561,,
City of Edinburgh,238,16,145,0,399,,854,621,930,0,"2,405",,
Clackmannanshire,33,1,9,0,43,,112,84,111,2,309,,
Dumfries and Galloway,9,1,37,0,47,,181,295,448,0,924,,
Dundee City,78,15,64,0,157,,238,288,434,0,960,,
East Ayrshire,29,5,36,0,70,,156,245,343,2,746,,
East Dunbartonshire,88,4,36,0,128,,242,165,233,0,640,,
East Lothian,52,4,21,0,77,,174,143,238,0,555,,
East Renfrewshire,47,4,44,0,95,,165,128,194,1,488,,
Falkirk,61,13,49,0,123,,268,280,392,0,940,,
Fife,69,17,103,0,189,,471,588,878,0,"1,937",,
Glasgow City,263,25,323,4,615,,987,"1,014","1,446",11,"3,458",,
Highland,14,6,27,0,47,,324,402,500,0,"1,226",,
Inverclyde,38,11,61,0,110,,181,187,276,0,644,,
Midlothian,73,5,36,0,114,,170,114,204,0,488,,
Moray,2,6,11,0,19,,95,173,200,0,468,,
Na h-Eileanan Siar,0,0,0,0,0,,54,47,60,0,161,,
North Ayrshire,44,10,47,0,101,,217,257,408,1,883,,
North Lanarkshire,90,19,142,1,252,,432,649,847,9,"1,937",,
Orkney Islands,0,0,2,0,2,,13,72,21,0,106,,
Perth and Kinross,20,5,41,0,66,,255,236,379,19,889,,
Renfrewshire,95,8,91,0,194,,371,304,450,5,"1,130",,
Scottish Borders,8,6,48,0,62,,110,174,318,49,651,,
Shetland Islands,5,0,2,0,7,,46,25,29,0,100,,
South Ayrshire,49,5,51,0,105,,234,197,348,0,779,,
South Lanarkshire,127,29,125,1,282,,549,595,786,4,"1,934",,
Stirling,19,8,26,0,53,,127,142,174,2,445,,
West Dunbartonshire,58,5,57,0,120,,157,207,229,0,593,,
West Lothian,35,10,38,0,83,,193,279,388,0,860,,
,,,,,,,,,,,,,
,,,,,,,,,,,,,
Footnotes,,,,,,,,,,,,,
1) Figures are provisional and subject to change.,,,,,,,,,,,,,
"2) Figures are based on date of registration.  In Scotland deaths must be registered within 8 days although in practice, the average time between death and registration is around 3 days. More information on days between occurrence and registration can be found on the NRS website.",,,,,,,,,,,,,
,,,,,,,,,,,,,
"3) Other institutions include clinics, medical centres, prisons and schools.",,,,,,,,,,,,,
"4) Figures include non-residents.  Deaths are allocated to area based on the usual residence of the deceased.  If the deceased was not a Scottish resident, the death is allocated to the area where the death occurred.",,,,,,,,,,,,,
,,,,,,,,,,,,,
Source: National Records of Scotland.,,,,,,,,,,,,,
,,,,,,,,,,,,,
� Crown Copyright 2020,,,,,,,,,,,,,
