#REF!,,,,,,,,,,,,,,
,,,,,,,,,,,,,,
,Pre-existing condition,Number of COVID-19 deaths,Proportion of all COVID-19 deaths,,,,,,,,,,,
,,,,,,,,,,,,,,
Males under 65,none, 92 ,15%,,,,,,,,,,,
,Influenza and pneumonia, 49 ,8%,,,,,,,,,,,
,Cirrhosis and other disease of liver, 53 ,8%,,,,,,,,,,,
,Chronic lower respiratory diseases, 61 ,10%,,,,,,,,,,,
,Ischaemic heart diseases, 73 ,12%,,,,,,,,,,,
,Diabetes, 85 ,13%,,,,,,,,,,,
,Total Deaths, 633 ,,,,,,,,,,,,
,,,,,,,,,,,,,,
Males 65+,none, 262 ,6%,,,,,,,,,,,
,Influenza and pneumonia, 296 ,7%,,,,,,,,,,,
,Cerebrovascular disease, 325 ,8%,,,,,,,,,,,
,Chronic lower respiratory diseases, 410 ,10%,,,,,,,,,,,
,Ischaemic heart diseases, 869 ,20%,,,,,,,,,,,
,Dementia and Alzheimer's Disease, 939 ,22%,,,,,,,,,,,
,Total Deaths," 4,297 ",,,,,,,,,,,,
,,,,,,,,,,,,,,
Females under 65,none, 43 ,11%,,,,,,,,,,,
,Cirrhosis and other disease of liver, 26 ,7%,,,,,,,,,,,
,Influenza and pneumonia, 30 ,8%,,,,,,,,,,,
,Ischaemic heart diseases, 38 ,10%,,,,,,,,,,,
,Diabetes, 38 ,10%,,,,,,,,,,,
,Chronic lower respiratory diseases, 87 ,22%,,,,,,,,,,,
,Total Deaths, 397 ,,,,,,,,,,,,
,,,,,,,,,,,,,,
Females 65+,none, 260 ,6%,,,,,,,,,,,
,Cerebrovascular disease, 280 ,6%,,,,,,,,,,,
,Influenza and pneumonia, 304 ,7%,,,,,,,,,,,
,Ischaemic heart diseases, 352 ,8%,,,,,,,,,,,
,Chronic lower respiratory diseases, 552 ,13%,,,,,,,,,,,
,Dementia and Alzheimer's Disease," 1,512 ",35%,,,,,,,,,,,
,Total Deaths," 4,354 ",,,,,,,,,,,,
,,,,,,,,,,,,,,
Note:,,,,,,,,,,,,,,
Further information on pre-existing conditions can be found in the publication.,,,,,,,,,,,,,,
#REF!,,,,,,,,,,,,,,
,,,,,,,,,,,,,,
2) The rows for conditions do not sum to the total number of deaths because only the most common 5 conditions are listed here.,,,,,,,,,,,,,,
,,,,,,,,,,,,,,
� Crown Copyright 2021,,,,,,,,,,,,,,
,,,,,,,,,,,,,,
#REF!,,,,,,,,,,,,,,
,,,,,,,,,,,,,,
,,,,,,,,,,,,,,
,,,,,,,,,,,,,,
,,,,,,,,,,,,,,
,,,,,,,,,,,,,,
,,,,,,,,,,,,,,
,,,,,,,,,,,,,,
