#REF!,,,,,,,,,,,,
,,,,,,,,,,,,
Month,Rank,Cause,ICD codes,Deaths1,Percentage of all deaths,,,,,,,
,,,,,,,,,,,,
March,1,Dementia and Alzheimer's Disease,"F01, F03, G30                                                                        ", 656 ,11.6%,11.6,,,,,,
,2,Ischaemic heart diseases,I20-I25                                                                              , 598 ,10.6%,10.6,,,,,,
,3,Cerebrovascular disease,I60-I69                                                                              , 379 ,6.7%,6.7,,,,,,
,4,"Malignant neoplasm of trachea, bronchus and lung",C33-C34                                                                              , 365 ,6.5%,6.5,,,,,,
,5,Chronic lower respiratory diseases,J40-J47                                                                              , 278 ,4.9%,4.9,,,,,,
April,1,COVID-19,U07                                                                                  ," 2,411 ",31.3%,31.3,,,,,,
,2,Dementia and Alzheimer's Disease,"F01, F03, G30                                                                        ", 784 ,10.2%,10.2,,,,,,
,3,Ischaemic heart diseases,I20-I25                                                                              , 577 ,7.5%,7.5,,,,,,
,4,Cerebrovascular disease,I60-I69                                                                              , 375 ,4.9%,4.9,,,,,,
,5,"Malignant neoplasm of trachea, bronchus and lung",C33-C34                                                                              , 331 ,4.3%,4.3,,,,,,
May,1,COVID-19,U07," 1,064 ",18.4%,18.4,,,,,,
,2,Ischaemic heart diseases,I20-I25, 559 ,9.7%,9.7,,,,,,
,3,Dementia and Alzheimer's Disease,"F01, F03, G30", 501 ,8.7%,8.7,,,,,,
,4,Cerebrovascular disease,I60-I69, 319 ,5.5%,5.5,,,,,,
,5,"Malignant neoplasm of trachea, bronchus and lung",C33-C34, 286 ,4.9%,4.9,,,,,,
June,1,Ischaemic heart diseases,I20-I25, 475 ,10.7%,10.7,,,,,,
,2,Dementia and Alzheimer's Disease,"F01, F03, G30", 393 ,8.8%,8.8,,,,,,
,3,"Malignant neoplasm of trachea, bronchus and lung",C33-C34, 287 ,6.5%,6.5,,,,,,
,4,Cerebrovascular disease,I60-I69, 278 ,6.3%,6.3,,,,,,
,5,Chronic lower respiratory diseases,J40-J47, 205 ,4.6%,4.6,,,,,,
July,1,Ischaemic heart diseases,I20-I25, 527 ,11.7%,11.7,,,,,,
,2,Dementia and Alzheimer's Disease,"F01, F03, G30", 416 ,9.2%,9.2,,,,,,
,3,Cerebrovascular disease,I60-I69, 315 ,7.0%,7,,,,,,
,4,"Malignant neoplasm of trachea, bronchus and lung",C33-C34, 313 ,7.0%,7,,,,,,
,5,"Symptoms, signs and ill-defined conditions",R00-R99, 162 ,3.6%,3.6,,,,,,
August,1,Ischaemic heart diseases,I20-I25, 500 ,11.3%,11.3,,,,,,
,2,Dementia and Alzheimer's Disease,"F01, F03, G30", 415 ,9.4%,9.4,,,,,,
,3,"Malignant neoplasm of trachea, bronchus and lung",C33-C34, 325 ,7.3%,7.3,,,,,,
,4,Cerebrovascular disease,I60-I69, 275 ,6.2%,6.2,,,,,,
,5,Chronic lower respiratory diseases,J40-J47, 190 ,4.3%,4.3,,,,,,
September,1,Ischaemic heart diseases,I20-I25, 506 ,11.3%,11.3,,,,,,
,2,Dementia and Alzheimer's Disease,"F01, F03, G30", 440 ,9.8%,9.8,,,,,,
,3,"Malignant neoplasm of trachea, bronchus and lung",C33-C34, 321 ,7.2%,7.2,,,,,,
,4,Cerebrovascular disease,I60-I69, 305 ,6.8%,6.8,,,,,,
,5,Chronic lower respiratory diseases,J40-J47, 212 ,4.7%,4.7,,,,,,
October,1,Ischaemic heart diseases,I20-I25, 573 ,11.0%,11,,,,,,
,2,Dementia and Alzheimer's Disease,"F01, F03, G30", 497 ,9.5%,9.5,,,,,,
,3,COVID-19,U07                                                                                  , 440 ,8.5%,8.5,,,,,,
,4,Cerebrovascular disease,I60-I69, 328 ,6.3%,6.3,,,,,,
,5,"Malignant neoplasm of trachea, bronchus and lung",C33-C34, 316 ,6.1%,6.1,,,,,,
November,1,COVID-19,U07, 934 ,16.5%,16.5,,,,,,
,2,Ischaemic heart diseases,I20-I25, 568 ,10.0%,10,,,,,,
,3,Dementia and Alzheimer's Disease,"F01, F03, G30", 503 ,8.9%,8.9,,,,,,
,4,Cerebrovascular disease,I60-I69, 309 ,5.5%,5.5,,,,,,
,5,"Malignant neoplasm of trachea, bronchus and lung",C33-C34, 294 ,5.2%,5.2,,,,,,
December,1,COVID-19,U07, 845 ,13.9%,13.9,,,,,,
,2,Ischaemic heart diseases,I20-I25, 639 ,10.5%,10.5,,,,,,
,3,Dementia and Alzheimer's Disease,"F01, F03, G30", 519 ,8.5%,8.5,,,,,,
,4,Cerebrovascular disease,I60-I69, 364 ,6.0%,6,,,,,,
,5,"Malignant neoplasm of trachea, bronchus and lung",C33-C34, 358 ,5.9%,5.9,,,,,,
,1,COVID-19,U07," 1,538 ",23.0%,23,,,,,,
,2,Ischaemic heart diseases,I20-I25, 623 ,9.3%,9.3,,,,,,
January,3,Dementia and Alzheimer's Disease,"F01, F03, G30", 517 ,7.7%,7.7,,,,,,
,4,Cerebrovascular disease,I60-I69, 345 ,5.2%,5.2,,,,,,
,5,"Malignant neoplasm of trachea, bronchus and lung",C33-C34, 338 ,5.1%,5.1,,,,,,
,1,COVID-19,U07, 883 ,16.7%,16.7,,,,,,
,2,Ischaemic heart diseases,I20-I25, 533 ,10.1%,10.1,,,,,,
February,3,Dementia and Alzheimer's Disease,"F01, F03, G30", 484 ,9.2%,9.2,,,,,,
,4,Cerebrovascular disease,I60-I69, 317 ,6.0%,6,,,,,,
,5,"Malignant neoplasm of trachea, bronchus and lung",C33-C34, 295 ,5.6%,5.6,,,,,,
March - Feb combined,1,COVID-19,U07,8593,13.0%,13,,,,,,
,2,Ischaemic heart diseases,I20-I25,6678,10.1%,10.1,,,,,,
,3,Dementia and Alzheimer's Disease,"F01, F03, G30",6125,9.3%,9.3,,,,,,
,4,Cerebrovascular disease,I60-I69,3909,5.9%,5.9,,,,,,
,5,"Malignant neoplasm of trachea, bronchus and lung",C33-C34,3829,5.8%,5.8,,,,,,
,,,,,,,,,,,,
Footnote:,,,,,,,,,,,,
1) Numbers are provisional and subject to future revisions,,,,,,,,,,,,
#REF!,,,,,,,,,,,,
,,,,,,,,,,,,
,,,,,,,,,,,,
� Crown Copyright 2021,,,,,,,,,,,,
,,,,,,,,,,,,
,,,,,,,,,,,,
5,"Malignant neoplasm of trachea, bronchus and lung",3829,,,,,,,,,,
4,Cerebrovascular disease,3909,,,,,,,,,,
3,Dementia and Alzheimer's Disease,6125,,,,,,,,,,
2,Ischaemic heart diseases,6678,,,,,,,,,,
1,COVID-19,8593,,,,,,,,,,
,,,,,,,,,,,,
5,"Malignant neoplasm of trachea, bronchus and lung",294,,,,,,,,,,
4,Cerebrovascular disease,309,,,,,,,,,,
3,Dementia and Alzheimer's Disease,503,,,,,,,,,,
2,Ischaemic heart diseases,568,,,,,,,,,,
1,COVID-19,934,,,,,,,,,,
,,,,,,,,,,,,
5,"Malignant neoplasm of trachea, bronchus and lung",316,,,,,,,,,,
4,Cerebrovascular disease,328,,,,,,,,,,
3,COVID-19,440,,,,,,,,,,
2,Dementia and Alzheimer's Disease,497,,,,,,,,,,
1,Ischaemic heart diseases,573,,,,,,,,,,
,,,,,,,,,,,,
5,Chronic lower respiratory diseases,212,,,,,,,,,,
4,Cerebrovascular disease,305,,,,,,,,,,
3,"Malignant neoplasm of trachea, bronchus and lung",321,,,,,,,,,,
2,Dementia and Alzheimer's Disease,440,,,,,,,,,,
1,Ischaemic heart diseases,506,,,,,,,,,,
,,,,,,,,,,,,
5,Chronic lower respiratory diseases,190,,,,,,,,,,
4,Cerebrovascular disease,275,,,,,,,,,,
3,"Malignant neoplasm of trachea, bronchus and lung",325,,,,,,,,,,
2,Dementia and Alzheimer's Disease,415,,,,,,,,,,
1,Ischaemic heart diseases,500,,,,,,,,,,
,,,,,,,,,,,,
5,"Symptoms, signs and ill-defined conditions",162,,,,,,,,,,
4,"Malignant neoplasm of trachea, bronchus and lung",313,,,,,,,,,,
3,Cerebrovascular disease,315,,,,,,,,,,
2,Dementia and Alzheimer's Disease,416,,,,,,,,,,
1,Ischaemic heart diseases,527,,,,,,,,,,
,,,,,,,,,,,,
5,Chronic lower respiratory diseases,205,,,,,,,,,,
4,Cerebrovascular disease,278,,,,,,,,,,
3,"Malignant neoplasm of trachea, bronchus and lung",287,,,,,,,,,,
2,Dementia and Alzheimer's Disease,393,,,,,,,,,,
1,Ischaemic heart diseases,475,,,,,,,,,,
,,,,,,,,,,,,
5,"Malignant neoplasm of trachea, bronchus and lung",286,,,,,,,,,,
4,Cerebrovascular disease,319,,,,,,,,,,
3,Dementia and Alzheimer's Disease,501,,,,,,,,,,
2,Ischaemic heart diseases,559,,,,,,,,,,
1,COVID-19,1064,,,,,,,,,,
,,,,,,,,,,,,
5,"Malignant neoplasm of trachea, bronchus and lung",331,,,,,,,,,,
4,Cerebrovascular disease,375,,,,,,,,,,
3,Ischaemic heart diseases,577,,,,,,,,,,
2,Dementia and Alzheimer's Disease,784,,,,,,,,,,
1,COVID-19,2411,,,,,,,,,,
,,,,,,,,,,,,
5,Chronic lower respiratory diseases,278,,,,,,,,,,
4,"Malignant neoplasm of trachea, bronchus and lung",365,,,,,,,,,,
3,Cerebrovascular disease,379,,,,,,,,,,
2,Ischaemic heart diseases,598,,,,,,,,,,
1,Dementia and Alzheimer's Disease,656,,,,,,,,,,
,,,,,,,,,,,,
,,,,,,,,,,,,
,,,,,,,,,,,,
,,,,,,,,,,,,
,,,,,,,,,,,,
,,,,,,,,,,,,
,,,,,,,,,,,,
,,,,,,,,,,,,
,,,,,,,,,,,,
,,,,,,,,,,,,
,,,,,,,,,,,,
,,,,,,,,,,,,
,,,,,,,,,,,,
,,,,,,,,,,,,
,,,,,,,,,,,,
,,,,,,,,,,,,
,,,,,,,,,,,,
,,,,,,,,,,,,
,,,,,,,,,,,,
,,,,,,,,,,,,
,,,,,,,,,,,,
,,,,,,,,,,,,
,,,,,,,,,,,,
,,,,,,,,,,,,
,,,,,,,,,,,,
,,,,,,,,,,,,
,,,,,,,,,,,,
,,,,,,,,,,,,
,,,,,,,,,,,,
,,,,,,,,,,,,
,,,,,,,,,,,,
,,,,,,,,,,,,
,,,,,,,,,,,,
,,,,,,,,,,,,
,,,,,,,,,,,,
,,,,,,,,,,,,
,,,,,,,,,,,,
,,,,,,,,,,,,
,,,,,,,,,,,,
,,,,,,,,,,,,
,,,,,,,,,,,,
,,,,,,,,,,,,
,,,,,,,,,,,,
,,,,,,,,,,,,
,,,,,,,,,,,,
,,,,,,,,,,,,
,,,,,,,,,,,,
