#REF!,,,,,,,,,,,,,,,,,,,,,,,,,,,,,,,,,,,,,,,,,,,,,,,,,,,,,,,,,
,,,,,,,,,,,,,,,,,,,,,,,,,,,,,,,,,,,,,,,,,,,,,,,,,,,,,,,,,
,March,,,April,,,May,,,June,,,July,,,Aug,,,Sept,,,Oct,,,Nov,,,Dec,,,Jan,,,Feb,,,March 2020 to Feb 2021,,,,,,,,,,,,,,,,,,,,
,age standardised rate,lower confidence interval,upper confidence interval,age standardised rate,lower confidence interval,upper confidence interval,age standardised rate,lower confidence interval,upper confidence interval,age standardised rate,lower confidence interval,upper confidence interval,age standardised rate,lower confidence interval,upper confidence interval,age standardised rate,lower confidence interval,upper confidence interval,age standardised rate,lower confidence interval,upper confidence interval,age standardised rate,lower confidence interval,upper confidence interval,age standardised rate,lower confidence interval,upper confidence interval,age standardised rate,lower confidence interval,upper confidence interval,age standardised rate,lower confidence interval,upper confidence interval,age standardised rate,lower confidence interval,upper confidence interval,age standardised rate,lower confidence interval,upper confidence interval,,,,,,,,,,,,,,,,,,
,,,,,,,,,,,,,,,,,,,,,,,,,,,,,,,,,,,,,,,,,,,,,,,,,,,,,,,,,
,,,,,,,,,,,,,,,,,,,,,,,,,,,,,,,,,,,,,,,,,,,,,,,,,,,,,,,,,
All deaths involving COVID-195,,,,,,,,,,,,,,,,,,,,,,,,,,,,,,,,,,,,,,,,,,,,,,,,,,,,,,,,,
,,,,,,,,,,,,,,,,,,,,,,,,,,,,,,,,,,,,,,,,,,,,,,,,,,,,,,,,,
,,,,,,,,,,,,,,,,,,,,,,,,,,,,,,,,,,,,,,,,,,,,,,,,,,,,,,,,,
Persons,65.4,58.0,72.9,583.5,561.3,605.7,267.6,252.5,282.7,46.8,40.2,53.3,8.4,5.7,11.1,4.3,2.4,6.3,10.1,7.1,13.1,106.0,96.5,115.4,247.2,232.5,261.9,223.6,210.0,237.3,389.8,371.9,407.7,257.9,242.5,273.3,183.4,179.7,187.0,7.4,22.2,15.1,6.6,2.7,1.9,3.0,9.5,14.7,13.6,17.9,15.4,3.7,,,,,
Females,47.6,39.3,56.0,479.2,453.1,505.2,238.2,219.9,256.5,44.7,36.5,52.9,9.0,5.4,12.7,4.9,2.2,7.5,6.2,3.1,9.2,81.9,71.0,92.8,194.5,177.5,211.5,182.9,166.7,199.0,332.3,310.7,354.0,219.8,201.1,238.4,152.7,148.4,157.0,8.3,26.1,18.3,8.2,3.6,2.7,3.1,10.9,17.0,16.2,21.6,18.7,4.3,,,,,
Males,87.7,74.4,101.1,720.2,681.3,759.1,306.8,280.8,332.9,49.6,38.6,60.5,7.1,3.1,11.1,3.2,0.5,5.9,15.2,9.4,21.0,138.9,122.1,155.7,318.9,292.6,345.2,280.0,255.8,304.1,467.0,436.2,497.8,307.2,280.8,333.6,224.1,217.8,230.5,13.3,38.9,26.0,11.0,4.0,2.7,5.8,16.8,26.3,24.2,30.8,26.4,6.3,,,,,
Deaths where COVID-19 was the underlying cause,,,,,,,,,,,,,,,,,,,,,,,,,,,,,,,,,,,,,,,,,,,,,,,,,,,,,,,,,
,,,,,,,,,,,,,,,,,,,,,,,,,,,,,,,,,,,,,,,,,,,,,,,,,,,,,,,,,
,,,,,,,,,,,,,,,,,,,,,,,,,,,,,,,,,,,,,,,,,,,,,,,,,,,,,,,,,
Persons,58.6,51.6,65.7,561.6,539.8,583.4,242.9,228.4,257.3,36.0,30.3,41.8,3.6,1.8,5.4,2.1,0.7,3.5,8.1,5.4,10.8,95.9,86.9,104.8,214.9,201.2,228.7,186.7,174.2,199.3,339.7,322.9,356.4,214.3,200.2,228.4,162.9,159.5,166.4,7.0,21.8,14.5,5.7,1.8,1.4,2.7,9.0,13.7,12.5,16.8,14.1,3.4,,,,,
Females,42.6,34.7,50.5,460.7,435.1,486.2,215.4,198.0,232.8,35.6,28.3,42.9,4.1,1.7,6.6,3.0,0.9,5.2,4.6,2.0,7.2,71.3,61.1,81.5,167.7,151.9,183.5,150.9,136.2,165.6,283.8,263.8,303.9,186.0,168.8,203.2,134.8,130.7,138.9,7.9,25.6,17.4,7.3,2.4,2.1,2.6,10.2,15.8,14.7,20.0,17.2,4.1,,,,,
Males,79.0,66.2,91.7,694.9,656.6,733.3,278.7,253.8,303.6,36.6,27.1,46.1,2.9,0.3,5.5,0.5,-0.5,1.4,12.8,7.4,18.2,129.4,113.1,145.6,279.1,254.5,303.8,236.5,214.3,258.8,414.9,385.8,444.0,250.9,227.0,274.8,200.5,194.4,206.5,12.8,38.3,24.9,9.5,2.6,1.0,5.4,16.3,24.6,22.2,29.1,23.9,6.1,,,,,
,,,,,,,,,,,,,,,,,,,,,,,,,,,,,,,,,,,,,,,,,,,,,,,,,,,,,,,,,
Footnotes:,,,,,,,,,,,,,,,,,,,,,,,,,,,,,,,,,,,,,,,,,,,,,,,,,,,,,,,,,
"1) Age-standardised mortality rates are presented per 100,000 people and standardised to the 2013 European Standard Population. Age-standardised mortality rates allow for differences in the age structure of populations and therefore allow valid comparisons to be made between geographical areas, the sexes and over time. ",,,,,,,,,,,,,,,,,,,,,,,,,,,,,,,,,,,,,,,,,,,,,,,,,,,,,,,,,
,,,,,,,,,,,,,,,,,,,,,,,,,,,,,,,,,,,,,,,,,,,,,,,,,,,,,,,,,
"2) The lower and upper 95% confidence limits have been provided. These form a confidence interval, which is a measure of the statistical precision of an estimate and shows the range of uncertainty around the estimated figure. Calculations based on small numbers of events are often subject to random fluctuations. As a general rule, if the confidence interval around one figure overlaps with the interval around another, we cannot say with certainty that there is more than a chance difference between the two figures.",,,,,,,,,,,,,,,,,,,,,,,,,,,,,,,,,,,,,,,,,,,,,,,,,,,,,,,,,
,,,,,,,,,,,,,,,,,,,,,,,,,,,,,,,,,,,,,,,,,,,,,,,,,,,,,,,,,
,,,,,,,,,,,,,,,,,,,,,,,,,,,,,,,,,,,,,,,,,,,,,,,,,,,,,,,,,
3) Monthly populations have been calculated by interpolating between annual population estimates and  projections. ,,,,,,,,,,,,,,,,,,,,,,,,,,,,,,,,,,,,,,,,,,,,,,,,,,,,,,,,,
4) Numbers are provisional and subject to future revision.,,,,,,,,,,,,,,,,,,,,,,,,,,,,,,,,,,,,,,,,,,,,,,,,,,,,,,,,,
"5) All deaths where COVID-19 is mentioned on the death certificate, whether as the underlying cause or a contributory cause.",,,,,,,,,,,,,,,,,,,,,,,,,,,,,,,,,,,,,,,,,,,,,,,,,,,,,,,,,
#REF!,,,,,,,,,,,,,,,,,,,,,,,,,,,,,,,,,,,,,,,,,,,,,,,,,,,,,,,,,
,,,,,,,,,,,,,,,,,,,,,,,,,,,,,,,,,,,,,,,,,,,,,,,,,,,,,,,,,
� Crown Copyright 2021,,,,,,,,,,,,,,,,,,,,,,,,,,,,,,,,,,,,,,,,,,,,,,,,,,,,,,,,,
,,,,,,,,,,,,,,,,,,,,,,,,,,,,,,,,,,,,,,,,,,,,,,,,,,,,,,,,,
#REF!,,,,,,,,,,,,,,,,,,,,,,,,,,,,,,,,,,,,,,,,,,,,,,,,,,,,,,,,,
#REF!,,,,,,,,,,,,,,,,,,,,,,,,,,,,,,,,,,,,,,,,,,,,,,,,,,,,,,,,,
