"Data for weekly deaths by location, age group, sex and cause, 2020",,,,,,,,,
,,,,,,,,,
Registration Week,Location,Sex,Age band,Cause of Death,Deaths,,,,
,,,,,,,,,
01,Care Home,F,15-44,Non-COVID-19,3,,,,
01,Care Home,M,45-64,Non-COVID-19,8,,,,
01,Care Home,F,45-64,Non-COVID-19,10,,,,
01,Care Home,M,65-74,Non-COVID-19,12,,,,
01,Care Home,F,65-74,Non-COVID-19,18,,,,
01,Care Home,M,75-84,Non-COVID-19,34,,,,
01,Care Home,F,75-84,Non-COVID-19,52,,,,
01,Care Home,M,85+,Non-COVID-19,47,,,,
01,Care Home,F,85+,Non-COVID-19,122,,,,
01,Home / Non-institution,F,15-44,Non-COVID-19,4,,,,
01,Home / Non-institution,M,15-44,Non-COVID-19,8,,,,
01,Home / Non-institution,F,45-64,Non-COVID-19,17,,,,
01,Home / Non-institution,M,45-64,Non-COVID-19,44,,,,
01,Home / Non-institution,F,65-74,Non-COVID-19,23,,,,
01,Home / Non-institution,M,65-74,Non-COVID-19,41,,,,
01,Home / Non-institution,F,75-84,Non-COVID-19,42,,,,
01,Home / Non-institution,M,75-84,Non-COVID-19,55,,,,
01,Home / Non-institution,M,85+,Non-COVID-19,34,,,,
01,Home / Non-institution,F,85+,Non-COVID-19,37,,,,
01,Hospital,F,0,Non-COVID-19,1,,,,
01,Hospital,M,0,Non-COVID-19,2,,,,
01,Hospital,F,1-14,Non-COVID-19,1,,,,
01,Hospital,F,15-44,Non-COVID-19,4,,,,
01,Hospital,M,15-44,Non-COVID-19,5,,,,
01,Hospital,F,45-64,Non-COVID-19,34,,,,
01,Hospital,M,45-64,Non-COVID-19,40,,,,
01,Hospital,F,65-74,Non-COVID-19,40,,,,
01,Hospital,M,65-74,Non-COVID-19,63,,,,
01,Hospital,M,75-84,Non-COVID-19,88,,,,
01,Hospital,F,75-84,Non-COVID-19,99,,,,
01,Hospital,M,85+,Non-COVID-19,64,,,,
01,Hospital,F,85+,Non-COVID-19,107,,,,
01,Other institution,F,75-84,Non-COVID-19,2,,,,
02,Care Home,M,15-44,Non-COVID-19,1,,,,
02,Care Home,F,45-64,Non-COVID-19,6,,,,
02,Care Home,M,45-64,Non-COVID-19,8,,,,
02,Care Home,F,65-74,Non-COVID-19,17,,,,
02,Care Home,M,65-74,Non-COVID-19,19,,,,
02,Care Home,M,75-84,Non-COVID-19,36,,,,
02,Care Home,F,75-84,Non-COVID-19,52,,,,
02,Care Home,M,85+,Non-COVID-19,65,,,,
02,Care Home,F,85+,Non-COVID-19,152,,,,
02,Home / Non-institution,F,15-44,Non-COVID-19,8,,,,
02,Home / Non-institution,M,15-44,Non-COVID-19,29,,,,
02,Home / Non-institution,F,45-64,Non-COVID-19,39,,,,
02,Home / Non-institution,M,45-64,Non-COVID-19,60,,,,
02,Home / Non-institution,F,65-74,Non-COVID-19,40,,,,
02,Home / Non-institution,M,65-74,Non-COVID-19,57,,,,
02,Home / Non-institution,F,75-84,Non-COVID-19,46,,,,
02,Home / Non-institution,M,75-84,Non-COVID-19,51,,,,
02,Home / Non-institution,M,85+,Non-COVID-19,36,,,,
02,Home / Non-institution,F,85+,Non-COVID-19,47,,,,
02,Hospital,F,1-14,Non-COVID-19,1,,,,
02,Hospital,M,1-14,Non-COVID-19,2,,,,
02,Hospital,F,15-44,Non-COVID-19,9,,,,
02,Hospital,M,15-44,Non-COVID-19,12,,,,
02,Hospital,F,45-64,Non-COVID-19,49,,,,
02,Hospital,M,45-64,Non-COVID-19,52,,,,
02,Hospital,F,65-74,Non-COVID-19,69,,,,
02,Hospital,M,65-74,Non-COVID-19,84,,,,
02,Hospital,F,75-84,Non-COVID-19,119,,,,
02,Hospital,M,75-84,Non-COVID-19,121,,,,
02,Hospital,M,85+,Non-COVID-19,116,,,,
02,Hospital,F,85+,Non-COVID-19,156,,,,
02,Other institution,F,45-64,Non-COVID-19,1,,,,
02,Other institution,F,65-74,Non-COVID-19,1,,,,
02,Other institution,M,65-74,Non-COVID-19,1,,,,
02,Other institution,F,75-84,Non-COVID-19,3,,,,
02,Other institution,F,85+,Non-COVID-19,2,,,,
03,Care Home,F,15-44,Non-COVID-19,1,,,,
03,Care Home,M,15-44,Non-COVID-19,1,,,,
03,Care Home,M,45-64,Non-COVID-19,10,,,,
03,Care Home,F,45-64,Non-COVID-19,13,,,,
03,Care Home,F,65-74,Non-COVID-19,14,,,,
03,Care Home,M,65-74,Non-COVID-19,20,,,,
03,Care Home,M,75-84,Non-COVID-19,34,,,,
03,Care Home,F,75-84,Non-COVID-19,53,,,,
03,Care Home,M,85+,Non-COVID-19,55,,,,
03,Care Home,F,85+,Non-COVID-19,117,,,,
03,Home / Non-institution,F,15-44,Non-COVID-19,4,,,,
03,Home / Non-institution,M,15-44,Non-COVID-19,18,,,,
03,Home / Non-institution,F,45-64,Non-COVID-19,36,,,,
03,Home / Non-institution,M,45-64,Non-COVID-19,55,,,,
03,Home / Non-institution,F,65-74,Non-COVID-19,34,,,,
03,Home / Non-institution,M,65-74,Non-COVID-19,54,,,,
03,Home / Non-institution,F,75-84,Non-COVID-19,35,,,,
03,Home / Non-institution,M,75-84,Non-COVID-19,54,,,,
03,Home / Non-institution,M,85+,Non-COVID-19,30,,,,
03,Home / Non-institution,F,85+,Non-COVID-19,46,,,,
03,Hospital,F,0,Non-COVID-19,1,,,,
03,Hospital,M,0,Non-COVID-19,2,,,,
03,Hospital,F,15-44,Non-COVID-19,4,,,,
03,Hospital,M,15-44,Non-COVID-19,8,,,,
03,Hospital,F,45-64,Non-COVID-19,31,,,,
03,Hospital,M,45-64,Non-COVID-19,47,,,,
03,Hospital,F,65-74,Non-COVID-19,57,,,,
03,Hospital,M,65-74,Non-COVID-19,58,,,,
03,Hospital,F,75-84,Non-COVID-19,97,,,,
03,Hospital,M,75-84,Non-COVID-19,111,,,,
03,Hospital,M,85+,Non-COVID-19,92,,,,
03,Hospital,F,85+,Non-COVID-19,124,,,,
03,Other institution,M,45-64,Non-COVID-19,1,,,,
03,Other institution,F,65-74,Non-COVID-19,2,,,,
03,Other institution,F,75-84,Non-COVID-19,1,,,,
03,Other institution,F,85+,Non-COVID-19,1,,,,
03,Other institution,M,85+,Non-COVID-19,1,,,,
04,Care Home,F,15-44,Non-COVID-19,1,,,,
04,Care Home,M,45-64,Non-COVID-19,5,,,,
04,Care Home,F,45-64,Non-COVID-19,15,,,,
04,Care Home,F,65-74,Non-COVID-19,16,,,,
04,Care Home,M,65-74,Non-COVID-19,17,,,,
04,Care Home,M,75-84,Non-COVID-19,32,,,,
04,Care Home,F,75-84,Non-COVID-19,38,,,,
04,Care Home,M,85+,Non-COVID-19,51,,,,
04,Care Home,F,85+,Non-COVID-19,117,,,,
04,Home / Non-institution,M,1-14,Non-COVID-19,1,,,,
04,Home / Non-institution,F,15-44,Non-COVID-19,8,,,,
04,Home / Non-institution,M,15-44,Non-COVID-19,24,,,,
04,Home / Non-institution,F,45-64,Non-COVID-19,25,,,,
04,Home / Non-institution,M,45-64,Non-COVID-19,46,,,,
04,Home / Non-institution,F,65-74,Non-COVID-19,33,,,,
04,Home / Non-institution,M,65-74,Non-COVID-19,43,,,,
04,Home / Non-institution,F,75-84,Non-COVID-19,35,,,,
04,Home / Non-institution,M,75-84,Non-COVID-19,59,,,,
04,Home / Non-institution,M,85+,Non-COVID-19,26,,,,
04,Home / Non-institution,F,85+,Non-COVID-19,33,,,,
04,Hospital,F,0,Non-COVID-19,1,,,,
04,Hospital,M,1-14,Non-COVID-19,2,,,,
04,Hospital,F,15-44,Non-COVID-19,5,,,,
04,Hospital,M,15-44,Non-COVID-19,11,,,,
04,Hospital,F,45-64,Non-COVID-19,39,,,,
04,Hospital,M,45-64,Non-COVID-19,40,,,,
04,Hospital,F,65-74,Non-COVID-19,54,,,,
04,Hospital,M,65-74,Non-COVID-19,67,,,,
04,Hospital,F,75-84,Non-COVID-19,80,,,,
04,Hospital,M,75-84,Non-COVID-19,97,,,,
04,Hospital,M,85+,Non-COVID-19,77,,,,
04,Hospital,F,85+,Non-COVID-19,123,,,,
04,Other institution,M,15-44,Non-COVID-19,1,,,,
04,Other institution,F,45-64,Non-COVID-19,1,,,,
04,Other institution,F,65-74,Non-COVID-19,1,,,,
04,Other institution,F,75-84,Non-COVID-19,2,,,,
05,Care Home,M,1-14,Non-COVID-19,1,,,,
05,Care Home,M,15-44,Non-COVID-19,1,,,,
05,Care Home,M,45-64,Non-COVID-19,8,,,,
05,Care Home,F,45-64,Non-COVID-19,14,,,,
05,Care Home,F,65-74,Non-COVID-19,9,,,,
05,Care Home,M,65-74,Non-COVID-19,19,,,,
05,Care Home,F,75-84,Non-COVID-19,36,,,,
05,Care Home,M,75-84,Non-COVID-19,38,,,,
05,Care Home,M,85+,Non-COVID-19,61,,,,
05,Care Home,F,85+,Non-COVID-19,92,,,,
05,Home / Non-institution,F,1-14,Non-COVID-19,1,,,,
05,Home / Non-institution,F,15-44,Non-COVID-19,3,,,,
05,Home / Non-institution,M,15-44,Non-COVID-19,17,,,,
05,Home / Non-institution,F,45-64,Non-COVID-19,22,,,,
05,Home / Non-institution,M,45-64,Non-COVID-19,54,,,,
05,Home / Non-institution,F,65-74,Non-COVID-19,32,,,,
05,Home / Non-institution,M,65-74,Non-COVID-19,36,,,,
05,Home / Non-institution,F,75-84,Non-COVID-19,45,,,,
05,Home / Non-institution,M,75-84,Non-COVID-19,46,,,,
05,Home / Non-institution,M,85+,Non-COVID-19,17,,,,
05,Home / Non-institution,F,85+,Non-COVID-19,40,,,,
05,Hospital,M,0,Non-COVID-19,1,,,,
05,Hospital,F,0,Non-COVID-19,2,,,,
05,Hospital,F,1-14,Non-COVID-19,1,,,,
05,Hospital,M,15-44,Non-COVID-19,1,,,,
05,Hospital,F,15-44,Non-COVID-19,9,,,,
05,Hospital,F,45-64,Non-COVID-19,27,,,,
05,Hospital,M,45-64,Non-COVID-19,47,,,,
05,Hospital,F,65-74,Non-COVID-19,55,,,,
05,Hospital,M,65-74,Non-COVID-19,63,,,,
05,Hospital,F,75-84,Non-COVID-19,91,,,,
05,Hospital,M,75-84,Non-COVID-19,111,,,,
05,Hospital,M,85+,Non-COVID-19,84,,,,
05,Hospital,F,85+,Non-COVID-19,98,,,,
05,Other institution,M,45-64,Non-COVID-19,2,,,,
05,Other institution,F,75-84,Non-COVID-19,1,,,,
05,Other institution,M,85+,Non-COVID-19,1,,,,
05,Other institution,F,85+,Non-COVID-19,2,,,,
06,Care Home,F,1-14,Non-COVID-19,1,,,,
06,Care Home,M,1-14,Non-COVID-19,1,,,,
06,Care Home,F,15-44,Non-COVID-19,1,,,,
06,Care Home,F,45-64,Non-COVID-19,6,,,,
06,Care Home,M,45-64,Non-COVID-19,12,,,,
06,Care Home,F,65-74,Non-COVID-19,11,,,,
06,Care Home,M,65-74,Non-COVID-19,22,,,,
06,Care Home,M,75-84,Non-COVID-19,33,,,,
06,Care Home,F,75-84,Non-COVID-19,47,,,,
06,Care Home,M,85+,Non-COVID-19,42,,,,
06,Care Home,F,85+,Non-COVID-19,109,,,,
06,Home / Non-institution,F,15-44,Non-COVID-19,10,,,,
06,Home / Non-institution,M,15-44,Non-COVID-19,11,,,,
06,Home / Non-institution,F,45-64,Non-COVID-19,24,,,,
06,Home / Non-institution,M,45-64,Non-COVID-19,52,,,,
06,Home / Non-institution,F,65-74,Non-COVID-19,22,,,,
06,Home / Non-institution,M,65-74,Non-COVID-19,26,,,,
06,Home / Non-institution,F,75-84,Non-COVID-19,44,,,,
06,Home / Non-institution,M,75-84,Non-COVID-19,56,,,,
06,Home / Non-institution,M,85+,Non-COVID-19,37,,,,
06,Home / Non-institution,F,85+,Non-COVID-19,39,,,,
06,Hospital,F,0,Non-COVID-19,1,,,,
06,Hospital,M,0,Non-COVID-19,5,,,,
06,Hospital,F,1-14,Non-COVID-19,1,,,,
06,Hospital,M,1-14,Non-COVID-19,1,,,,
06,Hospital,F,15-44,Non-COVID-19,4,,,,
06,Hospital,M,15-44,Non-COVID-19,5,,,,
06,Hospital,F,45-64,Non-COVID-19,34,,,,
06,Hospital,M,45-64,Non-COVID-19,41,,,,
06,Hospital,F,65-74,Non-COVID-19,58,,,,
06,Hospital,M,65-74,Non-COVID-19,71,,,,
06,Hospital,M,75-84,Non-COVID-19,98,,,,
06,Hospital,F,75-84,Non-COVID-19,100,,,,
06,Hospital,M,85+,Non-COVID-19,85,,,,
06,Hospital,F,85+,Non-COVID-19,100,,,,
06,Other institution,M,45-64,Non-COVID-19,1,,,,
06,Other institution,F,65-74,Non-COVID-19,1,,,,
06,Other institution,M,85+,Non-COVID-19,1,,,,
06,Other institution,F,85+,Non-COVID-19,3,,,,
07,Care Home,M,1-14,Non-COVID-19,1,,,,
07,Care Home,F,15-44,Non-COVID-19,1,,,,
07,Care Home,M,15-44,Non-COVID-19,1,,,,
07,Care Home,F,45-64,Non-COVID-19,6,,,,
07,Care Home,M,45-64,Non-COVID-19,8,,,,
07,Care Home,F,65-74,Non-COVID-19,9,,,,
07,Care Home,M,65-74,Non-COVID-19,19,,,,
07,Care Home,M,75-84,Non-COVID-19,30,,,,
07,Care Home,F,75-84,Non-COVID-19,41,,,,
07,Care Home,M,85+,Non-COVID-19,45,,,,
07,Care Home,F,85+,Non-COVID-19,97,,,,
07,Home / Non-institution,F,15-44,Non-COVID-19,2,,,,
07,Home / Non-institution,M,15-44,Non-COVID-19,23,,,,
07,Home / Non-institution,F,45-64,Non-COVID-19,29,,,,
07,Home / Non-institution,M,45-64,Non-COVID-19,47,,,,
07,Home / Non-institution,F,65-74,Non-COVID-19,26,,,,
07,Home / Non-institution,M,65-74,Non-COVID-19,58,,,,
07,Home / Non-institution,F,75-84,Non-COVID-19,37,,,,
07,Home / Non-institution,M,75-84,Non-COVID-19,56,,,,
07,Home / Non-institution,M,85+,Non-COVID-19,30,,,,
07,Home / Non-institution,F,85+,Non-COVID-19,42,,,,
07,Hospital,M,0,Non-COVID-19,4,,,,
07,Hospital,F,15-44,Non-COVID-19,5,,,,
07,Hospital,M,15-44,Non-COVID-19,7,,,,
07,Hospital,F,45-64,Non-COVID-19,29,,,,
07,Hospital,M,45-64,Non-COVID-19,46,,,,
07,Hospital,F,65-74,Non-COVID-19,61,,,,
07,Hospital,M,65-74,Non-COVID-19,67,,,,
07,Hospital,F,75-84,Non-COVID-19,64,,,,
07,Hospital,M,75-84,Non-COVID-19,99,,,,
07,Hospital,M,85+,Non-COVID-19,76,,,,
07,Hospital,F,85+,Non-COVID-19,94,,,,
07,Other institution,M,45-64,Non-COVID-19,1,,,,
07,Other institution,F,75-84,Non-COVID-19,1,,,,
08,Care Home,M,1-14,Non-COVID-19,1,,,,
08,Care Home,M,15-44,Non-COVID-19,1,,,,
08,Care Home,M,45-64,Non-COVID-19,2,,,,
08,Care Home,F,45-64,Non-COVID-19,6,,,,
08,Care Home,F,65-74,Non-COVID-19,13,,,,
08,Care Home,M,65-74,Non-COVID-19,16,,,,
08,Care Home,M,75-84,Non-COVID-19,36,,,,
08,Care Home,F,75-84,Non-COVID-19,48,,,,
08,Care Home,M,85+,Non-COVID-19,41,,,,
08,Care Home,F,85+,Non-COVID-19,102,,,,
08,Home / Non-institution,F,15-44,Non-COVID-19,7,,,,
08,Home / Non-institution,M,15-44,Non-COVID-19,19,,,,
08,Home / Non-institution,F,45-64,Non-COVID-19,27,,,,
08,Home / Non-institution,M,45-64,Non-COVID-19,42,,,,
08,Home / Non-institution,F,65-74,Non-COVID-19,33,,,,
08,Home / Non-institution,M,65-74,Non-COVID-19,45,,,,
08,Home / Non-institution,F,75-84,Non-COVID-19,41,,,,
08,Home / Non-institution,M,75-84,Non-COVID-19,50,,,,
08,Home / Non-institution,M,85+,Non-COVID-19,30,,,,
08,Home / Non-institution,F,85+,Non-COVID-19,43,,,,
08,Hospital,F,0,Non-COVID-19,1,,,,
08,Hospital,M,0,Non-COVID-19,1,,,,
08,Hospital,F,1-14,Non-COVID-19,1,,,,
08,Hospital,M,15-44,Non-COVID-19,8,,,,
08,Hospital,F,15-44,Non-COVID-19,9,,,,
08,Hospital,F,45-64,Non-COVID-19,31,,,,
08,Hospital,M,45-64,Non-COVID-19,42,,,,
08,Hospital,F,65-74,Non-COVID-19,55,,,,
08,Hospital,M,65-74,Non-COVID-19,62,,,,
08,Hospital,F,75-84,Non-COVID-19,81,,,,
08,Hospital,M,75-84,Non-COVID-19,95,,,,
08,Hospital,M,85+,Non-COVID-19,74,,,,
08,Hospital,F,85+,Non-COVID-19,92,,,,
08,Other institution,F,15-44,Non-COVID-19,1,,,,
08,Other institution,F,45-64,Non-COVID-19,1,,,,
08,Other institution,M,75-84,Non-COVID-19,1,,,,
08,Other institution,F,75-84,Non-COVID-19,2,,,,
08,Other institution,F,85+,Non-COVID-19,2,,,,
09,Care Home,M,15-44,Non-COVID-19,1,,,,
09,Care Home,F,15-44,Non-COVID-19,2,,,,
09,Care Home,M,45-64,Non-COVID-19,8,,,,
09,Care Home,F,45-64,Non-COVID-19,10,,,,
09,Care Home,F,65-74,Non-COVID-19,14,,,,
09,Care Home,M,65-74,Non-COVID-19,21,,,,
09,Care Home,M,75-84,Non-COVID-19,31,,,,
09,Care Home,F,75-84,Non-COVID-19,40,,,,
09,Care Home,M,85+,Non-COVID-19,40,,,,
09,Care Home,F,85+,Non-COVID-19,99,,,,
09,Home / Non-institution,M,1-14,Non-COVID-19,1,,,,
09,Home / Non-institution,F,1-14,Non-COVID-19,2,,,,
09,Home / Non-institution,F,15-44,Non-COVID-19,11,,,,
09,Home / Non-institution,M,15-44,Non-COVID-19,26,,,,
09,Home / Non-institution,F,45-64,Non-COVID-19,29,,,,
09,Home / Non-institution,M,45-64,Non-COVID-19,46,,,,
09,Home / Non-institution,F,65-74,Non-COVID-19,23,,,,
09,Home / Non-institution,M,65-74,Non-COVID-19,38,,,,
09,Home / Non-institution,F,75-84,Non-COVID-19,39,,,,
09,Home / Non-institution,M,75-84,Non-COVID-19,58,,,,
09,Home / Non-institution,M,85+,Non-COVID-19,39,,,,
09,Home / Non-institution,F,85+,Non-COVID-19,50,,,,
09,Hospital,M,0,Non-COVID-19,2,,,,
09,Hospital,F,15-44,Non-COVID-19,3,,,,
09,Hospital,M,15-44,Non-COVID-19,4,,,,
09,Hospital,F,45-64,Non-COVID-19,33,,,,
09,Hospital,M,45-64,Non-COVID-19,38,,,,
09,Hospital,F,65-74,Non-COVID-19,58,,,,
09,Hospital,M,65-74,Non-COVID-19,60,,,,
09,Hospital,F,75-84,Non-COVID-19,72,,,,
09,Hospital,M,75-84,Non-COVID-19,91,,,,
09,Hospital,M,85+,Non-COVID-19,74,,,,
09,Hospital,F,85+,Non-COVID-19,104,,,,
09,Other institution,F,45-64,Non-COVID-19,1,,,,
09,Other institution,F,75-84,Non-COVID-19,1,,,,
09,Other institution,M,75-84,Non-COVID-19,1,,,,
09,Other institution,M,85+,Non-COVID-19,1,,,,
10,Care Home,F,0,Non-COVID-19,1,,,,
10,Care Home,M,15-44,Non-COVID-19,1,,,,
10,Care Home,F,15-44,Non-COVID-19,2,,,,
10,Care Home,M,45-64,Non-COVID-19,9,,,,
10,Care Home,F,45-64,Non-COVID-19,14,,,,
10,Care Home,F,65-74,Non-COVID-19,13,,,,
10,Care Home,M,65-74,Non-COVID-19,16,,,,
10,Care Home,M,75-84,Non-COVID-19,36,,,,
10,Care Home,F,75-84,Non-COVID-19,46,,,,
10,Care Home,M,85+,Non-COVID-19,40,,,,
10,Care Home,F,85+,Non-COVID-19,110,,,,
10,Home / Non-institution,F,15-44,Non-COVID-19,10,,,,
10,Home / Non-institution,M,15-44,Non-COVID-19,21,,,,
10,Home / Non-institution,F,45-64,Non-COVID-19,30,,,,
10,Home / Non-institution,M,45-64,Non-COVID-19,49,,,,
10,Home / Non-institution,F,65-74,Non-COVID-19,27,,,,
10,Home / Non-institution,M,65-74,Non-COVID-19,47,,,,
10,Home / Non-institution,F,75-84,Non-COVID-19,40,,,,
10,Home / Non-institution,M,75-84,Non-COVID-19,45,,,,
10,Home / Non-institution,M,85+,Non-COVID-19,31,,,,
10,Home / Non-institution,F,85+,Non-COVID-19,47,,,,
10,Hospital,F,0,Non-COVID-19,2,,,,
10,Hospital,M,15-44,Non-COVID-19,5,,,,
10,Hospital,F,15-44,Non-COVID-19,9,,,,
10,Hospital,F,45-64,Non-COVID-19,27,,,,
10,Hospital,M,45-64,Non-COVID-19,43,,,,
10,Hospital,F,65-74,Non-COVID-19,46,,,,
10,Hospital,M,65-74,Non-COVID-19,66,,,,
10,Hospital,F,75-84,Non-COVID-19,92,,,,
10,Hospital,M,75-84,Non-COVID-19,100,,,,
10,Hospital,M,85+,Non-COVID-19,72,,,,
10,Hospital,F,85+,Non-COVID-19,105,,,,
10,Other institution,M,45-64,Non-COVID-19,1,,,,
10,Other institution,M,65-74,Non-COVID-19,2,,,,
10,Other institution,M,75-84,Non-COVID-19,1,,,,
10,Other institution,F,85+,Non-COVID-19,2,,,,
11,Care Home,M,1-14,Non-COVID-19,1,,,,
11,Care Home,F,15-44,Non-COVID-19,3,,,,
11,Care Home,M,45-64,Non-COVID-19,5,,,,
11,Care Home,F,45-64,Non-COVID-19,9,,,,
11,Care Home,F,65-74,Non-COVID-19,10,,,,
11,Care Home,M,65-74,Non-COVID-19,15,,,,
11,Care Home,M,75-84,Non-COVID-19,39,,,,
11,Care Home,F,75-84,Non-COVID-19,41,,,,
11,Care Home,M,85+,Non-COVID-19,44,,,,
11,Care Home,F,85+,Non-COVID-19,91,,,,
11,Home / Non-institution,F,15-44,Non-COVID-19,18,,,,
11,Home / Non-institution,M,15-44,Non-COVID-19,22,,,,
11,Home / Non-institution,F,45-64,Non-COVID-19,19,,,,
11,Home / Non-institution,M,45-64,Non-COVID-19,56,,,,
11,Home / Non-institution,F,65-74,Non-COVID-19,21,,,,
11,Home / Non-institution,M,65-74,Non-COVID-19,55,,,,
11,Home / Non-institution,F,75-84,Non-COVID-19,47,,,,
11,Home / Non-institution,M,75-84,Non-COVID-19,48,,,,
11,Home / Non-institution,M,85+,Non-COVID-19,33,,,,
11,Home / Non-institution,F,85+,Non-COVID-19,45,,,,
11,Hospital,M,0,Non-COVID-19,2,,,,
11,Hospital,F,0,Non-COVID-19,3,,,,
11,Hospital,M,1-14,Non-COVID-19,1,,,,
11,Hospital,F,15-44,Non-COVID-19,4,,,,
11,Hospital,M,15-44,Non-COVID-19,4,,,,
11,Hospital,M,45-64,Non-COVID-19,46,,,,
11,Hospital,F,45-64,Non-COVID-19,47,,,,
11,Hospital,F,65-74,Non-COVID-19,56,,,,
11,Hospital,M,65-74,Non-COVID-19,68,,,,
11,Hospital,F,75-84,Non-COVID-19,74,,,,
11,Hospital,M,75-84,Non-COVID-19,81,,,,
11,Hospital,M,85+,Non-COVID-19,89,,,,
11,Hospital,F,85+,Non-COVID-19,96,,,,
11,Other institution,M,45-64,Non-COVID-19,1,,,,
11,Other institution,F,75-84,Non-COVID-19,1,,,,
11,Other institution,F,85+,Non-COVID-19,3,,,,
12,Care Home,M,65-74,COVID-19,1,,,,
12,Care Home,F,15-44,Non-COVID-19,1,,,,
12,Care Home,M,15-44,Non-COVID-19,1,,,,
12,Care Home,M,45-64,Non-COVID-19,10,,,,
12,Care Home,F,45-64,Non-COVID-19,15,,,,
12,Care Home,M,65-74,Non-COVID-19,10,,,,
12,Care Home,F,65-74,Non-COVID-19,11,,,,
12,Care Home,M,75-84,Non-COVID-19,40,,,,
12,Care Home,F,75-84,Non-COVID-19,47,,,,
12,Care Home,M,85+,Non-COVID-19,43,,,,
12,Care Home,F,85+,Non-COVID-19,95,,,,
12,Home / Non-institution,F,45-64,COVID-19,1,,,,
12,Home / Non-institution,F,65-74,COVID-19,1,,,,
12,Home / Non-institution,F,15-44,Non-COVID-19,7,,,,
12,Home / Non-institution,M,15-44,Non-COVID-19,24,,,,
12,Home / Non-institution,F,45-64,Non-COVID-19,35,,,,
12,Home / Non-institution,M,45-64,Non-COVID-19,43,,,,
12,Home / Non-institution,F,65-74,Non-COVID-19,33,,,,
12,Home / Non-institution,M,65-74,Non-COVID-19,51,,,,
12,Home / Non-institution,F,75-84,Non-COVID-19,43,,,,
12,Home / Non-institution,M,75-84,Non-COVID-19,57,,,,
12,Home / Non-institution,M,85+,Non-COVID-19,35,,,,
12,Home / Non-institution,F,85+,Non-COVID-19,37,,,,
12,Hospital,M,65-74,COVID-19,1,,,,
12,Hospital,F,65-74,COVID-19,2,,,,
12,Hospital,M,75-84,COVID-19,3,,,,
12,Hospital,F,85+,COVID-19,1,,,,
12,Hospital,M,85+,COVID-19,1,,,,
12,Hospital,M,0,Non-COVID-19,1,,,,
12,Hospital,F,0,Non-COVID-19,3,,,,
12,Hospital,F,15-44,Non-COVID-19,3,,,,
12,Hospital,M,15-44,Non-COVID-19,5,,,,
12,Hospital,F,45-64,Non-COVID-19,28,,,,
12,Hospital,M,45-64,Non-COVID-19,52,,,,
12,Hospital,F,65-74,Non-COVID-19,44,,,,
12,Hospital,M,65-74,Non-COVID-19,74,,,,
12,Hospital,F,75-84,Non-COVID-19,79,,,,
12,Hospital,M,75-84,Non-COVID-19,91,,,,
12,Hospital,M,85+,Non-COVID-19,68,,,,
12,Hospital,F,85+,Non-COVID-19,88,,,,
12,Other institution,F,45-64,Non-COVID-19,2,,,,
12,Other institution,M,45-64,Non-COVID-19,3,,,,
12,Other institution,M,75-84,Non-COVID-19,1,,,,
12,Other institution,F,75-84,Non-COVID-19,2,,,,
12,Other institution,M,85+,Non-COVID-19,1,,,,
12,Other institution,F,85+,Non-COVID-19,2,,,,
13,Care Home,M,75-84,COVID-19,1,,,,
13,Care Home,F,85+,COVID-19,2,,,,
13,Care Home,M,85+,COVID-19,2,,,,
13,Care Home,F,15-44,Non-COVID-19,2,,,,
13,Care Home,F,45-64,Non-COVID-19,3,,,,
13,Care Home,M,45-64,Non-COVID-19,5,,,,
13,Care Home,F,65-74,Non-COVID-19,12,,,,
13,Care Home,M,65-74,Non-COVID-19,17,,,,
13,Care Home,M,75-84,Non-COVID-19,28,,,,
13,Care Home,F,75-84,Non-COVID-19,44,,,,
13,Care Home,M,85+,Non-COVID-19,37,,,,
13,Care Home,F,85+,Non-COVID-19,108,,,,
13,Home / Non-institution,F,45-64,COVID-19,3,,,,
13,Home / Non-institution,M,45-64,COVID-19,4,,,,
13,Home / Non-institution,M,65-74,COVID-19,3,,,,
13,Home / Non-institution,M,75-84,COVID-19,1,,,,
13,Home / Non-institution,M,85+,COVID-19,1,,,,
13,Home / Non-institution,F,85+,COVID-19,2,,,,
13,Home / Non-institution,M,1-14,Non-COVID-19,1,,,,
13,Home / Non-institution,F,15-44,Non-COVID-19,7,,,,
13,Home / Non-institution,M,15-44,Non-COVID-19,12,,,,
13,Home / Non-institution,F,45-64,Non-COVID-19,20,,,,
13,Home / Non-institution,M,45-64,Non-COVID-19,48,,,,
13,Home / Non-institution,F,65-74,Non-COVID-19,27,,,,
13,Home / Non-institution,M,65-74,Non-COVID-19,46,,,,
13,Home / Non-institution,M,75-84,Non-COVID-19,45,,,,
13,Home / Non-institution,F,75-84,Non-COVID-19,53,,,,
13,Home / Non-institution,M,85+,Non-COVID-19,34,,,,
13,Home / Non-institution,F,85+,Non-COVID-19,47,,,,
13,Hospital,M,45-64,COVID-19,5,,,,
13,Hospital,F,65-74,COVID-19,3,,,,
13,Hospital,M,65-74,COVID-19,5,,,,
13,Hospital,F,75-84,COVID-19,9,,,,
13,Hospital,M,75-84,COVID-19,13,,,,
13,Hospital,M,85+,COVID-19,1,,,,
13,Hospital,F,85+,COVID-19,7,,,,
13,Hospital,M,0,Non-COVID-19,1,,,,
13,Hospital,F,0,Non-COVID-19,4,,,,
13,Hospital,F,15-44,Non-COVID-19,1,,,,
13,Hospital,M,15-44,Non-COVID-19,4,,,,
13,Hospital,M,45-64,Non-COVID-19,28,,,,
13,Hospital,F,45-64,Non-COVID-19,30,,,,
13,Hospital,M,65-74,Non-COVID-19,42,,,,
13,Hospital,F,65-74,Non-COVID-19,47,,,,
13,Hospital,M,75-84,Non-COVID-19,58,,,,
13,Hospital,F,75-84,Non-COVID-19,65,,,,
13,Hospital,M,85+,Non-COVID-19,58,,,,
13,Hospital,F,85+,Non-COVID-19,82,,,,
13,Other institution,M,85+,Non-COVID-19,1,,,,
14,Care Home,F,45-64,COVID-19,1,,,,
14,Care Home,M,45-64,COVID-19,1,,,,
14,Care Home,F,65-74,COVID-19,1,,,,
14,Care Home,M,65-74,COVID-19,5,,,,
14,Care Home,M,75-84,COVID-19,6,,,,
14,Care Home,F,75-84,COVID-19,13,,,,
14,Care Home,M,85+,COVID-19,5,,,,
14,Care Home,F,85+,COVID-19,17,,,,
14,Care Home,M,15-44,Non-COVID-19,1,,,,
14,Care Home,M,45-64,Non-COVID-19,4,,,,
14,Care Home,F,45-64,Non-COVID-19,11,,,,
14,Care Home,M,65-74,Non-COVID-19,15,,,,
14,Care Home,F,65-74,Non-COVID-19,24,,,,
14,Care Home,M,75-84,Non-COVID-19,53,,,,
14,Care Home,F,75-84,Non-COVID-19,68,,,,
14,Care Home,M,85+,Non-COVID-19,80,,,,
14,Care Home,F,85+,Non-COVID-19,138,,,,
14,Home / Non-institution,F,15-44,COVID-19,1,,,,
14,Home / Non-institution,M,15-44,COVID-19,2,,,,
14,Home / Non-institution,F,45-64,COVID-19,1,,,,
14,Home / Non-institution,M,45-64,COVID-19,8,,,,
14,Home / Non-institution,M,65-74,COVID-19,5,,,,
14,Home / Non-institution,F,65-74,COVID-19,6,,,,
14,Home / Non-institution,F,75-84,COVID-19,4,,,,
14,Home / Non-institution,M,75-84,COVID-19,4,,,,
14,Home / Non-institution,F,85+,COVID-19,3,,,,
14,Home / Non-institution,M,85+,COVID-19,5,,,,
14,Home / Non-institution,F,15-44,Non-COVID-19,11,,,,
14,Home / Non-institution,M,15-44,Non-COVID-19,29,,,,
14,Home / Non-institution,F,45-64,Non-COVID-19,43,,,,
14,Home / Non-institution,M,45-64,Non-COVID-19,72,,,,
14,Home / Non-institution,F,65-74,Non-COVID-19,36,,,,
14,Home / Non-institution,M,65-74,Non-COVID-19,75,,,,
14,Home / Non-institution,F,75-84,Non-COVID-19,58,,,,
14,Home / Non-institution,M,75-84,Non-COVID-19,80,,,,
14,Home / Non-institution,M,85+,Non-COVID-19,54,,,,
14,Home / Non-institution,F,85+,Non-COVID-19,73,,,,
14,Hospital,F,15-44,COVID-19,1,,,,
14,Hospital,M,45-64,COVID-19,9,,,,
14,Hospital,F,45-64,COVID-19,10,,,,
14,Hospital,F,65-74,COVID-19,13,,,,
14,Hospital,M,65-74,COVID-19,37,,,,
14,Hospital,F,75-84,COVID-19,33,,,,
14,Hospital,M,75-84,COVID-19,47,,,,
14,Hospital,M,85+,COVID-19,20,,,,
14,Hospital,F,85+,COVID-19,23,,,,
14,Hospital,M,0,Non-COVID-19,1,,,,
14,Hospital,F,0,Non-COVID-19,2,,,,
14,Hospital,F,1-14,Non-COVID-19,1,,,,
14,Hospital,M,1-14,Non-COVID-19,1,,,,
14,Hospital,F,15-44,Non-COVID-19,5,,,,
14,Hospital,M,15-44,Non-COVID-19,10,,,,
14,Hospital,M,45-64,Non-COVID-19,31,,,,
14,Hospital,F,45-64,Non-COVID-19,35,,,,
14,Hospital,F,65-74,Non-COVID-19,47,,,,
14,Hospital,M,65-74,Non-COVID-19,67,,,,
14,Hospital,F,75-84,Non-COVID-19,74,,,,
14,Hospital,M,75-84,Non-COVID-19,100,,,,
14,Hospital,M,85+,Non-COVID-19,75,,,,
14,Hospital,F,85+,Non-COVID-19,82,,,,
14,Other institution,M,85+,COVID-19,1,,,,
14,Other institution,M,15-44,Non-COVID-19,1,,,,
14,Other institution,M,65-74,Non-COVID-19,2,,,,
14,Other institution,F,75-84,Non-COVID-19,1,,,,
14,Other institution,M,75-84,Non-COVID-19,1,,,,
14,Other institution,F,85+,Non-COVID-19,1,,,,
15,Care Home,F,45-64,COVID-19,1,,,,
15,Care Home,M,45-64,COVID-19,3,,,,
15,Care Home,F,65-74,COVID-19,3,,,,
15,Care Home,M,65-74,COVID-19,11,,,,
15,Care Home,F,75-84,COVID-19,30,,,,
15,Care Home,M,75-84,COVID-19,35,,,,
15,Care Home,M,85+,COVID-19,46,,,,
15,Care Home,F,85+,COVID-19,60,,,,
15,Care Home,F,15-44,Non-COVID-19,1,,,,
15,Care Home,F,45-64,Non-COVID-19,3,,,,
15,Care Home,M,45-64,Non-COVID-19,4,,,,
15,Care Home,F,65-74,Non-COVID-19,13,,,,
15,Care Home,M,65-74,Non-COVID-19,18,,,,
15,Care Home,F,75-84,Non-COVID-19,60,,,,
15,Care Home,M,75-84,Non-COVID-19,71,,,,
15,Care Home,M,85+,Non-COVID-19,92,,,,
15,Care Home,F,85+,Non-COVID-19,149,,,,
15,Home / Non-institution,M,15-44,COVID-19,1,,,,
15,Home / Non-institution,F,15-44,COVID-19,2,,,,
15,Home / Non-institution,F,45-64,COVID-19,2,,,,
15,Home / Non-institution,M,45-64,COVID-19,9,,,,
15,Home / Non-institution,F,65-74,COVID-19,4,,,,
15,Home / Non-institution,M,65-74,COVID-19,4,,,,
15,Home / Non-institution,F,75-84,COVID-19,7,,,,
15,Home / Non-institution,M,75-84,COVID-19,15,,,,
15,Home / Non-institution,M,85+,COVID-19,8,,,,
15,Home / Non-institution,F,85+,COVID-19,11,,,,
15,Home / Non-institution,F,15-44,Non-COVID-19,12,,,,
15,Home / Non-institution,M,15-44,Non-COVID-19,28,,,,
15,Home / Non-institution,F,45-64,Non-COVID-19,31,,,,
15,Home / Non-institution,M,45-64,Non-COVID-19,72,,,,
15,Home / Non-institution,F,65-74,Non-COVID-19,41,,,,
15,Home / Non-institution,M,65-74,Non-COVID-19,73,,,,
15,Home / Non-institution,F,75-84,Non-COVID-19,72,,,,
15,Home / Non-institution,M,75-84,Non-COVID-19,75,,,,
15,Home / Non-institution,M,85+,Non-COVID-19,61,,,,
15,Home / Non-institution,F,85+,Non-COVID-19,72,,,,
15,Hospital,M,15-44,COVID-19,1,,,,
15,Hospital,F,45-64,COVID-19,14,,,,
15,Hospital,M,45-64,COVID-19,35,,,,
15,Hospital,F,65-74,COVID-19,25,,,,
15,Hospital,M,65-74,COVID-19,53,,,,
15,Hospital,F,75-84,COVID-19,60,,,,
15,Hospital,M,75-84,COVID-19,81,,,,
15,Hospital,F,85+,COVID-19,42,,,,
15,Hospital,M,85+,COVID-19,46,,,,
15,Hospital,F,0,Non-COVID-19,1,,,,
15,Hospital,M,0,Non-COVID-19,5,,,,
15,Hospital,F,1-14,Non-COVID-19,1,,,,
15,Hospital,M,1-14,Non-COVID-19,1,,,,
15,Hospital,M,15-44,Non-COVID-19,3,,,,
15,Hospital,F,15-44,Non-COVID-19,7,,,,
15,Hospital,F,45-64,Non-COVID-19,26,,,,
15,Hospital,M,45-64,Non-COVID-19,38,,,,
15,Hospital,F,65-74,Non-COVID-19,35,,,,
15,Hospital,M,65-74,Non-COVID-19,49,,,,
15,Hospital,M,75-84,Non-COVID-19,63,,,,
15,Hospital,F,75-84,Non-COVID-19,69,,,,
15,Hospital,M,85+,Non-COVID-19,46,,,,
15,Hospital,F,85+,Non-COVID-19,68,,,,
15,Other institution,F,45-64,Non-COVID-19,1,,,,
15,Other institution,M,45-64,Non-COVID-19,2,,,,
15,Other institution,F,65-74,Non-COVID-19,1,,,,
15,Other institution,M,75-84,Non-COVID-19,1,,,,
15,Other institution,F,75-84,Non-COVID-19,2,,,,
15,Other institution,F,85+,Non-COVID-19,1,,,,
15,Other institution,M,85+,Non-COVID-19,1,,,,
16,Care Home,M,45-64,COVID-19,1,,,,
16,Care Home,M,65-74,COVID-19,7,,,,
16,Care Home,F,65-74,COVID-19,9,,,,
16,Care Home,M,75-84,COVID-19,47,,,,
16,Care Home,F,75-84,COVID-19,56,,,,
16,Care Home,M,85+,COVID-19,66,,,,
16,Care Home,F,85+,COVID-19,117,,,,
16,Care Home,M,45-64,Non-COVID-19,6,,,,
16,Care Home,F,45-64,Non-COVID-19,7,,,,
16,Care Home,M,65-74,Non-COVID-19,15,,,,
16,Care Home,F,65-74,Non-COVID-19,16,,,,
16,Care Home,M,75-84,Non-COVID-19,52,,,,
16,Care Home,F,75-84,Non-COVID-19,71,,,,
16,Care Home,M,85+,Non-COVID-19,66,,,,
16,Care Home,F,85+,Non-COVID-19,145,,,,
16,Home / Non-institution,F,45-64,COVID-19,3,,,,
16,Home / Non-institution,M,45-64,COVID-19,3,,,,
16,Home / Non-institution,M,65-74,COVID-19,1,,,,
16,Home / Non-institution,M,75-84,COVID-19,2,,,,
16,Home / Non-institution,F,75-84,COVID-19,5,,,,
16,Home / Non-institution,F,85+,COVID-19,11,,,,
16,Home / Non-institution,M,85+,COVID-19,11,,,,
16,Home / Non-institution,F,15-44,Non-COVID-19,12,,,,
16,Home / Non-institution,M,15-44,Non-COVID-19,26,,,,
16,Home / Non-institution,F,45-64,Non-COVID-19,33,,,,
16,Home / Non-institution,M,45-64,Non-COVID-19,71,,,,
16,Home / Non-institution,F,65-74,Non-COVID-19,35,,,,
16,Home / Non-institution,M,65-74,Non-COVID-19,59,,,,
16,Home / Non-institution,F,75-84,Non-COVID-19,64,,,,
16,Home / Non-institution,M,75-84,Non-COVID-19,76,,,,
16,Home / Non-institution,M,85+,Non-COVID-19,47,,,,
16,Home / Non-institution,F,85+,Non-COVID-19,71,,,,
16,Hospital,F,15-44,COVID-19,1,,,,
16,Hospital,M,15-44,COVID-19,1,,,,
16,Hospital,F,45-64,COVID-19,13,,,,
16,Hospital,M,45-64,COVID-19,26,,,,
16,Hospital,F,65-74,COVID-19,23,,,,
16,Hospital,M,65-74,COVID-19,41,,,,
16,Hospital,F,75-84,COVID-19,32,,,,
16,Hospital,M,75-84,COVID-19,80,,,,
16,Hospital,F,85+,COVID-19,40,,,,
16,Hospital,M,85+,COVID-19,54,,,,
16,Hospital,F,0,Non-COVID-19,3,,,,
16,Hospital,F,15-44,Non-COVID-19,2,,,,
16,Hospital,M,15-44,Non-COVID-19,5,,,,
16,Hospital,F,45-64,Non-COVID-19,19,,,,
16,Hospital,M,45-64,Non-COVID-19,32,,,,
16,Hospital,F,65-74,Non-COVID-19,32,,,,
16,Hospital,M,65-74,Non-COVID-19,57,,,,
16,Hospital,F,75-84,Non-COVID-19,54,,,,
16,Hospital,M,75-84,Non-COVID-19,66,,,,
16,Hospital,F,85+,Non-COVID-19,60,,,,
16,Hospital,M,85+,Non-COVID-19,60,,,,
16,Other institution,F,75-84,Non-COVID-19,1,,,,
16,Other institution,F,85+,Non-COVID-19,3,,,,
17,Care Home,F,45-64,COVID-19,3,,,,
17,Care Home,M,45-64,COVID-19,3,,,,
17,Care Home,M,65-74,COVID-19,14,,,,
17,Care Home,F,65-74,COVID-19,15,,,,
17,Care Home,M,75-84,COVID-19,57,,,,
17,Care Home,F,75-84,COVID-19,63,,,,
17,Care Home,M,85+,COVID-19,57,,,,
17,Care Home,F,85+,COVID-19,129,,,,
17,Care Home,F,15-44,Non-COVID-19,1,,,,
17,Care Home,M,45-64,Non-COVID-19,8,,,,
17,Care Home,F,45-64,Non-COVID-19,9,,,,
17,Care Home,M,65-74,Non-COVID-19,18,,,,
17,Care Home,F,65-74,Non-COVID-19,19,,,,
17,Care Home,M,75-84,Non-COVID-19,43,,,,
17,Care Home,F,75-84,Non-COVID-19,65,,,,
17,Care Home,M,85+,Non-COVID-19,46,,,,
17,Care Home,F,85+,Non-COVID-19,139,,,,
17,Home / Non-institution,M,15-44,COVID-19,1,,,,
17,Home / Non-institution,F,45-64,COVID-19,1,,,,
17,Home / Non-institution,M,45-64,COVID-19,4,,,,
17,Home / Non-institution,M,65-74,COVID-19,4,,,,
17,Home / Non-institution,F,65-74,COVID-19,8,,,,
17,Home / Non-institution,F,75-84,COVID-19,4,,,,
17,Home / Non-institution,M,75-84,COVID-19,11,,,,
17,Home / Non-institution,M,85+,COVID-19,1,,,,
17,Home / Non-institution,F,85+,COVID-19,9,,,,
17,Home / Non-institution,F,15-44,Non-COVID-19,9,,,,
17,Home / Non-institution,M,15-44,Non-COVID-19,26,,,,
17,Home / Non-institution,F,45-64,Non-COVID-19,32,,,,
17,Home / Non-institution,M,45-64,Non-COVID-19,67,,,,
17,Home / Non-institution,F,65-74,Non-COVID-19,47,,,,
17,Home / Non-institution,M,65-74,Non-COVID-19,55,,,,
17,Home / Non-institution,F,75-84,Non-COVID-19,50,,,,
17,Home / Non-institution,M,75-84,Non-COVID-19,65,,,,
17,Home / Non-institution,M,85+,Non-COVID-19,47,,,,
17,Home / Non-institution,F,85+,Non-COVID-19,68,,,,
17,Hospital,F,15-44,COVID-19,3,,,,
17,Hospital,M,15-44,COVID-19,3,,,,
17,Hospital,F,45-64,COVID-19,13,,,,
17,Hospital,M,45-64,COVID-19,30,,,,
17,Hospital,F,65-74,COVID-19,20,,,,
17,Hospital,M,65-74,COVID-19,38,,,,
17,Hospital,F,75-84,COVID-19,38,,,,
17,Hospital,M,75-84,COVID-19,54,,,,
17,Hospital,M,85+,COVID-19,38,,,,
17,Hospital,F,85+,COVID-19,40,,,,
17,Hospital,F,0,Non-COVID-19,1,,,,
17,Hospital,M,0,Non-COVID-19,1,,,,
17,Hospital,M,1-14,Non-COVID-19,1,,,,
17,Hospital,M,15-44,Non-COVID-19,5,,,,
17,Hospital,F,15-44,Non-COVID-19,6,,,,
17,Hospital,F,45-64,Non-COVID-19,26,,,,
17,Hospital,M,45-64,Non-COVID-19,34,,,,
17,Hospital,F,65-74,Non-COVID-19,25,,,,
17,Hospital,M,65-74,Non-COVID-19,46,,,,
17,Hospital,M,75-84,Non-COVID-19,62,,,,
17,Hospital,F,75-84,Non-COVID-19,64,,,,
17,Hospital,M,85+,Non-COVID-19,35,,,,
17,Hospital,F,85+,Non-COVID-19,52,,,,
17,Other institution,F,75-84,Non-COVID-19,1,,,,
17,Other institution,M,75-84,Non-COVID-19,1,,,,
17,Other institution,F,85+,Non-COVID-19,1,,,,
18,Care Home,F,45-64,COVID-19,3,,,,
18,Care Home,M,45-64,COVID-19,3,,,,
18,Care Home,F,65-74,COVID-19,12,,,,
18,Care Home,M,65-74,COVID-19,18,,,,
18,Care Home,F,75-84,COVID-19,37,,,,
18,Care Home,M,75-84,COVID-19,51,,,,
18,Care Home,M,85+,COVID-19,56,,,,
18,Care Home,F,85+,COVID-19,136,,,,
18,Care Home,F,1-14,Non-COVID-19,1,,,,
18,Care Home,F,45-64,Non-COVID-19,5,,,,
18,Care Home,M,45-64,Non-COVID-19,11,,,,
18,Care Home,F,65-74,Non-COVID-19,9,,,,
18,Care Home,M,65-74,Non-COVID-19,14,,,,
18,Care Home,M,75-84,Non-COVID-19,37,,,,
18,Care Home,F,75-84,Non-COVID-19,56,,,,
18,Care Home,M,85+,Non-COVID-19,57,,,,
18,Care Home,F,85+,Non-COVID-19,132,,,,
18,Home / Non-institution,F,45-64,COVID-19,2,,,,
18,Home / Non-institution,M,45-64,COVID-19,4,,,,
18,Home / Non-institution,M,65-74,COVID-19,3,,,,
18,Home / Non-institution,F,75-84,COVID-19,2,,,,
18,Home / Non-institution,M,75-84,COVID-19,3,,,,
18,Home / Non-institution,F,85+,COVID-19,1,,,,
18,Home / Non-institution,M,85+,COVID-19,2,,,,
18,Home / Non-institution,F,15-44,Non-COVID-19,10,,,,
18,Home / Non-institution,M,15-44,Non-COVID-19,29,,,,
18,Home / Non-institution,F,45-64,Non-COVID-19,28,,,,
18,Home / Non-institution,M,45-64,Non-COVID-19,69,,,,
18,Home / Non-institution,F,65-74,Non-COVID-19,51,,,,
18,Home / Non-institution,M,65-74,Non-COVID-19,51,,,,
18,Home / Non-institution,F,75-84,Non-COVID-19,64,,,,
18,Home / Non-institution,M,75-84,Non-COVID-19,73,,,,
18,Home / Non-institution,M,85+,Non-COVID-19,48,,,,
18,Home / Non-institution,F,85+,Non-COVID-19,65,,,,
18,Hospital,F,15-44,COVID-19,2,,,,
18,Hospital,F,45-64,COVID-19,7,,,,
18,Hospital,M,45-64,COVID-19,19,,,,
18,Hospital,F,65-74,COVID-19,14,,,,
18,Hospital,M,65-74,COVID-19,27,,,,
18,Hospital,M,75-84,COVID-19,24,,,,
18,Hospital,F,75-84,COVID-19,27,,,,
18,Hospital,F,85+,COVID-19,36,,,,
18,Hospital,M,85+,COVID-19,38,,,,
18,Hospital,F,0,Non-COVID-19,1,,,,
18,Hospital,F,15-44,Non-COVID-19,4,,,,
18,Hospital,M,15-44,Non-COVID-19,6,,,,
18,Hospital,F,45-64,Non-COVID-19,16,,,,
18,Hospital,M,45-64,Non-COVID-19,40,,,,
18,Hospital,M,65-74,Non-COVID-19,31,,,,
18,Hospital,F,65-74,Non-COVID-19,39,,,,
18,Hospital,F,75-84,Non-COVID-19,44,,,,
18,Hospital,M,75-84,Non-COVID-19,60,,,,
18,Hospital,F,85+,Non-COVID-19,47,,,,
18,Hospital,M,85+,Non-COVID-19,48,,,,
18,Other institution,F,65-74,Non-COVID-19,1,,,,
18,Other institution,M,75-84,Non-COVID-19,1,,,,
18,Other institution,F,85+,Non-COVID-19,2,,,,
18,Other institution,M,85+,Non-COVID-19,2,,,,
19,Care Home,M,45-64,COVID-19,3,,,,
19,Care Home,F,65-74,COVID-19,5,,,,
19,Care Home,M,65-74,COVID-19,9,,,,
19,Care Home,M,75-84,COVID-19,40,,,,
19,Care Home,F,75-84,COVID-19,41,,,,
19,Care Home,M,85+,COVID-19,40,,,,
19,Care Home,F,85+,COVID-19,100,,,,
19,Care Home,M,15-44,Non-COVID-19,1,,,,
19,Care Home,M,45-64,Non-COVID-19,6,,,,
19,Care Home,F,45-64,Non-COVID-19,8,,,,
19,Care Home,M,65-74,Non-COVID-19,9,,,,
19,Care Home,F,65-74,Non-COVID-19,10,,,,
19,Care Home,M,75-84,Non-COVID-19,27,,,,
19,Care Home,F,75-84,Non-COVID-19,47,,,,
19,Care Home,M,85+,Non-COVID-19,40,,,,
19,Care Home,F,85+,Non-COVID-19,103,,,,
19,Home / Non-institution,M,15-44,COVID-19,1,,,,
19,Home / Non-institution,M,45-64,COVID-19,2,,,,
19,Home / Non-institution,F,45-64,COVID-19,3,,,,
19,Home / Non-institution,M,65-74,COVID-19,1,,,,
19,Home / Non-institution,F,65-74,COVID-19,3,,,,
19,Home / Non-institution,F,75-84,COVID-19,2,,,,
19,Home / Non-institution,M,75-84,COVID-19,3,,,,
19,Home / Non-institution,F,85+,COVID-19,3,,,,
19,Home / Non-institution,M,85+,COVID-19,4,,,,
19,Home / Non-institution,F,15-44,Non-COVID-19,11,,,,
19,Home / Non-institution,M,15-44,Non-COVID-19,18,,,,
19,Home / Non-institution,F,45-64,Non-COVID-19,32,,,,
19,Home / Non-institution,M,45-64,Non-COVID-19,50,,,,
19,Home / Non-institution,F,65-74,Non-COVID-19,34,,,,
19,Home / Non-institution,M,65-74,Non-COVID-19,53,,,,
19,Home / Non-institution,M,75-84,Non-COVID-19,53,,,,
19,Home / Non-institution,F,75-84,Non-COVID-19,71,,,,
19,Home / Non-institution,F,85+,Non-COVID-19,43,,,,
19,Home / Non-institution,M,85+,Non-COVID-19,50,,,,
19,Hospital,F,15-44,COVID-19,1,,,,
19,Hospital,F,45-64,COVID-19,13,,,,
19,Hospital,M,45-64,COVID-19,14,,,,
19,Hospital,F,65-74,COVID-19,12,,,,
19,Hospital,M,65-74,COVID-19,20,,,,
19,Hospital,F,75-84,COVID-19,22,,,,
19,Hospital,M,75-84,COVID-19,36,,,,
19,Hospital,F,85+,COVID-19,15,,,,
19,Hospital,M,85+,COVID-19,21,,,,
19,Hospital,F,0,Non-COVID-19,1,,,,
19,Hospital,M,0,Non-COVID-19,1,,,,
19,Hospital,M,1-14,Non-COVID-19,2,,,,
19,Hospital,M,15-44,Non-COVID-19,2,,,,
19,Hospital,F,15-44,Non-COVID-19,5,,,,
19,Hospital,F,45-64,Non-COVID-19,24,,,,
19,Hospital,M,45-64,Non-COVID-19,27,,,,
19,Hospital,F,65-74,Non-COVID-19,33,,,,
19,Hospital,M,65-74,Non-COVID-19,52,,,,
19,Hospital,F,75-84,Non-COVID-19,61,,,,
19,Hospital,M,75-84,Non-COVID-19,63,,,,
19,Hospital,F,85+,Non-COVID-19,41,,,,
19,Hospital,M,85+,Non-COVID-19,42,,,,
19,Other institution,F,75-84,COVID-19,1,,,,
20,Care Home,M,45-64,COVID-19,5,,,,
20,Care Home,M,65-74,COVID-19,5,,,,
20,Care Home,F,65-74,COVID-19,8,,,,
20,Care Home,F,75-84,COVID-19,23,,,,
20,Care Home,M,75-84,COVID-19,27,,,,
20,Care Home,M,85+,COVID-19,38,,,,
20,Care Home,F,85+,COVID-19,81,,,,
20,Care Home,F,15-44,Non-COVID-19,2,,,,
20,Care Home,F,45-64,Non-COVID-19,5,,,,
20,Care Home,M,45-64,Non-COVID-19,6,,,,
20,Care Home,F,65-74,Non-COVID-19,8,,,,
20,Care Home,M,65-74,Non-COVID-19,11,,,,
20,Care Home,F,75-84,Non-COVID-19,33,,,,
20,Care Home,M,75-84,Non-COVID-19,38,,,,
20,Care Home,M,85+,Non-COVID-19,50,,,,
20,Care Home,F,85+,Non-COVID-19,96,,,,
20,Home / Non-institution,M,15-44,COVID-19,1,,,,
20,Home / Non-institution,M,45-64,COVID-19,1,,,,
20,Home / Non-institution,F,45-64,COVID-19,3,,,,
20,Home / Non-institution,F,65-74,COVID-19,2,,,,
20,Home / Non-institution,M,65-74,COVID-19,5,,,,
20,Home / Non-institution,M,75-84,COVID-19,1,,,,
20,Home / Non-institution,F,75-84,COVID-19,2,,,,
20,Home / Non-institution,F,85+,COVID-19,2,,,,
20,Home / Non-institution,M,85+,COVID-19,2,,,,
20,Home / Non-institution,F,1-14,Non-COVID-19,1,,,,
20,Home / Non-institution,F,15-44,Non-COVID-19,8,,,,
20,Home / Non-institution,M,15-44,Non-COVID-19,35,,,,
20,Home / Non-institution,F,45-64,Non-COVID-19,33,,,,
20,Home / Non-institution,M,45-64,Non-COVID-19,68,,,,
20,Home / Non-institution,F,65-74,Non-COVID-19,35,,,,
20,Home / Non-institution,M,65-74,Non-COVID-19,62,,,,
20,Home / Non-institution,F,75-84,Non-COVID-19,54,,,,
20,Home / Non-institution,M,75-84,Non-COVID-19,62,,,,
20,Home / Non-institution,M,85+,Non-COVID-19,37,,,,
20,Home / Non-institution,F,85+,Non-COVID-19,57,,,,
20,Hospital,M,15-44,COVID-19,1,,,,
20,Hospital,F,45-64,COVID-19,7,,,,
20,Hospital,M,45-64,COVID-19,9,,,,
20,Hospital,F,65-74,COVID-19,11,,,,
20,Hospital,M,65-74,COVID-19,16,,,,
20,Hospital,F,75-84,COVID-19,17,,,,
20,Hospital,M,75-84,COVID-19,23,,,,
20,Hospital,M,85+,COVID-19,20,,,,
20,Hospital,F,85+,COVID-19,24,,,,
20,Hospital,F,0,Non-COVID-19,2,,,,
20,Hospital,M,0,Non-COVID-19,2,,,,
20,Hospital,F,1-14,Non-COVID-19,1,,,,
20,Hospital,M,15-44,Non-COVID-19,4,,,,
20,Hospital,F,15-44,Non-COVID-19,6,,,,
20,Hospital,F,45-64,Non-COVID-19,23,,,,
20,Hospital,M,45-64,Non-COVID-19,43,,,,
20,Hospital,F,65-74,Non-COVID-19,34,,,,
20,Hospital,M,65-74,Non-COVID-19,34,,,,
20,Hospital,F,75-84,Non-COVID-19,54,,,,
20,Hospital,M,75-84,Non-COVID-19,71,,,,
20,Hospital,M,85+,Non-COVID-19,46,,,,
20,Hospital,F,85+,Non-COVID-19,62,,,,
20,Other institution,F,85+,COVID-19,1,,,,
20,Other institution,M,85+,COVID-19,1,,,,
20,Other institution,F,75-84,Non-COVID-19,1,,,,
20,Other institution,M,85+,Non-COVID-19,1,,,,
21,Care Home,M,45-64,COVID-19,1,,,,
21,Care Home,F,65-74,COVID-19,1,,,,
21,Care Home,M,65-74,COVID-19,2,,,,
21,Care Home,M,75-84,COVID-19,11,,,,
21,Care Home,F,75-84,COVID-19,27,,,,
21,Care Home,M,85+,COVID-19,30,,,,
21,Care Home,F,85+,COVID-19,52,,,,
21,Care Home,F,45-64,Non-COVID-19,6,,,,
21,Care Home,M,45-64,Non-COVID-19,8,,,,
21,Care Home,F,65-74,Non-COVID-19,5,,,,
21,Care Home,M,65-74,Non-COVID-19,9,,,,
21,Care Home,F,75-84,Non-COVID-19,23,,,,
21,Care Home,M,75-84,Non-COVID-19,31,,,,
21,Care Home,M,85+,Non-COVID-19,33,,,,
21,Care Home,F,85+,Non-COVID-19,112,,,,
21,Home / Non-institution,F,45-64,COVID-19,2,,,,
21,Home / Non-institution,M,65-74,COVID-19,2,,,,
21,Home / Non-institution,M,75-84,COVID-19,1,,,,
21,Home / Non-institution,F,75-84,COVID-19,2,,,,
21,Home / Non-institution,F,85+,COVID-19,2,,,,
21,Home / Non-institution,M,1-14,Non-COVID-19,2,,,,
21,Home / Non-institution,F,15-44,Non-COVID-19,11,,,,
21,Home / Non-institution,M,15-44,Non-COVID-19,22,,,,
21,Home / Non-institution,F,45-64,Non-COVID-19,31,,,,
21,Home / Non-institution,M,45-64,Non-COVID-19,59,,,,
21,Home / Non-institution,F,65-74,Non-COVID-19,41,,,,
21,Home / Non-institution,M,65-74,Non-COVID-19,65,,,,
21,Home / Non-institution,M,75-84,Non-COVID-19,59,,,,
21,Home / Non-institution,F,75-84,Non-COVID-19,66,,,,
21,Home / Non-institution,M,85+,Non-COVID-19,25,,,,
21,Home / Non-institution,F,85+,Non-COVID-19,53,,,,
21,Hospital,F,45-64,COVID-19,3,,,,
21,Hospital,M,45-64,COVID-19,6,,,,
21,Hospital,F,65-74,COVID-19,3,,,,
21,Hospital,M,65-74,COVID-19,15,,,,
21,Hospital,F,75-84,COVID-19,11,,,,
21,Hospital,M,75-84,COVID-19,18,,,,
21,Hospital,F,85+,COVID-19,19,,,,
21,Hospital,M,85+,COVID-19,20,,,,
21,Hospital,F,0,Non-COVID-19,2,,,,
21,Hospital,M,0,Non-COVID-19,2,,,,
21,Hospital,M,1-14,Non-COVID-19,1,,,,
21,Hospital,F,15-44,Non-COVID-19,6,,,,
21,Hospital,M,15-44,Non-COVID-19,7,,,,
21,Hospital,M,45-64,Non-COVID-19,22,,,,
21,Hospital,F,45-64,Non-COVID-19,26,,,,
21,Hospital,F,65-74,Non-COVID-19,32,,,,
21,Hospital,M,65-74,Non-COVID-19,40,,,,
21,Hospital,F,75-84,Non-COVID-19,44,,,,
21,Hospital,M,75-84,Non-COVID-19,55,,,,
21,Hospital,M,85+,Non-COVID-19,42,,,,
21,Hospital,F,85+,Non-COVID-19,54,,,,
21,Other institution,F,75-84,COVID-19,1,,,,
21,Other institution,M,85+,COVID-19,1,,,,
21,Other institution,F,85+,Non-COVID-19,1,,,,
21,Other institution,M,85+,Non-COVID-19,1,,,,
22,Care Home,M,45-64,COVID-19,1,,,,
22,Care Home,M,65-74,COVID-19,1,,,,
22,Care Home,F,65-74,COVID-19,3,,,,
22,Care Home,F,75-84,COVID-19,10,,,,
22,Care Home,M,75-84,COVID-19,13,,,,
22,Care Home,M,85+,COVID-19,14,,,,
22,Care Home,F,85+,COVID-19,27,,,,
22,Care Home,F,45-64,Non-COVID-19,9,,,,
22,Care Home,M,45-64,Non-COVID-19,10,,,,
22,Care Home,M,65-74,Non-COVID-19,9,,,,
22,Care Home,F,65-74,Non-COVID-19,11,,,,
22,Care Home,M,75-84,Non-COVID-19,26,,,,
22,Care Home,F,75-84,Non-COVID-19,34,,,,
22,Care Home,M,85+,Non-COVID-19,31,,,,
22,Care Home,F,85+,Non-COVID-19,95,,,,
22,Home / Non-institution,F,15-44,COVID-19,1,,,,
22,Home / Non-institution,M,75-84,COVID-19,1,,,,
22,Home / Non-institution,F,75-84,COVID-19,2,,,,
22,Home / Non-institution,M,85+,COVID-19,3,,,,
22,Home / Non-institution,F,15-44,Non-COVID-19,12,,,,
22,Home / Non-institution,M,15-44,Non-COVID-19,21,,,,
22,Home / Non-institution,F,45-64,Non-COVID-19,22,,,,
22,Home / Non-institution,M,45-64,Non-COVID-19,63,,,,
22,Home / Non-institution,F,65-74,Non-COVID-19,27,,,,
22,Home / Non-institution,M,65-74,Non-COVID-19,49,,,,
22,Home / Non-institution,F,75-84,Non-COVID-19,50,,,,
22,Home / Non-institution,M,75-84,Non-COVID-19,58,,,,
22,Home / Non-institution,M,85+,Non-COVID-19,31,,,,
22,Home / Non-institution,F,85+,Non-COVID-19,62,,,,
22,Hospital,M,45-64,COVID-19,3,,,,
22,Hospital,F,45-64,COVID-19,5,,,,
22,Hospital,F,65-74,COVID-19,5,,,,
22,Hospital,M,65-74,COVID-19,7,,,,
22,Hospital,F,75-84,COVID-19,8,,,,
22,Hospital,M,75-84,COVID-19,11,,,,
22,Hospital,F,85+,COVID-19,8,,,,
22,Hospital,M,85+,COVID-19,8,,,,
22,Hospital,M,0,Non-COVID-19,2,,,,
22,Hospital,F,1-14,Non-COVID-19,1,,,,
22,Hospital,M,1-14,Non-COVID-19,1,,,,
22,Hospital,F,15-44,Non-COVID-19,5,,,,
22,Hospital,M,15-44,Non-COVID-19,7,,,,
22,Hospital,F,45-64,Non-COVID-19,25,,,,
22,Hospital,M,45-64,Non-COVID-19,27,,,,
22,Hospital,F,65-74,Non-COVID-19,35,,,,
22,Hospital,M,65-74,Non-COVID-19,50,,,,
22,Hospital,F,75-84,Non-COVID-19,54,,,,
22,Hospital,M,75-84,Non-COVID-19,62,,,,
22,Hospital,M,85+,Non-COVID-19,42,,,,
22,Hospital,F,85+,Non-COVID-19,66,,,,
23,Care Home,M,15-44,COVID-19,1,,,,
23,Care Home,M,65-74,COVID-19,2,,,,
23,Care Home,F,65-74,COVID-19,4,,,,
23,Care Home,F,75-84,COVID-19,3,,,,
23,Care Home,M,75-84,COVID-19,8,,,,
23,Care Home,M,85+,COVID-19,8,,,,
23,Care Home,F,85+,COVID-19,16,,,,
23,Care Home,F,45-64,Non-COVID-19,4,,,,
23,Care Home,M,45-64,Non-COVID-19,4,,,,
23,Care Home,M,65-74,Non-COVID-19,10,,,,
23,Care Home,F,65-74,Non-COVID-19,14,,,,
23,Care Home,M,75-84,Non-COVID-19,26,,,,
23,Care Home,F,75-84,Non-COVID-19,38,,,,
23,Care Home,M,85+,Non-COVID-19,40,,,,
23,Care Home,F,85+,Non-COVID-19,85,,,,
23,Home / Non-institution,M,45-64,COVID-19,4,,,,
23,Home / Non-institution,M,75-84,COVID-19,1,,,,
23,Home / Non-institution,F,85+,COVID-19,1,,,,
23,Home / Non-institution,M,85+,COVID-19,1,,,,
23,Home / Non-institution,F,0,Non-COVID-19,1,,,,
23,Home / Non-institution,F,15-44,Non-COVID-19,8,,,,
23,Home / Non-institution,M,15-44,Non-COVID-19,29,,,,
23,Home / Non-institution,F,45-64,Non-COVID-19,23,,,,
23,Home / Non-institution,M,45-64,Non-COVID-19,61,,,,
23,Home / Non-institution,F,65-74,Non-COVID-19,32,,,,
23,Home / Non-institution,M,65-74,Non-COVID-19,51,,,,
23,Home / Non-institution,F,75-84,Non-COVID-19,43,,,,
23,Home / Non-institution,M,75-84,Non-COVID-19,60,,,,
23,Home / Non-institution,F,85+,Non-COVID-19,33,,,,
23,Home / Non-institution,M,85+,Non-COVID-19,41,,,,
23,Hospital,M,15-44,COVID-19,1,,,,
23,Hospital,F,45-64,COVID-19,2,,,,
23,Hospital,M,45-64,COVID-19,3,,,,
23,Hospital,F,65-74,COVID-19,2,,,,
23,Hospital,M,65-74,COVID-19,2,,,,
23,Hospital,M,75-84,COVID-19,5,,,,
23,Hospital,F,75-84,COVID-19,8,,,,
23,Hospital,M,85+,COVID-19,7,,,,
23,Hospital,F,85+,COVID-19,9,,,,
23,Hospital,M,0,Non-COVID-19,1,,,,
23,Hospital,F,0,Non-COVID-19,2,,,,
23,Hospital,F,15-44,Non-COVID-19,4,,,,
23,Hospital,M,15-44,Non-COVID-19,8,,,,
23,Hospital,F,45-64,Non-COVID-19,18,,,,
23,Hospital,M,45-64,Non-COVID-19,45,,,,
23,Hospital,F,65-74,Non-COVID-19,38,,,,
23,Hospital,M,65-74,Non-COVID-19,51,,,,
23,Hospital,M,75-84,Non-COVID-19,58,,,,
23,Hospital,F,75-84,Non-COVID-19,72,,,,
23,Hospital,M,85+,Non-COVID-19,49,,,,
23,Hospital,F,85+,Non-COVID-19,55,,,,
23,Other institution,F,85+,COVID-19,1,,,,
24,Care Home,M,65-74,COVID-19,2,,,,
24,Care Home,M,75-84,COVID-19,3,,,,
24,Care Home,F,75-84,COVID-19,7,,,,
24,Care Home,M,85+,COVID-19,8,,,,
24,Care Home,F,85+,COVID-19,15,,,,
24,Care Home,M,15-44,Non-COVID-19,1,,,,
24,Care Home,F,15-44,Non-COVID-19,2,,,,
24,Care Home,M,45-64,Non-COVID-19,6,,,,
24,Care Home,F,45-64,Non-COVID-19,7,,,,
24,Care Home,M,65-74,Non-COVID-19,9,,,,
24,Care Home,F,65-74,Non-COVID-19,11,,,,
24,Care Home,M,75-84,Non-COVID-19,26,,,,
24,Care Home,F,75-84,Non-COVID-19,45,,,,
24,Care Home,M,85+,Non-COVID-19,21,,,,
24,Care Home,F,85+,Non-COVID-19,71,,,,
24,Home / Non-institution,F,15-44,COVID-19,1,,,,
24,Home / Non-institution,M,45-64,COVID-19,1,,,,
24,Home / Non-institution,M,65-74,COVID-19,1,,,,
24,Home / Non-institution,F,75-84,COVID-19,1,,,,
24,Home / Non-institution,F,85+,COVID-19,3,,,,
24,Home / Non-institution,F,15-44,Non-COVID-19,10,,,,
24,Home / Non-institution,M,15-44,Non-COVID-19,31,,,,
24,Home / Non-institution,F,45-64,Non-COVID-19,21,,,,
24,Home / Non-institution,M,45-64,Non-COVID-19,56,,,,
24,Home / Non-institution,F,65-74,Non-COVID-19,38,,,,
24,Home / Non-institution,M,65-74,Non-COVID-19,65,,,,
24,Home / Non-institution,F,75-84,Non-COVID-19,41,,,,
24,Home / Non-institution,M,75-84,Non-COVID-19,57,,,,
24,Home / Non-institution,M,85+,Non-COVID-19,32,,,,
24,Home / Non-institution,F,85+,Non-COVID-19,51,,,,
24,Hospital,M,45-64,COVID-19,1,,,,
24,Hospital,M,65-74,COVID-19,1,,,,
24,Hospital,F,65-74,COVID-19,2,,,,
24,Hospital,F,75-84,COVID-19,4,,,,
24,Hospital,M,75-84,COVID-19,9,,,,
24,Hospital,F,85+,COVID-19,10,,,,
24,Hospital,F,0,Non-COVID-19,1,,,,
24,Hospital,M,0,Non-COVID-19,1,,,,
24,Hospital,M,1-14,Non-COVID-19,1,,,,
24,Hospital,F,15-44,Non-COVID-19,3,,,,
24,Hospital,M,15-44,Non-COVID-19,4,,,,
24,Hospital,F,45-64,Non-COVID-19,21,,,,
24,Hospital,M,45-64,Non-COVID-19,26,,,,
24,Hospital,M,65-74,Non-COVID-19,35,,,,
24,Hospital,F,65-74,Non-COVID-19,41,,,,
24,Hospital,F,75-84,Non-COVID-19,51,,,,
24,Hospital,M,75-84,Non-COVID-19,64,,,,
24,Hospital,M,85+,Non-COVID-19,47,,,,
24,Hospital,F,85+,Non-COVID-19,67,,,,
24,Other institution,F,75-84,Non-COVID-19,2,,,,
25,Care Home,M,75-84,COVID-19,3,,,,
25,Care Home,M,85+,COVID-19,6,,,,
25,Care Home,F,85+,COVID-19,11,,,,
25,Care Home,F,45-64,Non-COVID-19,2,,,,
25,Care Home,M,45-64,Non-COVID-19,9,,,,
25,Care Home,M,65-74,Non-COVID-19,5,,,,
25,Care Home,F,65-74,Non-COVID-19,8,,,,
25,Care Home,M,75-84,Non-COVID-19,34,,,,
25,Care Home,F,75-84,Non-COVID-19,37,,,,
25,Care Home,M,85+,Non-COVID-19,36,,,,
25,Care Home,F,85+,Non-COVID-19,85,,,,
25,Home / Non-institution,F,75-84,COVID-19,1,,,,
25,Home / Non-institution,F,15-44,Non-COVID-19,11,,,,
25,Home / Non-institution,M,15-44,Non-COVID-19,28,,,,
25,Home / Non-institution,F,45-64,Non-COVID-19,30,,,,
25,Home / Non-institution,M,45-64,Non-COVID-19,52,,,,
25,Home / Non-institution,F,65-74,Non-COVID-19,27,,,,
25,Home / Non-institution,M,65-74,Non-COVID-19,46,,,,
25,Home / Non-institution,F,75-84,Non-COVID-19,52,,,,
25,Home / Non-institution,M,75-84,Non-COVID-19,52,,,,
25,Home / Non-institution,M,85+,Non-COVID-19,39,,,,
25,Home / Non-institution,F,85+,Non-COVID-19,53,,,,
25,Hospital,M,45-64,COVID-19,1,,,,
25,Hospital,F,45-64,COVID-19,2,,,,
25,Hospital,F,65-74,COVID-19,4,,,,
25,Hospital,M,75-84,COVID-19,4,,,,
25,Hospital,F,75-84,COVID-19,8,,,,
25,Hospital,F,85+,COVID-19,4,,,,
25,Hospital,M,85+,COVID-19,5,,,,
25,Hospital,F,0,Non-COVID-19,1,,,,
25,Hospital,M,0,Non-COVID-19,1,,,,
25,Hospital,F,15-44,Non-COVID-19,4,,,,
25,Hospital,M,15-44,Non-COVID-19,5,,,,
25,Hospital,F,45-64,Non-COVID-19,19,,,,
25,Hospital,M,45-64,Non-COVID-19,38,,,,
25,Hospital,M,65-74,Non-COVID-19,37,,,,
25,Hospital,F,65-74,Non-COVID-19,44,,,,
25,Hospital,F,75-84,Non-COVID-19,63,,,,
25,Hospital,M,75-84,Non-COVID-19,80,,,,
25,Hospital,M,85+,Non-COVID-19,51,,,,
25,Hospital,F,85+,Non-COVID-19,65,,,,
25,Other institution,M,65-74,Non-COVID-19,1,,,,
25,Other institution,F,85+,Non-COVID-19,1,,,,
26,Care Home,M,65-74,COVID-19,1,,,,
26,Care Home,M,75-84,COVID-19,1,,,,
26,Care Home,F,75-84,COVID-19,5,,,,
26,Care Home,M,85+,COVID-19,1,,,,
26,Care Home,F,85+,COVID-19,8,,,,
26,Care Home,M,15-44,Non-COVID-19,1,,,,
26,Care Home,F,45-64,Non-COVID-19,7,,,,
26,Care Home,M,45-64,Non-COVID-19,7,,,,
26,Care Home,M,65-74,Non-COVID-19,8,,,,
26,Care Home,F,65-74,Non-COVID-19,16,,,,
26,Care Home,M,75-84,Non-COVID-19,21,,,,
26,Care Home,F,75-84,Non-COVID-19,31,,,,
26,Care Home,M,85+,Non-COVID-19,37,,,,
26,Care Home,F,85+,Non-COVID-19,82,,,,
26,Home / Non-institution,M,45-64,COVID-19,2,,,,
26,Home / Non-institution,M,85+,COVID-19,1,,,,
26,Home / Non-institution,F,1-14,Non-COVID-19,1,,,,
26,Home / Non-institution,M,1-14,Non-COVID-19,1,,,,
26,Home / Non-institution,F,15-44,Non-COVID-19,9,,,,
26,Home / Non-institution,M,15-44,Non-COVID-19,27,,,,
26,Home / Non-institution,F,45-64,Non-COVID-19,24,,,,
26,Home / Non-institution,M,45-64,Non-COVID-19,35,,,,
26,Home / Non-institution,F,65-74,Non-COVID-19,22,,,,
26,Home / Non-institution,M,65-74,Non-COVID-19,56,,,,
26,Home / Non-institution,F,75-84,Non-COVID-19,61,,,,
26,Home / Non-institution,M,75-84,Non-COVID-19,67,,,,
26,Home / Non-institution,M,85+,Non-COVID-19,33,,,,
26,Home / Non-institution,F,85+,Non-COVID-19,40,,,,
26,Hospital,M,45-64,COVID-19,1,,,,
26,Hospital,M,65-74,COVID-19,3,,,,
26,Hospital,F,75-84,COVID-19,2,,,,
26,Hospital,M,75-84,COVID-19,4,,,,
26,Hospital,M,85+,COVID-19,2,,,,
26,Hospital,F,85+,COVID-19,4,,,,
26,Hospital,F,0,Non-COVID-19,1,,,,
26,Hospital,M,0,Non-COVID-19,2,,,,
26,Hospital,F,1-14,Non-COVID-19,1,,,,
26,Hospital,M,1-14,Non-COVID-19,3,,,,
26,Hospital,F,15-44,Non-COVID-19,2,,,,
26,Hospital,M,15-44,Non-COVID-19,7,,,,
26,Hospital,F,45-64,Non-COVID-19,24,,,,
26,Hospital,M,45-64,Non-COVID-19,38,,,,
26,Hospital,M,65-74,Non-COVID-19,29,,,,
26,Hospital,F,65-74,Non-COVID-19,36,,,,
26,Hospital,F,75-84,Non-COVID-19,62,,,,
26,Hospital,M,75-84,Non-COVID-19,66,,,,
26,Hospital,M,85+,Non-COVID-19,34,,,,
26,Hospital,F,85+,Non-COVID-19,79,,,,
26,Other institution,F,15-44,Non-COVID-19,1,,,,
26,Other institution,M,15-44,Non-COVID-19,1,,,,
26,Other institution,M,45-64,Non-COVID-19,1,,,,
27,Care Home,F,65-74,COVID-19,1,,,,
27,Care Home,F,75-84,COVID-19,2,,,,
27,Care Home,F,85+,COVID-19,2,,,,
27,Care Home,F,15-44,Non-COVID-19,1,,,,
27,Care Home,F,45-64,Non-COVID-19,5,,,,
27,Care Home,M,45-64,Non-COVID-19,6,,,,
27,Care Home,F,65-74,Non-COVID-19,7,,,,
27,Care Home,M,65-74,Non-COVID-19,8,,,,
27,Care Home,F,75-84,Non-COVID-19,19,,,,
27,Care Home,M,75-84,Non-COVID-19,22,,,,
27,Care Home,M,85+,Non-COVID-19,37,,,,
27,Care Home,F,85+,Non-COVID-19,70,,,,
27,Home / Non-institution,F,85+,COVID-19,1,,,,
27,Home / Non-institution,F,15-44,Non-COVID-19,11,,,,
27,Home / Non-institution,M,15-44,Non-COVID-19,24,,,,
27,Home / Non-institution,F,45-64,Non-COVID-19,26,,,,
27,Home / Non-institution,M,45-64,Non-COVID-19,60,,,,
27,Home / Non-institution,F,65-74,Non-COVID-19,33,,,,
27,Home / Non-institution,M,65-74,Non-COVID-19,59,,,,
27,Home / Non-institution,F,75-84,Non-COVID-19,40,,,,
27,Home / Non-institution,M,75-84,Non-COVID-19,51,,,,
27,Home / Non-institution,M,85+,Non-COVID-19,27,,,,
27,Home / Non-institution,F,85+,Non-COVID-19,55,,,,
27,Hospital,F,15-44,COVID-19,1,,,,
27,Hospital,M,45-64,COVID-19,2,,,,
27,Hospital,M,75-84,COVID-19,5,,,,
27,Hospital,M,85+,COVID-19,1,,,,
27,Hospital,F,85+,COVID-19,3,,,,
27,Hospital,F,0,Non-COVID-19,1,,,,
27,Hospital,M,0,Non-COVID-19,1,,,,
27,Hospital,M,15-44,Non-COVID-19,6,,,,
27,Hospital,F,15-44,Non-COVID-19,8,,,,
27,Hospital,F,45-64,Non-COVID-19,27,,,,
27,Hospital,M,45-64,Non-COVID-19,34,,,,
27,Hospital,F,65-74,Non-COVID-19,29,,,,
27,Hospital,M,65-74,Non-COVID-19,49,,,,
27,Hospital,F,75-84,Non-COVID-19,60,,,,
27,Hospital,M,75-84,Non-COVID-19,77,,,,
27,Hospital,M,85+,Non-COVID-19,42,,,,
27,Hospital,F,85+,Non-COVID-19,57,,,,
27,Other institution,M,15-44,Non-COVID-19,2,,,,
27,Other institution,F,45-64,Non-COVID-19,1,,,,
27,Other institution,F,65-74,Non-COVID-19,2,,,,
27,Other institution,M,65-74,Non-COVID-19,2,,,,
27,Other institution,F,75-84,Non-COVID-19,1,,,,
27,Other institution,M,75-84,Non-COVID-19,2,,,,
27,Other institution,F,85+,Non-COVID-19,3,,,,
28,Care Home,F,65-74,COVID-19,1,,,,
28,Care Home,F,75-84,COVID-19,1,,,,
28,Care Home,M,85+,COVID-19,1,,,,
28,Care Home,F,85+,COVID-19,4,,,,
28,Care Home,M,15-44,Non-COVID-19,1,,,,
28,Care Home,M,45-64,Non-COVID-19,5,,,,
28,Care Home,F,45-64,Non-COVID-19,8,,,,
28,Care Home,M,65-74,Non-COVID-19,5,,,,
28,Care Home,F,65-74,Non-COVID-19,15,,,,
28,Care Home,M,75-84,Non-COVID-19,26,,,,
28,Care Home,F,75-84,Non-COVID-19,32,,,,
28,Care Home,M,85+,Non-COVID-19,31,,,,
28,Care Home,F,85+,Non-COVID-19,69,,,,
28,Home / Non-institution,F,85+,COVID-19,1,,,,
28,Home / Non-institution,M,1-14,Non-COVID-19,1,,,,
28,Home / Non-institution,F,15-44,Non-COVID-19,8,,,,
28,Home / Non-institution,M,15-44,Non-COVID-19,28,,,,
28,Home / Non-institution,F,45-64,Non-COVID-19,25,,,,
28,Home / Non-institution,M,45-64,Non-COVID-19,50,,,,
28,Home / Non-institution,F,65-74,Non-COVID-19,36,,,,
28,Home / Non-institution,M,65-74,Non-COVID-19,54,,,,
28,Home / Non-institution,F,75-84,Non-COVID-19,38,,,,
28,Home / Non-institution,M,75-84,Non-COVID-19,48,,,,
28,Home / Non-institution,M,85+,Non-COVID-19,37,,,,
28,Home / Non-institution,F,85+,Non-COVID-19,48,,,,
28,Hospital,F,65-74,COVID-19,1,,,,
28,Hospital,M,75-84,COVID-19,3,,,,
28,Hospital,M,85+,COVID-19,1,,,,
28,Hospital,F,1-14,Non-COVID-19,1,,,,
28,Hospital,M,1-14,Non-COVID-19,1,,,,
28,Hospital,F,15-44,Non-COVID-19,6,,,,
28,Hospital,M,15-44,Non-COVID-19,6,,,,
28,Hospital,F,45-64,Non-COVID-19,23,,,,
28,Hospital,M,45-64,Non-COVID-19,34,,,,
28,Hospital,F,65-74,Non-COVID-19,37,,,,
28,Hospital,M,65-74,Non-COVID-19,45,,,,
28,Hospital,M,75-84,Non-COVID-19,57,,,,
28,Hospital,F,75-84,Non-COVID-19,69,,,,
28,Hospital,M,85+,Non-COVID-19,44,,,,
28,Hospital,F,85+,Non-COVID-19,68,,,,
28,Other institution,M,45-64,Non-COVID-19,1,,,,
28,Other institution,M,75-84,Non-COVID-19,3,,,,
28,Other institution,M,85+,Non-COVID-19,1,,,,
28,Other institution,F,85+,Non-COVID-19,2,,,,
29,Care Home,F,75-84,COVID-19,1,,,,
29,Care Home,F,85+,COVID-19,2,,,,
29,Care Home,F,15-44,Non-COVID-19,1,,,,
29,Care Home,F,45-64,Non-COVID-19,5,,,,
29,Care Home,M,45-64,Non-COVID-19,8,,,,
29,Care Home,F,65-74,Non-COVID-19,11,,,,
29,Care Home,M,65-74,Non-COVID-19,15,,,,
29,Care Home,M,75-84,Non-COVID-19,28,,,,
29,Care Home,F,75-84,Non-COVID-19,29,,,,
29,Care Home,M,85+,Non-COVID-19,41,,,,
29,Care Home,F,85+,Non-COVID-19,77,,,,
29,Home / Non-institution,F,15-44,Non-COVID-19,6,,,,
29,Home / Non-institution,M,15-44,Non-COVID-19,27,,,,
29,Home / Non-institution,F,45-64,Non-COVID-19,32,,,,
29,Home / Non-institution,M,45-64,Non-COVID-19,56,,,,
29,Home / Non-institution,M,65-74,Non-COVID-19,36,,,,
29,Home / Non-institution,F,65-74,Non-COVID-19,40,,,,
29,Home / Non-institution,F,75-84,Non-COVID-19,34,,,,
29,Home / Non-institution,M,75-84,Non-COVID-19,54,,,,
29,Home / Non-institution,M,85+,Non-COVID-19,39,,,,
29,Home / Non-institution,F,85+,Non-COVID-19,49,,,,
29,Hospital,F,75-84,COVID-19,1,,,,
29,Hospital,M,75-84,COVID-19,2,,,,
29,Hospital,F,0,Non-COVID-19,2,,,,
29,Hospital,M,0,Non-COVID-19,4,,,,
29,Hospital,M,1-14,Non-COVID-19,1,,,,
29,Hospital,F,15-44,Non-COVID-19,6,,,,
29,Hospital,M,15-44,Non-COVID-19,7,,,,
29,Hospital,F,45-64,Non-COVID-19,25,,,,
29,Hospital,M,45-64,Non-COVID-19,30,,,,
29,Hospital,F,65-74,Non-COVID-19,39,,,,
29,Hospital,M,65-74,Non-COVID-19,50,,,,
29,Hospital,M,75-84,Non-COVID-19,68,,,,
29,Hospital,F,75-84,Non-COVID-19,78,,,,
29,Hospital,M,85+,Non-COVID-19,48,,,,
29,Hospital,F,85+,Non-COVID-19,79,,,,
29,Other institution,F,85+,Non-COVID-19,2,,,,
30,Care Home,F,75-84,COVID-19,1,,,,
30,Care Home,M,75-84,COVID-19,1,,,,
30,Care Home,F,15-44,Non-COVID-19,1,,,,
30,Care Home,F,45-64,Non-COVID-19,4,,,,
30,Care Home,M,45-64,Non-COVID-19,5,,,,
30,Care Home,F,65-74,Non-COVID-19,6,,,,
30,Care Home,M,65-74,Non-COVID-19,8,,,,
30,Care Home,M,75-84,Non-COVID-19,28,,,,
30,Care Home,F,75-84,Non-COVID-19,35,,,,
30,Care Home,M,85+,Non-COVID-19,35,,,,
30,Care Home,F,85+,Non-COVID-19,86,,,,
30,Home / Non-institution,F,45-64,COVID-19,1,,,,
30,Home / Non-institution,M,75-84,COVID-19,1,,,,
30,Home / Non-institution,F,1-14,Non-COVID-19,1,,,,
30,Home / Non-institution,F,15-44,Non-COVID-19,11,,,,
30,Home / Non-institution,M,15-44,Non-COVID-19,28,,,,
30,Home / Non-institution,F,45-64,Non-COVID-19,31,,,,
30,Home / Non-institution,M,45-64,Non-COVID-19,47,,,,
30,Home / Non-institution,F,65-74,Non-COVID-19,30,,,,
30,Home / Non-institution,M,65-74,Non-COVID-19,40,,,,
30,Home / Non-institution,M,75-84,Non-COVID-19,46,,,,
30,Home / Non-institution,F,75-84,Non-COVID-19,55,,,,
30,Home / Non-institution,M,85+,Non-COVID-19,36,,,,
30,Home / Non-institution,F,85+,Non-COVID-19,43,,,,
30,Hospital,F,75-84,COVID-19,1,,,,
30,Hospital,M,75-84,COVID-19,1,,,,
30,Hospital,F,85+,COVID-19,2,,,,
30,Hospital,M,0,Non-COVID-19,1,,,,
30,Hospital,F,1-14,Non-COVID-19,1,,,,
30,Hospital,F,15-44,Non-COVID-19,2,,,,
30,Hospital,M,15-44,Non-COVID-19,7,,,,
30,Hospital,F,45-64,Non-COVID-19,31,,,,
30,Hospital,M,45-64,Non-COVID-19,33,,,,
30,Hospital,F,65-74,Non-COVID-19,22,,,,
30,Hospital,M,65-74,Non-COVID-19,53,,,,
30,Hospital,F,75-84,Non-COVID-19,63,,,,
30,Hospital,M,75-84,Non-COVID-19,64,,,,
30,Hospital,M,85+,Non-COVID-19,41,,,,
30,Hospital,F,85+,Non-COVID-19,52,,,,
30,Other institution,M,15-44,Non-COVID-19,1,,,,
30,Other institution,F,45-64,Non-COVID-19,1,,,,
30,Other institution,F,65-74,Non-COVID-19,1,,,,
30,Other institution,M,65-74,Non-COVID-19,1,,,,
30,Other institution,F,75-84,Non-COVID-19,2,,,,
30,Other institution,M,85+,Non-COVID-19,1,,,,
31,Care Home,M,45-64,COVID-19,1,,,,
31,Care Home,F,85+,COVID-19,1,,,,
31,Care Home,F,15-44,Non-COVID-19,1,,,,
31,Care Home,M,15-44,Non-COVID-19,2,,,,
31,Care Home,F,45-64,Non-COVID-19,7,,,,
31,Care Home,M,45-64,Non-COVID-19,7,,,,
31,Care Home,M,65-74,Non-COVID-19,9,,,,
31,Care Home,F,65-74,Non-COVID-19,11,,,,
31,Care Home,M,75-84,Non-COVID-19,25,,,,
31,Care Home,F,75-84,Non-COVID-19,32,,,,
31,Care Home,M,85+,Non-COVID-19,40,,,,
31,Care Home,F,85+,Non-COVID-19,77,,,,
31,Home / Non-institution,M,65-74,COVID-19,1,,,,
31,Home / Non-institution,F,15-44,Non-COVID-19,7,,,,
31,Home / Non-institution,M,15-44,Non-COVID-19,26,,,,
31,Home / Non-institution,F,45-64,Non-COVID-19,33,,,,
31,Home / Non-institution,M,45-64,Non-COVID-19,57,,,,
31,Home / Non-institution,F,65-74,Non-COVID-19,29,,,,
31,Home / Non-institution,M,65-74,Non-COVID-19,46,,,,
31,Home / Non-institution,M,75-84,Non-COVID-19,51,,,,
31,Home / Non-institution,F,75-84,Non-COVID-19,63,,,,
31,Home / Non-institution,M,85+,Non-COVID-19,19,,,,
31,Home / Non-institution,F,85+,Non-COVID-19,49,,,,
31,Hospital,F,45-64,COVID-19,1,,,,
31,Hospital,M,75-84,COVID-19,1,,,,
31,Hospital,F,75-84,COVID-19,2,,,,
31,Hospital,F,0,Non-COVID-19,1,,,,
31,Hospital,F,1-14,Non-COVID-19,1,,,,
31,Hospital,M,1-14,Non-COVID-19,2,,,,
31,Hospital,M,15-44,Non-COVID-19,2,,,,
31,Hospital,F,15-44,Non-COVID-19,7,,,,
31,Hospital,F,45-64,Non-COVID-19,25,,,,
31,Hospital,M,45-64,Non-COVID-19,43,,,,
31,Hospital,F,65-74,Non-COVID-19,43,,,,
31,Hospital,M,65-74,Non-COVID-19,53,,,,
31,Hospital,M,75-84,Non-COVID-19,65,,,,
31,Hospital,F,75-84,Non-COVID-19,69,,,,
31,Hospital,M,85+,Non-COVID-19,56,,,,
31,Hospital,F,85+,Non-COVID-19,74,,,,
31,Other institution,M,45-64,Non-COVID-19,1,,,,
31,Other institution,F,75-84,Non-COVID-19,1,,,,
31,Other institution,M,85+,Non-COVID-19,2,,,,
32,Care Home,F,75-84,COVID-19,1,,,,
32,Care Home,F,85+,COVID-19,1,,,,
32,Care Home,M,15-44,Non-COVID-19,1,,,,
32,Care Home,F,15-44,Non-COVID-19,4,,,,
32,Care Home,F,45-64,Non-COVID-19,5,,,,
32,Care Home,M,45-64,Non-COVID-19,10,,,,
32,Care Home,F,65-74,Non-COVID-19,13,,,,
32,Care Home,M,65-74,Non-COVID-19,18,,,,
32,Care Home,M,75-84,Non-COVID-19,23,,,,
32,Care Home,F,75-84,Non-COVID-19,29,,,,
32,Care Home,M,85+,Non-COVID-19,24,,,,
32,Care Home,F,85+,Non-COVID-19,79,,,,
32,Home / Non-institution,F,65-74,COVID-19,1,,,,
32,Home / Non-institution,F,15-44,Non-COVID-19,7,,,,
32,Home / Non-institution,M,15-44,Non-COVID-19,25,,,,
32,Home / Non-institution,F,45-64,Non-COVID-19,26,,,,
32,Home / Non-institution,M,45-64,Non-COVID-19,51,,,,
32,Home / Non-institution,F,65-74,Non-COVID-19,28,,,,
32,Home / Non-institution,M,65-74,Non-COVID-19,50,,,,
32,Home / Non-institution,M,75-84,Non-COVID-19,55,,,,
32,Home / Non-institution,F,75-84,Non-COVID-19,61,,,,
32,Home / Non-institution,M,85+,Non-COVID-19,24,,,,
32,Home / Non-institution,F,85+,Non-COVID-19,40,,,,
32,Hospital,F,75-84,COVID-19,1,,,,
32,Hospital,F,85+,COVID-19,1,,,,
32,Hospital,M,15-44,Non-COVID-19,5,,,,
32,Hospital,F,15-44,Non-COVID-19,6,,,,
32,Hospital,M,45-64,Non-COVID-19,27,,,,
32,Hospital,F,45-64,Non-COVID-19,31,,,,
32,Hospital,F,65-74,Non-COVID-19,38,,,,
32,Hospital,M,65-74,Non-COVID-19,59,,,,
32,Hospital,F,75-84,Non-COVID-19,57,,,,
32,Hospital,M,75-84,Non-COVID-19,72,,,,
32,Hospital,M,85+,Non-COVID-19,47,,,,
32,Hospital,F,85+,Non-COVID-19,74,,,,
32,Other institution,M,45-64,Non-COVID-19,1,,,,
32,Other institution,M,65-74,Non-COVID-19,1,,,,
32,Other institution,F,75-84,Non-COVID-19,2,,,,
32,Other institution,M,75-84,Non-COVID-19,3,,,,
32,Other institution,M,85+,Non-COVID-19,1,,,,
,,,,,,,,,
� Crown Copyright 2020,,,,,,,,,
