"Figure 4: Excess Deaths  by underlying cause of death1 and location, week 12 to most recent, 2020",,,,,,,,,,,,
,,,,,,,,,,,,
Location of death,Hospital,Care Home,Home/ Non-institution,Other institution,,,,,,,,
,,,,,,,,,,,,
Registered deaths: five year average,,,,,,,,,,,,
,,,,,,,,,,,,
Cancer,"4,873","2,283","3,181",66,,,,,,,,
Dementia / Alzheimer's,773,"2,459",321,28,,,,,,,,
Circulatory,"4,790","1,574","2,871",22,,,,,,,,
Respiratory,"2,493",650,764,7,,,,,,,,
Other,"4,540","1,149","2,509",29,,,,,,,,
All,"17,474","8,122","9,645",151,,,,,,,,
Registered deaths: 2020,,,,,,,,,,,,
,,,,,,,,,,,,
Cancer,"3,777","1,936","4,709",47,,,,,,,,
Dementia / Alzheimer's,584,"2,735",575,29,,,,,,,,
Circulatory,"4,086","1,648","3,809",30,,,,,,,,
Respiratory,"1,694",569,883,10,,,,,,,,
COVID-19,"2,192","2,004",267,9,,,,,,,,
Other,"4,302","1,449","3,543",42,,,,,,,,
All,"16,635","10,341","13,786",167,,,,,,,,
Difference,,,,,,,,,,,,
,,,,,,,,,,,,
Cancer,"-1,096",-347,"1,528",-19,,,,,,,,
Dementia / Alzheimer's,-189,276,254,1,,,,,,,,
Circulatory,-704,74,938,8,,,,,,,,
Respiratory,-799,-81,119,3,,,,,,,,
COVID-19,"2,192","2,004",267,9,,,,,,,,
Other,-238,300,"1,034",13,,,,,,,,
All,-839,"2,219","4,141",16,,,,,,,,
,,,,,,,,,,,,
Footnote,,,,,,,,,,,,
1) The ICD 10 codes for disease categories are as follows:,,,,,,,,,,,,
Cancer: C00-C97,,,,,,,,,,,,
"Dementia and Alzheimer's: F01, F03 and G30",,,,,,,,,,,,
Circulatory: I00:I99,,,,,,,,,,,,
Respiratory: J00-J99,,,,,,,,,,,,
COVID-19: U07,,,,,,,,,,,,
,,,,,,,,,,,,
� Crown Copyright 2020,,,,,,,,,,,,
