"Figure 7: Age standardised rates1,2,3,4 for deaths involving COVID-195 by sex, between 1st March 2020 and 31st October 20206",,,,,,,,,,,,,,,,,,,,,,,,,,,,,,,,,,,,,,,,,,
,,,,,,,,,,,,,,,,,,,,,,,,,,,,,,,,,,,,,,,,,,
,March,,,April,,,May,,,June,,,July,,,August,,,September,,,October,,,Combined March to Oct,,,,,,,,,,,,,,,,,
,age standardised rate,lower confidence interval,upper confidence interval,age standardised rate,lower confidence interval,upper confidence interval,age standardised rate,lower confidence interval,upper confidence interval,age standardised rate,lower confidence interval,upper confidence interval,age standardised rate,lower confidence interval,upper confidence interval,age standardised rate,lower confidence interval,upper confidence interval,age standardised rate,lower confidence interval,upper confidence interval,age standardised rate,lower confidence interval,upper confidence interval,age standardised rate,lower confidence interval,upper confidence interval,,,,,,,,,,,,,,,
,,,,,,,,,,,,,,,,,,,,,,,,,,,,,,,,,,,,,,,,,,
,,,,,,,,,,,,,,,,,,,,,,,,,,,,,,,,,,,,,,,,,,
All deaths involving COVID-195,,,,,,,,,,,,,,,,,,,,,,,,,,,,,,,,,,,,,,,,,,
,,,,,,,,,,,,,,,,,,,,,,,,,,,,,,,,,,,,,,,,,,
,,,,,,,,,,,,,,,,,,,,,,,,,,,,,,,,,,,,,,,,,,
Persons,65.2,57.8,72.6,583.1,560.9,605.2,267.6,252.5,282.7,46.5,40.0,53.1,8.4,5.7,11.1,4.5,2.5,6.5,10.1,7.1,13.1,102.2,92.9,111.4,134.8,130.9,138.6,7.4,22.2,15.1,6.5,2.7,2.0,3.0,9.3,3.9,,,,,,
Females,47.2,38.9,55.5,479.2,453.1,505.2,239.0,220.7,257.3,44.3,36.1,52.5,9.0,5.4,12.7,4.9,2.2,7.5,6.2,3.1,9.2,78.7,68.0,89.4,112.7,108.1,117.2,8.3,26.1,18.3,8.2,3.6,2.7,3.1,10.7,4.6,,,,,,
Males,87.7,74.4,101.1,719.4,680.4,758.3,305.8,279.8,331.8,49.6,38.6,60.5,7.1,3.1,11.1,3.6,0.8,6.4,15.2,9.4,21.0,134.0,117.5,150.6,163.7,157.0,170.4,13.3,39.0,26.0,11.0,4.0,2.8,5.8,16.5,6.7,,,,,,
Deaths where COVID-19 was the underlying cause,,,,,,,,,,,,,,,,,,,,,,,,,,,,,,,,,,,,,,,,,,
,,,,,,,,,,,,,,,,,,,,,,,,,,,,,,,,,,,,,,,,,,
,,,,,,,,,,,,,,,,,,,,,,,,,,,,,,,,,,,,,,,,,,
Persons,58.4,51.4,65.5,561.4,539.6,583.2,242.7,228.3,257.0,35.8,30.1,41.5,3.6,1.8,5.4,2.3,0.9,3.7,8.1,5.4,10.8,92.5,83.7,101.4,124.4,120.7,128.1,7.0,21.8,14.4,5.7,1.8,1.4,2.7,8.8,3.7,,,,,,
Females,42.2,34.3,50.1,460.7,435.1,486.2,215.8,198.4,233.2,35.2,27.9,42.5,4.1,1.7,6.6,3.0,0.9,5.2,4.6,2.0,7.2,68.6,58.6,78.6,103.4,99.0,107.7,7.9,25.6,17.4,7.3,2.4,2.1,2.6,10.0,4.4,,,,,,
Males,79.0,66.2,91.7,694.5,656.2,732.8,277.7,252.9,302.6,36.6,27.1,46.1,2.9,0.3,5.5,0.9,-0.4,2.2,12.8,7.4,18.2,125.0,109.0,141.0,152.1,145.6,158.6,12.8,38.3,24.8,9.5,2.6,1.3,5.4,16.0,6.5,,,,,,
,,,,,,,,,,,,,,,,,,,,,,,,,,,,,,,,,,,,,,,,,,
Footnotes:,,,,,,,,,,,,,,,,,,,,,,,,,,,,,,,,,,,,,,,,,,
"1) Age-standardised mortality rates are presented per 100,000 people and standardised to the 2013 European Standard Population. Age-standardised mortality rates allow for differences in the age structure of populations and therefore allow valid comparisons to be made between geographical areas, the sexes and over time. ",,,,,,,,,,,,,,,,,,,,,,,,,,,,,,,,,,,,,,,,,,
,,,,,,,,,,,,,,,,,,,,,,,,,,,,,,,,,,,,,,,,,,
"2) The lower and upper 95% confidence limits have been provided. These form a confidence interval, which is a measure of the statistical precision of an estimate and shows the range of uncertainty around the estimated figure. Calculations based on small numbers of events are often subject to random fluctuations. As a general rule, if the confidence interval around one figure overlaps with the interval around another, we cannot say with certainty that there is more than a chance difference between the two figures.",,,,,,,,,,,,,,,,,,,,,,,,,,,,,,,,,,,,,,,,,,
,,,,,,,,,,,,,,,,,,,,,,,,,,,,,,,,,,,,,,,,,,
,,,,,,,,,,,,,,,,,,,,,,,,,,,,,,,,,,,,,,,,,,
3) Monthly populations have been calculated by interpolating between annual population estimates and  projections. ,,,,,,,,,,,,,,,,,,,,,,,,,,,,,,,,,,,,,,,,,,
4) Numbers are provisional and subject to future revision.,,,,,,,,,,,,,,,,,,,,,,,,,,,,,,,,,,,,,,,,,,
"5) All deaths where COVID-19 is mentioned on the death certificate, whether as the underlying cause or a contributory cause.",,,,,,,,,,,,,,,,,,,,,,,,,,,,,,,,,,,,,,,,,,
6) Figures are for deaths occurring between 1 March 2020 and 31 October 2020. Figures only include deaths that were registered by 4 November 2020. More information on registration delays can be found on the NRS website:,,,,,,,,,,,,,,,,,,,,,,,,,,,,,,,,,,,,,,,,,,
,,,,,,,,,,,,,,,,,,,,,,,,,,,,,,,,,,,,,,,,,,
,,,,,,,,,,,,,,,,,,,,,,,,,,,,,,,,,,,,,,,,,,
� Crown Copyright 2020,,,,,,,,,,,,,,,,,,,,,,,,,,,,,,,,,,,,,,,,,,
