"Figure 10: Main pre-existing medical condition in deaths involving COVID-19, by age and sex,  between 1st March 2020 and 31st October 20201",,,,,,,,,,,,,,
,,,,,,,,,,,,,,
Month,Pre-existing condition,Number of COVID-19 deaths,Proportion of all COVID-19 deaths,,,,,,,,,,,
,,,,,,,,,,,,,,
Males under 65,none, 51 ,18%,,,,,,,,,,,
,Diseases of the urinary system, 11 ,4%,,,,,,,,,,,
,Cirrhosis and other disease of liver, 20 ,7%,,,,,,,,,,,
,Ischaemic heart diseases, 28 ,10%,,,,,,,,,,,
,Chronic lower respiratory diseases, 29 ,10%,,,,,,,,,,,
,Diabetes, 36 ,13%,,,,,,,,,,,
,Total Deaths, 280 ,,,,,,,,,,,,
,,,,,,,,,,,,,,
Males 65+,none, 142 ,7%,,,,,,,,,,,
,Diabetes, 101 ,5%,,,,,,,,,,,
,Cerebrovascular disease, 151 ,7%,,,,,,,,,,,
,Chronic lower respiratory diseases, 195 ,9%,,,,,,,,,,,
,Ischaemic heart diseases, 409 ,19%,,,,,,,,,,,
,Dementia and Alzheimer's Disease, 534 ,25%,,,,,,,,,,,
,Total Deaths," 2,106 ",,,,,,,,,,,,
,,,,,,,,,,,,,,
Females under 65,none, 23 ,15%,,,,,,,,,,,
,Influenza and pneumonia, 8 ,5%,,,,,,,,,,,
,Cirrhosis and other disease of liver, 10 ,6%,,,,,,,,,,,
,Ischaemic heart diseases, 14 ,9%,,,,,,,,,,,
,Diabetes, 14 ,9%,,,,,,,,,,,
,Chronic lower respiratory diseases, 30 ,19%,,,,,,,,,,,
,Total Deaths, 155 ,,,,,,,,,,,,
,,,,,,,,,,,,,,
Females 65+,none, 160 ,7%,,,,,,,,,,,
,"Symptoms, signs and ill-defined conditions", 105 ,5%,,,,,,,,,,,
,Cerebrovascular disease, 125 ,6%,,,,,,,,,,,
,Ischaemic heart diseases, 160 ,7%,,,,,,,,,,,
,Chronic lower respiratory diseases, 263 ,12%,,,,,,,,,,,
,Dementia and Alzheimer's Disease, 888 ,40%,,,,,,,,,,,
,Total Deaths," 2,202 ",,,,,,,,,,,,
,,,,,,,,,,,,,,
Note:,,,,,,,,,,,,,,
Further information on pre-existing conditions can be found in the publication.,,,,,,,,,,,,,,
1) Figures are for deaths occurring between 1 March 2020 and 30 September 2020. Figures only include deaths that were registered by 8 October. More information on registration delays can be found on the NRS website:,,,,,,,,,,,,,,
,,,,,,,,,,,,,,
,,,,,,,,,,,,,,
� Crown Copyright 2020,,,,,,,,,,,,,,
,,,,,,,,,,,,,,
,,,,,,,,,,,,,,
,,,,,,,,,,,,,,
,,,,,,,,,,,,,,
,,,,,,,,,,,,,,
,,,,,,,,,,,,,,
,,,,,,,,,,,,,,
,,,,,,,,,,,,,,
,,,,,,,,,,,,,,
