"Figure 6: Excess Deaths  by underlying cause of death1 and location, week 12 to 32, 2020",,,,,,,,,,,,
,,,,,,,,,,,,
Location of death,Hospital,Care Home,Home/ Non-institution,Other institution,,,,,,,,
,,,,,,,,,,,,
Registered deaths: five year average,,,,,,,,,,,,
,,,,,,,,,,,,
Cancer,"2,943","1,394","1,962",41,,,,,,,,
Dementia / Alzheimer's,477,"1,515",198,16,,,,,,,,
Circulatory,"2,993",981,"1,788",13,,,,,,,,
Respiratory,"1,605",408,484,3,,,,,,,,
Other,"2,828",710,"1,570",18,,,,,,,,
All,"10,844","5,008","6,003",91,,,,,,,,
Registered deaths: 2020,,,,,,,,,,,,
,,,,,,,,,,,,
Cancer,"2,217","1,182","3,053",23,,,,,,,,
Dementia / Alzheimer's,308,"1,868",391,19,,,,,,,,
Circulatory,"2,460","1,079","2,462",19,,,,,,,,
Respiratory,"1,038",385,582,5,,,,,,,,
COVID-19,"1,783","1,875",241,7,,,,,,,,
Other,"2,579",954,"2,280",26,,,,,,,,
All,"10,385","7,343","9,009",99,,,,,,,,
Difference,,,,,,,,,,,,
,,,,,,,,,,,,
Cancer,-726,-212,"1,091",-18,,,,,,,,
Dementia / Alzheimer's,-169,353,193,3,,,,,,,,
Circulatory,-533,98,674,6,,,,,,,,
Respiratory,-567,-23,98,2,,,,,,,,
COVID-19,"1,783","1,875",241,7,,,,,,,,
Other,-249,244,710,8,,,,,,,,
All,-459,"2,335","3,006",8,,,,,,,,
,,,,,,,,,,,,
Footnote,,,,,,,,,,,,
1) The ICD 10 codes for disease categories are as follows:,,,,,,,,,,,,
Cancer: C00-C97,,,,,,,,,,,,
"Dementia and Alzheimer's: F01, F03 and G30",,,,,,,,,,,,
Circulatory: I00:I99,,,,,,,,,,,,
Respiratory: J00-J99,,,,,,,,,,,,
COVID-19: U07,,,,,,,,,,,,
,,,,,,,,,,,,
� Crown Copyright 2020,,,,,,,,,,,,
