"Table 3: Provisional1 figures on deaths registered2 in Scotland by location and area of usual residence, 2020 up to 9th August (week 32)",,,,,,,,,,,,,
,,,,,,,,,,,,,
,Deaths where COVID-19 was mentioned on the death certificate,,,,,,Deaths from all causes,,,,,,
,"Care
Home",Home / Non-institution,Hospital,"Other
institution3",All locations,,"Care
Home",Home / Non-institution,Hospital,"Other
institution3",All locations,,
,,,,,,,,,,,,,
,,,,,,,,,,,,,
,,,,,,,,,,,,,
All areas,"1,956",295,"1,955",7,"4,213",,"10,515","12,820","16,926",156,"40,417",,
,,,,,,,,,,,,,
Deaths by NHS Board of usual residence 4,,,,,,,,,,,,,
,,,,,,,,,,,,,
Ayrshire and Arran,133,20,141,0,294,,777,979,"1,482",4,"3,242",,
Borders,13,7,54,0,74,,159,255,429,76,919,,
Dumfries and Galloway,9,1,37,0,47,,243,426,609,0,"1,278",,
Fife,75,18,110,0,203,,619,853,"1,168",1,"2,641",,
Forth Valley,123,24,95,0,242,,640,737,888,7,"2,272",,
Grampian,121,28,111,0,260,,930,"1,205","1,625",3,"3,763",,
Greater Glasgow and Clyde,618,66,650,5,"1,339",,"2,594","2,864","3,683",19,"9,160",,
Highland,39,15,61,0,115,,588,892,971,0,"2,451",,
Lanarkshire,238,51,295,2,586,,"1,241","1,727","2,167",21,"5,156",,
Lothian,425,38,265,0,728,,"1,672","1,654","2,322",1,"5,649",,
Orkney,0,0,2,0,2,,20,86,39,0,145,,
Shetland,5,0,2,0,7,,55,40,41,0,136,,
Tayside,157,27,132,0,316,,894,"1,034","1,427",24,"3,379",,
Western Isles,0,0,0,0,0,,83,68,75,0,226,,
,,,,,,,,,,,,,
Deaths by Council Area of usual residence4,,,,,,,,,,,,,
,,,,,,,,,,,,,
Aberdeen City,61,7,55,0,123,,347,407,669,1,"1,424",,
Aberdeenshire,58,15,44,0,117,,449,530,687,2,"1,668",,
Angus,51,5,20,0,76,,257,303,369,0,929,,
Argyll and Bute,23,8,33,0,64,,146,302,301,0,749,,
City of Edinburgh,251,18,159,0,428,,"1,019",871,"1,211",0,"3,101",,
Clackmannanshire,35,1,12,0,48,,133,112,149,3,397,,
Dumfries and Galloway,9,1,37,0,47,,243,426,609,0,"1,278",,
Dundee City,85,16,69,0,170,,296,403,570,1,"1,270",,
East Ayrshire,34,5,36,0,75,,201,344,454,3,"1,002",,
East Dunbartonshire,93,4,41,0,138,,293,231,310,0,834,,
East Lothian,54,4,24,0,82,,215,212,314,0,741,,
East Renfrewshire,48,5,48,0,101,,203,180,266,1,650,,
Falkirk,69,15,55,0,139,,335,419,511,1,"1,266",,
Fife,75,18,110,0,203,,619,853,"1,168",1,"2,641",,
Glasgow City,279,30,336,5,650,,"1,217","1,486","1,854",13,"4,570",,
Highland,16,7,28,0,51,,442,590,670,0,"1,702",,
Inverclyde,40,13,67,0,120,,233,258,355,0,846,,
Midlothian,75,5,38,0,118,,193,176,276,0,645,,
Moray,2,6,12,0,20,,134,268,269,0,671,,
Na h-Eileanan Siar,0,0,0,0,0,,83,68,75,0,226,,
North Ayrshire,48,10,49,0,107,,270,363,550,1,"1,184",,
North Lanarkshire,95,22,152,1,270,,531,904,"1,130",12,"2,577",,
Orkney Islands,0,0,2,0,2,,20,86,39,0,145,,
Perth and Kinross,21,6,43,0,70,,341,328,488,23,"1,180",,
Renfrewshire,99,9,98,0,206,,456,422,594,5,"1,477",,
Scottish Borders,13,7,54,0,74,,159,255,429,76,919,,
Shetland Islands,5,0,2,0,7,,55,40,41,0,136,,
South Ayrshire,51,5,56,0,112,,306,272,478,0,"1,056",,
South Lanarkshire,143,29,143,1,316,,710,823,"1,037",9,"2,579",,
Stirling,19,8,28,0,55,,172,206,228,3,609,,
West Dunbartonshire,59,5,60,0,124,,192,287,304,0,783,,
West Lothian,45,11,44,0,100,,245,395,521,1,1162,,
,,,,,,,,,,,,,
,,,,,,,,,,,,,
Footnotes,,,,,,,,,,,,,
1) Figures are provisional and subject to change.,,,,,,,,,,,,,
"2) Figures are based on date of registration.  In Scotland deaths must be registered within 8 days although in practice, the average time between death and registration is around 3 days. More information on days between occurrence and registration can be found on the NRS website.",,,,,,,,,,,,,
,,,,,,,,,,,,,
"3) Other institutions include clinics, medical centres, prisons and schools.",,,,,,,,,,,,,
"4) Figures include non-residents.  Deaths are allocated to area based on the usual residence of the deceased.  If the deceased was not a Scottish resident, the death is allocated to the area where the death occurred.",,,,,,,,,,,,,
,,,,,,,,,,,,,
Source: National Records of Scotland.,,,,,,,,,,,,,
,,,,,,,,,,,,,
� Crown Copyright 2020,,,,,,,,,,,,,
