"Figure 3a: COVID-19 deaths registered between weeks 1 and 32, 2020 by age group, Scotland",,,,,,,,,,,,,
"Figure 3b: All deaths registered between weeks 1 and 32, 2020 by age group, Scotland",,,,,,,,,,,,,
,,,,,,,,,,,,,
,Total deaths to date,Proportions,Covid deaths to date,Proportions,,,,,,,,,
Under 1 year,89,0%,0,0%,,,,,,,,,
01-14,54,0%,0,0%,,,,,,,,,
15-44,"1,475",4%,28,1%,,,,,,,,,
45-64,"5,618",14%,348,8%,,,,,,,,,
65-74,"7,241",18%,602,14%,,,,,,,,,
75-84,"12,105",30%,"1,411",33%,,,,,,,,,
85+,"13,835",34%,"1,824",43%,,,,,,,,,
,,,,,,,,,,,,,
� Crown Copyright 2020,,,,,,,,,,,,,
